{
  "step": 1370,
  "n_draws": 30,
  "draw_seeds": [
    13700,
    13701,
    13702,
    13703,
    13704,
    13705,
    13706,
    13707,
    13708,
    13709,
    13710,
    13711,
    13712,
    13713,
    13714,
    13715,
    13716,
    13717,
    13718,
    13719,
    13720,
    13721,
    13722,
    13723,
    13724,
    13725,
    13726,
    13727,
    13728,
    13729
  ],
  "max_steps_used": 2000,
  "ms_per_step_rollout": 0.6,
  "mlp_tp_baseline": 4.59e-05,
  "conditions": {
    "ROLLOUT-ARGMAX": {
      "chain_mean_rhae": 1.8e-05,
      "nonzero_draws": 5,
      "rhae_per_draw": [
        2e-05,
        0.0,
        0.0,
        0.0,
        0.0,
        0.0,
        0.0,
        0.0,
        0.0,
        0.0,
        0.0,
        0.0,
        0.000216,
        0.0,
        0.0,
        0.0,
        0.0,
        0.0,
        0.0,
        7.2e-05,
        0.0,
        0.000202,
        0.0,
        0.0,
        0.0,
        2.9e-05,
        0.0,
        0.0,
        0.0,
        0.0
      ]
    },
    "SSM-DISCONNECTED": {
      "chain_mean_rhae": 2.6e-06,
      "nonzero_draws": 2,
      "rhae_per_draw": [
        2.5e-05,
        0.0,
        0.0,
        0.0,
        0.0,
        0.0,
        5.2e-05,
        0.0,
        0.0,
        0.0,
        0.0,
        0.0,
        0.0,
        0.0,
        0.0,
        0.0,
        0.0,
        0.0,
        0.0,
        0.0,
        0.0,
        0.0,
        0.0,
        0.0,
        0.0,
        0.0,
        0.0,
        0.0,
        0.0,
        0.0
      ]
    }
  },
  "paired_rollout_wins": 4,
  "paired_disc_wins": 2,
  "paired_ties": 24,
  "monotonic_verdict": "NOT_MONOTONIC"
}