{
  "step": 1381,
  "n_draws": 30,
  "n_diag": 10,
  "draw_seeds": [
    14020,
    14021,
    14022,
    14023,
    14024,
    14025,
    14026,
    14027,
    14028,
    14029,
    14030,
    14031,
    14032,
    14033,
    14034,
    14035,
    14036,
    14037,
    14038,
    14039,
    14040,
    14041,
    14042,
    14043,
    14044,
    14045,
    14046,
    14047,
    14048,
    14049
  ],
  "max_steps_used": 2000,
  "ms_per_step": 0.12,
  "mlp_tp_baseline": 4.59e-05,
  "conditions": {
    "INV": {
      "chain_mean_rhae": 3.92e-05,
      "nonzero_draws": 5,
      "pred_loss_mean": 0.775758,
      "inv_acc_mean": 0.0214,
      "rhae_per_draw": [
        6e-05,
        0.0,
        0.0,
        0.0,
        0.000168,
        0.00085,
        0.0,
        0.0,
        0.0,
        0.0,
        0.0,
        0.0,
        0.0,
        0.0,
        0.0,
        0.0,
        0.0,
        0.0,
        0.0,
        0.0,
        0.0,
        0.0,
        0.0,
        0.0,
        0.0,
        0.0,
        0.0,
        8.6e-05,
        1.3e-05,
        0.0
      ],
      "pred_per_draw": [
        0.779992,
        0.773906,
        1.028931,
        0.694525,
        0.777764,
        0.824213,
        0.695895,
        0.744024,
        0.726213,
        0.998923,
        0.791928,
        0.713505,
        0.717999,
        0.735609,
        0.735495,
        0.745809,
        0.738595,
        0.781824,
        0.736336,
        0.707062,
        0.709612,
        0.708621,
        0.714425,
        0.975093,
        0.737944,
        0.704085,
        0.968325,
        0.80988,
        0.77975,
        0.716464
      ]
    },
    "FWD": {
      "chain_mean_rhae": 3.92e-05,
      "nonzero_draws": 5,
      "pred_loss_mean": 0.775766,
      "inv_acc_mean": null,
      "rhae_per_draw": [
        6e-05,
        0.0,
        0.0,
        0.0,
        0.000168,
        0.00085,
        0.0,
        0.0,
        0.0,
        0.0,
        0.0,
        0.0,
        0.0,
        0.0,
        0.0,
        0.0,
        0.0,
        0.0,
        0.0,
        0.0,
        0.0,
        0.0,
        0.0,
        0.0,
        0.0,
        0.0,
        0.0,
        8.6e-05,
        1.3e-05,
        0.0
      ],
      "pred_per_draw": [
        0.780172,
        0.773906,
        1.028931,
        0.694525,
        0.777764,
        0.824213,
        0.695895,
        0.744024,
        0.726213,
        0.998923,
        0.791928,
        0.713505,
        0.717999,
        0.735665,
        0.735495,
        0.745809,
        0.738595,
        0.781824,
        0.736336,
        0.707062,
        0.709612,
        0.708621,
        0.714425,
        0.975093,
        0.737944,
        0.704085,
        0.968325,
        0.80988,
        0.77975,
        0.716464
      ]
    },
    "INV_MASKED": {
      "chain_mean_rhae": 0.0001078,
      "nonzero_draws": 3,
      "pred_loss_mean": 0.804448,
      "inv_acc_mean": 0.0198,
      "rhae_per_draw": [
        6e-05,
        0.0,
        0.0,
        0.0,
        0.000168,
        0.00085,
        0.0,
        0.0,
        0.0,
        0.0
      ],
      "pred_per_draw": [
        0.780567,
        0.773908,
        1.028933,
        0.694525,
        0.777773,
        0.824215,
        0.695781,
        0.743636,
        0.726213,
        0.998925
      ],
      "n_draws": 10
    }
  },
  "action_blind_diagnostic": {
    "inv_pred_loss_diag": 0.804439,
    "masked_pred_loss_diag": 0.804448,
    "ratio": 0.999989,
    "verdict": "ACTION_BLIND"
  },
  "rhae_paired": {
    "inv_wins": 0,
    "fwd_wins": 0,
    "ties": 30,
    "p_value": 1.0,
    "rhae_verdict": "BOTH_KILL"
  }
}