{
  "step": 1373,
  "n_draws": 30,
  "draw_seeds": [
    13700,
    13701,
    13702,
    13703,
    13704,
    13705,
    13706,
    13707,
    13708,
    13709,
    13710,
    13711,
    13712,
    13713,
    13714,
    13715,
    13716,
    13717,
    13718,
    13719,
    13720,
    13721,
    13722,
    13723,
    13724,
    13725,
    13726,
    13727,
    13728,
    13729
  ],
  "max_steps_used": 2000,
  "ms_per_step": 0.1,
  "mlp_tp_baseline": 4.59e-05,
  "conditions": {
    "COUNT": {
      "chain_mean_rhae": 0.0004571,
      "nonzero_draws": 6,
      "rhae_per_draw": [
        1.4e-05,
        0.0,
        0.000141,
        0.0,
        0.0,
        0.0,
        6.2e-05,
        0.0,
        0.0,
        0.0,
        0.013333,
        0.0,
        0.0,
        0.0,
        0.0,
        7.8e-05,
        0.0,
        0.0,
        8.4e-05,
        0.0,
        0.0,
        0.0,
        0.0,
        0.0,
        0.0,
        0.0,
        0.0,
        0.0,
        0.0,
        0.0
      ]
    },
    "SSM-DISCONNECTED": {
      "chain_mean_rhae": 3.98e-05,
      "nonzero_draws": 5,
      "rhae_per_draw": [
        1.1e-05,
        0.0,
        0.0,
        0.0,
        0.0,
        0.0,
        6.9e-05,
        0.0,
        1e-05,
        0.0,
        0.0,
        0.0,
        0.0,
        0.0,
        0.0,
        0.0,
        0.0,
        0.0,
        0.0,
        0.001088,
        0.0,
        1.7e-05,
        0.0,
        0.0,
        0.0,
        0.0,
        0.0,
        0.0,
        0.0,
        0.0
      ]
    }
  },
  "paired_count_wins": 5,
  "paired_disc_wins": 4,
  "paired_ties": 21,
  "verdict": "COUNT_BETTER"
}