{
  "results": {
    "config": {
      "dim": 64,
      "num_heads": 4,
      "num_layers": 6,
      "field_size": 16,
      "window_size": 4
    },
    "windowed": {
      "attention_type": "windowed",
      "raw_errors": [
        0.007980056293308734,
        0.00792497219517827,
        0.007890456821769476,
        0.007846552599221467,
        0.007806378044188022,
        0.007757007144391537
      ],
      "normalized_errors": [
        0.9999999874687603,
        0.9930972670598354,
        0.9887720628623142,
        0.9832703194680167,
        0.9782359496523934,
        0.9720491638249295
      ],
      "growth_rate": 0.9945134687722911,
      "pattern": "stable"
    },
    "full": {
      "attention_type": "full",
      "raw_errors": [
        0.007990648224949836,
        0.007938632927834987,
        0.007900421507656574,
        0.007854495337232948,
        0.00781016331166029,
        0.007758223172277212
      ],
      "normalized_errors": [
        0.999999987485371,
        0.9934904659797833,
        0.988708448473256,
        0.9829609585880826,
        0.9774129700182145,
        0.9709128542239929
      ],
      "growth_rate": 0.9942347268496661,
      "pattern": "stable"
    }
  },
  "evaluation": {
    "passed": 