{
  "step": 1380,
  "n_draws": 30,
  "n_diag": 10,
  "draw_seeds": [
    13990,
    13991,
    13992,
    13993,
    13994,
    13995,
    13996,
    13997,
    13998,
    13999,
    14000,
    14001,
    14002,
    14003,
    14004,
    14005,
    14006,
    14007,
    14008,
    14009,
    14010,
    14011,
    14012,
    14013,
    14014,
    14015,
    14016,
    14017,
    14018,
    14019
  ],
  "max_steps_used": 2000,
  "ms_per_step": 0.11,
  "mlp_tp_baseline": 4.59e-05,
  "conditions": {
    "GATED": {
      "chain_mean_rhae": 2.9e-06,
      "nonzero_draws": 3,
      "pred_loss_mean": 0.79848,
      "rhae_per_draw": [
        0.0,
        1e-05,
        0.0,
        0.0,
        0.0,
        0.0,
        0.0,
        0.0,
        4.4e-05,
        0.0,
        0.0,
        0.0,
        3.2e-05,
        0.0,
        0.0,
        0.0,
        0.0,
        0.0,
        0.0,
        0.0,
        0.0,
        0.0,
        0.0,
        0.0,
        0.0,
        0.0,
        0.0,
        0.0,
        0.0,
        0.0
      ],
      "pred_loss_per_draw": [
        0.732483,
        0.790219,
        0.754357,
        0.982288,
        0.777441,
        0.724422,
        0.692099,
        0.988088,
        0.787166,
        0.761129,
        0.983375,
        0.756572,
        0.784379,
        0.996146,
        1.028401,
        0.730595,
        1.026464,
        0.695177,
        0.709268,
        0.692172,
        0.755484,
        0.727227,
        0.754483,
        0.721981,
        0.995925,
        0.687202,
        0.691085,
        0.725225,
        0.745786,
        0.757763
      ]
    },
    "STANDARD": {
      "chain_mean_rhae": 3.1e-06,
      "nonzero_draws": 4,
      "pred_loss_mean": 0.799396,
      "rhae_per_draw": [
        0.0,
        0.0,
        0.0,
        0.0,
        1e-05,
        0.0,
        0.0,
        0.0,
        4.4e-05,
        2.6e-05,
        0.0,
        0.0,
        1.2e-05,
        0.0,
        0.0,
        0.0,
        0.0,
        0.0,
        0.0,
        0.0,
        0.0,
        0.0,
        0.0,
        0.0,
        0.0,
        0.0,
        0.0,
        0.0,
        0.0,
        0.0
      ],
      "pred_loss_per_draw": [
        0.732231,
        0.769036,
        0.754636,
        0.981467,
        0.793358,
        0.72725,
        0.692179,
        0.987795,
        0.789478,
        0.803689,
        0.98229,
        0.75542,
        0.774941,
        0.996344,
        1.02846,
        0.730347,
        1.026225,
        0.695389,
        0.710551,
        0.691135,
        0.756954,
        0.725775,
        0.752413,
        0.720364,
        0.997134,
        0.686506,
        0.691691,
        0.726001,
        0.7458,
        0.757026
      ]
    },
    "GATED_MASKED": {
      "chain_mean_rhae": 5.4e-06,
      "nonzero_draws": 2,
      "pred_loss_mean": 0.798874,
      "rhae_per_draw": [
        0.0,
        1e-05,
        0.0,
        0.0,
        0.0,
        0.0,
        0.0,
        0.0,
        4.4e-05,
        0.0
      ],
      "pred_loss_per_draw": [
        0.731536,
        0.790219,
        0.754357,
        0.982288,
        0.777441,
        0.724422,
        0.692099,
        0.988088,
        0.787166,
        0.761129
      ],
      "n_draws": 10
    }
  },
  "gating_diagnostic": {
    "gated_pred_loss_diag": 0.798969,
    "masked_pred_loss_diag": 0.798874,
    "ratio": 1.000119,
    "verdict": "GATE_FAILS"
  },
  "rhae_paired": {
    "gated_wins": 2,
    "standard_wins": 2,
    "ties": 26,
    "p_value": 0.6875,
    "rhae_verdict": "BOTH_KILL"
  }
}