{
  "step": 1371,
  "n_draws": 30,
  "draw_seeds": [
    13700,
    13701,
    13702,
    13703,
    13704,
    13705,
    13706,
    13707,
    13708,
    13709,
    13710,
    13711,
    13712,
    13713,
    13714,
    13715,
    13716,
    13717,
    13718,
    13719,
    13720,
    13721,
    13722,
    13723,
    13724,
    13725,
    13726,
    13727,
    13728,
    13729
  ],
  "max_steps_used": 1373,
  "ms_per_step_rollout": 0.96,
  "mlp_tp_baseline": 4.59e-05,
  "k_rollout": 5,
  "n_candidates": 8,
  "conditions": {
    "ROLLOUT-ARGMAX": {
      "chain_mean_rhae": 4.1e-06,
      "nonzero_draws": 2,
      "rhae_per_draw": [
        0.0,
        0.0,
        8.9e-05,
        0.0,
        0.0,
        0.0,
        0.0,
        0.0,
        0.0,
        0.0,
        0.0,
        0.0,
        0.0,
        0.0,
        0.0,
        0.0,
        0.0,
        0.0,
        0.0,
        3.3e-05,
        0.0,
        0.0,
        0.0,
        0.0,
        0.0,
        0.0,
        0.0,
        0.0,
        0.0,
        0.0
      ]
    },
    "SSM-DISCONNECTED": {
      "chain_mean_rhae": 2.38e-05,
      "nonzero_draws": 5,
      "rhae_per_draw": [
        0.00019,
        0.0,
        0.00021,
        0.0,
        0.0,
        0.0,
        3.3e-05,
        0.0,
        0.0,
        0.0,
        0.0,
        0.0,
        0.0,
        0.0,
        0.0,
        0.0,
        0.0,
        0.0,
        0.0,
        0.0,
        0.0,
        8.8e-05,
        0.0,
        0.0,
        0.0,
        0.000193,
        0.0,
        0.0,
        0.0,
        0.0
      ]
    }
  },
  "paired_rollout_wins": 1,
  "paired_disc_wins": 5,
  "paired_ties": 24,
  "verdict_vs_k3": "WORSE_THAN_K3",
  "ref_1370_k3_n8": {
    "paired_rollout_wins": 4,
    "paired_disc_wins": 2,
    "paired_ties": 24
  }
}