{
  "config": {
    "field_size": 16,
    "channels": 64,
    "num_iterations": 1000
  },
  "summary": {
    "fp16": {
      "1": 0.0005651019746437669,
      "5": 0.0010979577200487256,
      "10": 0.0015183048089966178,
      "25": 0.0023465603590011597,
      "50": 0.0033010588958859444,
      "100": 0.0046487655490636826
    },
    "q8": {
      "1": 0.05152511969208717,
      "5": 0.10127638280391693,
      "10": 0.10112345218658447,
      "25": 0.19523966312408447,
      "50": 0.19562993943691254,
      "100": 0.2580365538597107
    }
  },
  "evaluation": {
    "passed": false,
    "q8_error_at_5pct_sparsity": 0.10127638280391693,
    "q8_error_at_50pct_sparsity": 0.19562993943691254,
    "threshold_sparse": 0.01,
    "sparse_criterion_met": false,
    "dense_fails_as_expected": true,
    "interpretation": "MIXED: Sparse=False, Dense fails=True"
  }
}