{
  "step": 1394,
  "verdict": "DIAGNOSTIC_FAIL",
  "action_blind_ratio": 0.9978,
  "diag_int_pred_t2": [
    0.195717,
    0.270378,
    0.179739
  ],
  "diag_msk_pred_t2": [
    0.193914,
    0.270196,
    0.180307
  ]
}