{
  "step": 1376,
  "n_draws": 30,
  "draw_seeds": [
    13800,
    13801,
    13802,
    13803,
    13804,
    13805,
    13806,
    13807,
    13808,
    13809,
    13810,
    13811,
    13812,
    13813,
    13814,
    13815,
    13816,
    13817,
    13818,
    13819,
    13820,
    13821,
    13822,
    13823,
    13824,
    13825,
    13826,
    13827,
    13828,
    13829
  ],
  "max_steps_used": 2000,
  "ms_per_step": 0.1,
  "mlp_tp_baseline": 4.59e-05,
  "conditions": {
    "COUNT-COUNT": {
      "chain_mean_rhae": 2.68e-05,
      "nonzero_draws": 5,
      "rhae_per_draw": [
        0.0,
        0.0,
        1.5e-05,
        9e-06,
        0.000128,
        0.0,
        0.0,
        0.000604,
        0.0,
        0.0,
        0.0,
        0.0,
        0.0,
        0.0,
        0.0,
        0.0,
        0.0,
        0.0,
        4.9e-05,
        0.0,
        0.0,
        0.0,
        0.0,
        0.0,
        0.0,
        0.0,
        0.0,
        0.0,
        0.0,
        0.0
      ]
    },
    "COUNT-RAND": {
      "chain_mean_rhae": 2.45e-05,
      "nonzero_draws": 5,
      "rhae_per_draw": [
        0.0,
        0.0,
        0.0,
        9e-06,
        0.000316,
        0.0,
        0.0,
        0.00037,
        0.0,
        0.0,
        0.0,
        2.1e-05,
        0.0,
        0.0,
        0.0,
        0.0,
        0.0,
        0.0,
        0.0,
        0.0,
        0.0,
        0.0,
        0.0,
        0.0,
        0.0,
        0.0,
        0.0,
        0.0,
        2e-05,
        0.0
      ]
    }
  },
  "paired_cc_vs_cr": {
    "cc_wins": 3,
    "cr_wins": 3,
    "ties": 24,
    "p_value": 0.65625,
    "verdict": "NOT_SIGNIFICANT"
  }
}