{
  "game": "cd82",
  "condition": "lv",
  "draw": 5,
  "seed": 500,
  "use_lv": true,
  "mean_cycle_distinct": 1.06,
  "mean_max_activation": 0.012637,
  "lv_stats": [
    [
      0,
      1,
      0.099681,
      0.050174,
      0.296
    ],
    [
      100,
      6,
      0.07945,
      0.038547,
      0.296
    ],
    [
      200,
      2,
      0.065011,
      0.031288,
      0.296
    ],
    [
      300,
      1,
      0.054973,
      0.026331,
      0.296
    ],
    [
      400,
      1,
      0.047619,
      0.02273,
      0.296
    ],
    [
      500,
      1,
      0.042003,
      0.019996,
      0.296
    ],
    [
      600,
      1,
      0.037575,
      0.01785,
      0.296
    ],
    [
      700,
      1,
      0.033995,
      0.016119,
      0.296
    ],
    [
      800,
      1,
      0.031041,
      0.014695,
      0.296
    ],
    [
      900,
      1,
      0.028561,
      0.013502,
      0.296
    ],
    [
      1000,
      1,
      0.02645,
      0.012488,
      0.296
    ],
    [
      1100,
      1,
      0.024631,
      0.011616,
      0.296
    ],
    [
      1200,
      1,
      0.023047,
      0.010858,
      0.296
    ],
    [
      1300,
      1,
      0.021655,
      0.010193,
      0.296
    ],
    [
      1400,
      1,
      0.020423,
      0.009604,
      0.296
    ],
    [
      1500,
      1,
      0.019324,
      0.00908,
      0.296
    ],
    [
      1600,
      1,
      0.018338,
      0.00861,
      0.296
    ],
    [
      1700,
      1,
      0.017448,
      0.008186,
      0.296
    ],
    [
      1800,
      1,
      0.016641,
      0.007802,
      0.296
    ],
    [
      1900,
      1,
      0.015906,
      0.007453,
      0.296
    ],
    [
      2000,
      1,
      0.015234,
      0.007133,
      0.296
    ],
    [
      2100,
      1,
      0.014616,
      0.00684,
      0.296
    ],
    [
      2200,
      1,
      0.014046,
      0.00657,
      0.296
    ],
    [
      2300,
      1,
      0.01352,
      0.00632,
      0.296
    ],
    [
      2400,
      1,
      0.013032,
      0.006089,
      0.296
    ],
    [
      2500,
      1,
      0.012578,
      0.005874,
      0.296
    ],
    [
      2600,
      1,
      0.012154,
      0.005674,
      0.296
    ],
    [
      2700,
      1,
      0.011759,
      0.005487,
      0.296
    ],
    [
      2800,
      1,
      0.011388,
      0.005312,
      0.296
    ],
    [
      2900,
      1,
      0.011041,
      0.005147,
      0.296
    ],
    [
      3000,
      1,
      0.010714,
      0.004993,
      0.296
    ],
    [
      3100,
      1,
      0.010406,
      0.004847,
      0.296
    ],
    [
      3200,
      1,
      0.010115,
      0.00471,
      0.296
    ],
    [
      3300,
      1,
      0.00984,
      0.00458,
      0.296
    ],
    [
      3400,
      1,
      0.00958,
      0.004458,
      0.296
    ],
    [
      3500,
      1,
      0.009333,
      0.004341,
      0.296
    ],
    [
      3600,
      1,
      0.009099,
      0.004231,
      0.296
    ],
    [
      3700,
      1,
      0.008876,
      0.004126,
      0.296
    ],
    [
      3800,
      1,
      0.008664,
      0.004026,
      0.296
    ],
    [
      3900,
      1,
      0.008462,
      0.003931,
      0.296
    ],
    [
      4000,
      1,
      0.008269,
      0.00384,
      0.296
    ],
    [
      4100,
      1,
      0.008085,
      0.003754,
      0.296
    ],
    [
      4200,
      1,
      0.007909,
      0.003671,
      0.296
    ],
    [
      4300,
      1,
      0.00774,
      0.003592,
      0.296
    ],
    [
      4400,
      1,
      0.007579,
      0.003516,
      0.296
    ],
    [
      4500,
      1,
      0.007424,
      0.003443,
      0.296
    ],
    [
      4600,
      1,
      0.007275,
      0.003373,
      0.296
    ],
    [
      4700,
      1,
      0.007133,
      0.003306,
      0.296
    ],
    [
      4800,
      1,
      0.006996,
      0.003242,
      0.296
    ],
    [
      4900,
      1,
      0.006864,
      0.00318,
      0.296
    ],
    [
      5000,
      1,
      0.006736,
      0.00312,
      0.296
    ],
    [
      5100,
      1,
      0.006614,
      0.003063,
      0.296
    ],
    [
      5200,
      1,
      0.006496,
      0.003008,
      0.296
    ],
    [
      5300,
      1,
      0.006382,
      0.002954,
      0.296
    ],
    [
      5400,
      1,
      0.006272,
      0.002903,
      0.296
    ],
    [
      5500,
      1,
      0.006166,
      0.002853,
      0.296
    ],
    [
      5600,
      1,
      0.006063,
      0.002805,
      0.296
    ],
    [
      5700,
      1,
      0.005964,
      0.002758,
      0.296
    ],
    [
      5800,
      1,
      0.005868,
      0.002713,
      0.296
    ],
    [
      5900,
      1,
      0.005775,
      0.00267,
      0.296
    ],
    [
      6000,
      1,
      0.005685,
      0.002628,
      0.296
    ],
    [
      6100,
      1,
      0.005598,
      0.002587,
      0.296
    ],
    [
      6200,
      1,
      0.005513,
      0.002547,
      0.296
    ],
    [
      6300,
      1,
      0.005431,
      0.002509,
      0.296
    ],
    [
      6400,
      1,
      0.005351,
      0.002471,
      0.296
    ],
    [
      6500,
      1,
      0.005274,
      0.002435,
      0.296
    ],
    [
      6600,
      1,
      0.005199,
      0.0024,
      0.296
    ],
    [
      6700,
      1,
      0.005126,
      0.002366,
      0.296
    ],
    [
      6800,
      1,
      0.005055,
      0.002333,
      0.296
    ],
    [
      6900,
      1,
      0.004986,
      0.002301,
      0.296
    ],
    [
      7000,
      1,
      0.004919,
      0.002269,
      0.296
    ],
    [
      7100,
      1,
      0.004853,
      0.002239,
      0.296
    ],
    [
      7200,
      1,
      0.00479,
      0.002209,
      0.296
    ],
    [
      7300,
      1,
      0.004728,
      0.00218,
      0.296
    ],
    [
      7400,
      1,
      0.004667,
      0.002152,
      0.296
    ],
    [
      7500,
      1,
      0.004609,
      0.002124,
      0.296
    ],
    [
      7600,
      1,
      0.004551,
      0.002098,
      0.296
    ],
    [
      7700,
      1,
      0.004495,
      0.002072,
      0.296
    ],
    [
      7800,
      1,
      0.004441,
      0.002046,
      0.296
    ],
    [
      7900,
      1,
      0.004387,
      0.002021,
      0.296
    ],
    [
      8000,
      1,
      0.004335,
      0.001997,
      0.296
    ],
    [
      8100,
      1,
      0.004285,
      0.001973,
      0.296
    ],
    [
      8200,
      1,
      0.004235,
      0.00195,
      0.296
    ],
    [
      8300,
      1,
      0.004186,
      0.001928,
      0.296
    ],
    [
      8400,
      1,
      0.004139,
      0.001905,
      0.296
    ],
    [
      8500,
      1,
      0.004093,
      0.001884,
      0.296
    ],
    [
      8600,
      1,
      0.004048,
      0.001863,
      0.296
    ],
    [
      8700,
      1,
      0.004003,
      0.001842,
      0.296
    ],
    [
      8800,
      1,
      0.00396,
      0.001822,
      0.296
    ],
    [
      8900,
      1,
      0.003918,
      0.001802,
      0.296
    ],
    [
      9000,
      1,
      0.003876,
      0.001783,
      0.296
    ],
    [
      9100,
      1,
      0.003836,
      0.001764,
      0.296
    ],
    [
      9200,
      1,
      0.003796,
      0.001746,
      0.296
    ],
    [
      9300,
      1,
      0.003757,
      0.001727,
      0.296
    ],
    [
      9400,
      1,
      0.003719,
      0.00171,
      0.296
    ],
    [
      9500,
      1,
      0.003681,
      0.001692,
      0.296
    ],
    [
      9600,
      1,
      0.003645,
      0.001675,
      0.296
    ],
    [
      9700,
      1,
      0.003609,
      0.001659,
      0.296
    ],
    [
      9800,
      1,
      0.003574,
      0.001642,
      0.296
    ],
    [
      9900,
      1,
      0.003539,
      0.001626,
      0.296
    ]
  ],
  "steps_taken": 10000,
  "elapsed_seconds": 4.66,