{
  "game": "cd82",
  "condition": "lv",
  "draw": 3,
  "seed": 300,
  "use_lv": true,
  "mean_cycle_distinct": 1.03,
  "mean_max_activation": 0.007994,
  "lv_stats": [
    [
      0,
      1,
      0.099383,
      0.05035,
      0.2703
    ],
    [
      100,
      4,
      0.064958,
      0.03168,
      0.2703
    ],
    [
      200,
      1,
      0.047968,
      0.023122,
      0.2703
    ],
    [
      300,
      1,
      0.038034,
      0.018208,
      0.2703
    ],
    [
      400,
      1,
      0.031524,
      0.015018,
      0.2703
    ],
    [
      500,
      1,
      0.026928,
      0.01278,
      0.2703
    ],
    [
      600,
      1,
      0.023508,
      0.011122,
      0.2703
    ],
    [
      700,
      1,
      0.020865,
      0.009846,
      0.2703
    ],
    [
      800,
      1,
      0.018759,
      0.008832,
      0.2703
    ],
    [
      900,
      1,
      0.017043,
      0.008008,
      0.2703
    ],
    [
      1000,
      1,
      0.015616,
      0.007324,
      0.2703
    ],
    [
      1100,
      1,
      0.014411,
      0.006748,
      0.2703
    ],
    [
      1200,
      1,
      0.01338,
      0.006256,
      0.2703
    ],
    [
      1300,
      1,
      0.012488,
      0.005831,
      0.2703
    ],
    [
      1400,
      1,
      0.011708,
      0.00546,
      0.2703
    ],
    [
      1500,
      1,
      0.011021,
      0.005134,
      0.2703
    ],
    [
      1600,
      1,
      0.01041,
      0.004844,
      0.2703
    ],
    [
      1700,
      1,
      0.009864,
      0.004585,
      0.2703
    ],
    [
      1800,
      1,
      0.009373,
      0.004353,
      0.2703
    ],
    [
      1900,
      1,
      0.008929,
      0.004143,
      0.2703
    ],
    [
      2000,
      1,
      0.008525,
      0.003952,
      0.2703
    ],
    [
      2100,
      1,
      0.008157,
      0.003778,
      0.2703
    ],
    [
      2200,
      1,
      0.007819,
      0.003619,
      0.2703
    ],
    [
      2300,
      1,
      0.007509,
      0.003472,
      0.2703
    ],
    [
      2400,
      1,
      0.007222,
      0.003337,
      0.2703
    ],
    [
      2500,
      1,
      0.006956,
      0.003213,
      0.2703
    ],
    [
      2600,
      1,
      0.00671,
      0.003097,
      0.2703
    ],
    [
      2700,
      1,
      0.00648,
      0.002989,
      0.2703
    ],
    [
      2800,
      1,
      0.006266,
      0.002888,
      0.2703
    ],
    [
      2900,
      1,
      0.006066,
      0.002794,
      0.2703
    ],
    [
      3000,
      1,
      0.005878,
      0.002706,
      0.2703
    ],
    [
      3100,
      1,
      0.005701,
      0.002624,
      0.2703
    ],
    [
      3200,
      1,
      0.005535,
      0.002546,
      0.2703
    ],
    [
      3300,
      1,
      0.005379,
      0.002472,
      0.2703
    ],
    [
      3400,
      1,
      0.005231,
      0.002403,
      0.2703
    ],
    [
      3500,
      1,
      0.005091,
      0.002338,
      0.2703
    ],
    [
      3600,
      1,
      0.004958,
      0.002276,
      0.2703
    ],
    [
      3700,
      1,
      0.004832,
      0.002217,
      0.2703
    ],
    [
      3800,
      1,
      0.004713,
      0.002161,
      0.2703
    ],
    [
      3900,
      1,
      0.004599,
      0.002108,
      0.2703
    ],
    [
      4000,
      1,
      0.004491,
      0.002058,
      0.2703
    ],
    [
      4100,
      1,
      0.004387,
      0.00201,
      0.2703
    ],
    [
      4200,
      1,
      0.004289,
      0.001964,
      0.2703
    ],
    [
      4300,
      1,
      0.004195,
      0.00192,
      0.2703
    ],
    [
      4400,
      1,
      0.004104,
      0.001878,
      0.2703
    ],
    [
      4500,
      1,
      0.004018,
      0.001837,
      0.2703
    ],
    [
      4600,
      1,
      0.003935,
      0.001799,
      0.2703
    ],
    [
      4700,
      1,
      0.003856,
      0.001762,
      0.2703
    ],
    [
      4800,
      1,
      0.00378,
      0.001727,
      0.2703
    ],
    [
      4900,
      1,
      0.003706,
      0.001693,
      0.2703
    ],
    [
      5000,
      1,
      0.003636,
      0.00166,
      0.2703
    ],
    [
      5100,
      1,
      0.003568,
      0.001628,
      0.2703
    ],
    [
      5200,
      1,
      0.003503,
      0.001598,
      0.2703
    ],
    [
      5300,
      1,
      0.00344,
      0.001569,
      0.2703
    ],
    [
      5400,
      1,
      0.003379,
      0.001541,
      0.2703
    ],
    [
      5500,
      1,
      0.003321,
      0.001514,
      0.2703
    ],
    [
      5600,
      1,
      0.003264,
      0.001487,
      0.2703
    ],
    [
      5700,
      1,
      0.00321,
      0.001462,
      0.2703
    ],
    [
      5800,
      1,
      0.003157,
      0.001438,
      0.2703
    ],
    [
      5900,
      1,
      0.003106,
      0.001414,
      0.2703
    ],
    [
      6000,
      1,
      0.003056,
      0.001391,
      0.2703
    ],
    [
      6100,
      1,
      0.003008,
      0.001369,
      0.2703
    ],
    [
      6200,
      1,
      0.002962,
      0.001347,
      0.2703
    ],
    [
      6300,
      1,
      0.002917,
      0.001327,
      0.2703
    ],
    [
      6400,
      1,
      0.002873,
      0.001306,
      0.2703
    ],
    [
      6500,
      1,
      0.002831,
      0.001287,
      0.2703
    ],
    [
      6600,
      1,
      0.00279,
      0.001268,
      0.2703
    ],
    [
      6700,
      1,
      0.00275,
      0.001249,
      0.2703
    ],
    [
      6800,
      1,
      0.002711,
      0.001231,
      0.2703
    ],
    [
      6900,
      1,
      0.002673,
      0.001214,
      0.2703
    ],
    [
      7000,
      1,
      0.002637,
      0.001197,
      0.2703
    ],
    [
      7100,
      1,
      0.002601,
      0.001181,
      0.2703
    ],
    [
      7200,
      1,
      0.002566,
      0.001165,
      0.2703
    ],
    [
      7300,
      1,
      0.002533,
      0.001149,
      0.2703
    ],
    [
      7400,
      1,
      0.0025,
      0.001134,
      0.2703
    ],
    [
      7500,
      1,
      0.002468,
      0.001119,
      0.2703
    ],
    [
      7600,
      1,
      0.002436,
      0.001105,
      0.2703
    ],
    [
      7700,
      1,
      0.002406,
      0.001091,
      0.2703
    ],
    [
      7800,
      1,
      0.002376,
      0.001077,
      0.2703
    ],
    [
      7900,
      1,
      0.002347,
      0.001064,
      0.2703
    ],
    [
      8000,
      1,
      0.002319,
      0.001051,
      0.2703
    ],
    [
      8100,
      1,
      0.002292,
      0.001038,
      0.2703
    ],
    [
      8200,
      1,
      0.002265,
      0.001026,
      0.2703
    ],
    [
      8300,
      1,
      0.002238,
      0.001013,
      0.2703
    ],
    [
      8400,
      1,
      0.002213,
      0.001002,
      0.2703
    ],
    [
      8500,
      1,
      0.002188,
      0.00099,
      0.2703
    ],
    [
      8600,
      1,
      0.002163,
      0.000979,
      0.2703
    ],
    [
      8700,
      1,
      0.002139,
      0.000968,
      0.2703
    ],
    [
      8800,
      1,
      0.002116,
      0.000957,
      0.2703
    ],
    [
      8900,
      1,
      0.002093,
      0.000946,
      0.2703
    ],
    [
      9000,
      1,
      0.00207,
      0.000936,
      0.2703
    ],
    [
      9100,
      1,
      0.002048,
      0.000926,
      0.2703
    ],
    [
      9200,
      1,
      0.002027,
      0.000916,
      0.2703
    ],
    [
      9300,
      1,
      0.002006,
      0.000906,
      0.2703
    ],
    [
      9400,
      1,
      0.001985,
      0.000897,
      0.2703
    ],
    [
      9500,
      1,
      0.001965,
      0.000888,
      0.2703
    ],
    [
      9600,
      1,
      0.001945,
      0.000879,
      0.2703
    ],
    [
      9700,
      1,
      0.001926,
      0.00087,
      0.2703
    ],
    [
      9800,
      1,
      0.001907,
      0.000861,
      0.2703
    ],
    [
      9900,
      1,
      0.001888,
