{
  "game": "cd82",
  "condition": "lv",
  "draw": 4,
  "seed": 400,
  "use_lv": true,
  "mean_cycle_distinct": 1.19,
  "mean_max_activation": 0.007637,
  "lv_stats": [
    [
      0,
      1,
      0.099346,
      0.049634,
      0.2685
    ],
    [
      100,
      4,
      0.063662,
      0.030635,
      0.2685
    ],
    [
      200,
      2,
      0.046475,
      0.022161,
      0.2685
    ],
    [
      300,
      2,
      0.036606,
      0.017363,
      0.2685
    ],
    [
      400,
      2,
      0.030207,
      0.014273,
      0.2685
    ],
    [
      500,
      2,
      0.025721,
      0.012118,
      0.2685
    ],
    [
      600,
      2,
      0.022401,
      0.010528,
      0.2685
    ],
    [
      700,
      2,
      0.019844,
      0.009308,
      0.2685
    ],
    [
      800,
      2,
      0.017814,
      0.008341,
      0.2685
    ],
    [
      900,
      2,
      0.016163,
      0.007556,
      0.2685
    ],
    [
      1000,
      2,
      0.014794,
      0.006906,
      0.2685
    ],
    [
      1100,
      2,
      0.013639,
      0.006359,
      0.2685
    ],
    [
      1200,
      2,
      0.012653,
      0.005893,
      0.2685
    ],
    [
      1300,
      2,
      0.011801,
      0.00549,
      0.2685
    ],
    [
      1400,
      2,
      0.011057,
      0.005139,
      0.2685
    ],
    [
      1500,
      2,
      0.010401,
      0.00483,
      0.2685
    ],
    [
      1600,
      2,
      0.00982,
      0.004556,
      0.2685
    ],
    [
      1700,
      2,
      0.0093,
      0.004311,
      0.2685
    ],
    [
      1800,
      1,
      0.008833,
      0.004092,
      0.2685
    ],
    [
      1900,
      1,
      0.008411,
      0.003893,
      0.2685
    ],
    [
      2000,
      1,
      0.008028,
      0.003713,
      0.2685
    ],
    [
      2100,
      1,
      0.007678,
      0.003549,
      0.2685
    ],
    [
      2200,
      1,
      0.007358,
      0.003399,
      0.2685
    ],
    [
      2300,
      1,
      0.007063,
      0.003261,
      0.2685
    ],
    [
      2400,
      1,
      0.006791,
      0.003134,
      0.2685
    ],
    [
      2500,
      1,
      0.00654,
      0.003016,
      0.2685
    ],
    [
      2600,
      1,
      0.006306,
      0.002907,
      0.2685
    ],
    [
      2700,
      1,
      0.006089,
      0.002806,
      0.2685
    ],
    [
      2800,
      1,
      0.005887,
      0.002711,
      0.2685
    ],
    [
      2900,
      1,
      0.005697,
      0.002622,
      0.2685
    ],
    [
      3000,
      1,
      0.005519,
      0.00254,
      0.2685
    ],
    [
      3100,
      1,
      0.005353,
      0.002462,
      0.2685
    ],
    [
      3200,
      1,
      0.005196,
      0.002389,
      0.2685
    ],
    [
      3300,
      1,
      0.005048,
      0.00232,
      0.2685
    ],
    [
      3400,
      1,
      0.004908,
      0.002255,
      0.2685
    ],
    [
      3500,
      1,
      0.004776,
      0.002193,
      0.2685
    ],
    [
      3600,
      1,
      0.004651,
      0.002135,
      0.2685
    ],
    [
      3700,
      1,
      0.004532,
      0.002079,
      0.2685
    ],
    [
      3800,
      1,
      0.004419,
      0.002027,
      0.2685
    ],
    [
      3900,
      1,
      0.004312,
      0.001977,
      0.2685
    ],
    [
      4000,
      1,
      0.00421,
      0.00193,
      0.2685
    ],
    [
      4100,
      1,
      0.004112,
      0.001884,
      0.2685
    ],
    [
      4200,
      1,
      0.004019,
      0.001841,
      0.2685
    ],
    [
      4300,
      1,
      0.00393,
      0.0018,
      0.2685
    ],
    [
      4400,
      1,
      0.003845,
      0.001761,
      0.2685
    ],
    [
      4500,
      1,
      0.003764,
      0.001723,
      0.2685
    ],
    [
      4600,
      1,
      0.003686,
      0.001687,
      0.2685
    ],
    [
      4700,
      1,
      0.003611,
      0.001652,
      0.2685
    ],
    [
      4800,
      1,
      0.00354,
      0.001619,
      0.2685
    ],
    [
      4900,
      1,
      0.003471,
      0.001587,
      0.2685
    ],
    [
      5000,
      1,
      0.003404,
      0.001556,
      0.2685
    ],
    [
      5100,
      1,
      0.003341,
      0.001526,
      0.2685
    ],
    [
      5200,
      1,
      0.003279,
      0.001498,
      0.2685
    ],
    [
      5300,
      1,
      0.00322,
      0.001471,
      0.2685
    ],
    [
      5400,
      1,
      0.003163,
      0.001444,
      0.2685
    ],
    [
      5500,
      1,
      0.003108,
      0.001419,
      0.2685
    ],
    [
      5600,
      1,
      0.003054,
      0.001394,
      0.2685
    ],
    [
      5700,
      1,
      0.003003,
      0.00137,
      0.2685
    ],
    [
      5800,
      1,
      0.002953,
      0.001347,
      0.2685
    ],
    [
      5900,
      1,
      0.002905,
      0.001325,
      0.2685
    ],
    [
      6000,
      1,
      0.002859,
      0.001304,
      0.2685
    ],
    [
      6100,
      1,
      0.002814,
      0.001283,
      0.2685
    ],
    [
      6200,
      1,
      0.00277,
      0.001263,
      0.2685
    ],
    [
      6300,
      1,
      0.002728,
      0.001243,
      0.2685
    ],
    [
      6400,
      1,
      0.002687,
      0.001224,
      0.2685
    ],
    [
      6500,
      1,
      0.002647,
      0.001206,
      0.2685
    ],
    [
      6600,
      1,
      0.002608,
      0.001188,
      0.2685
    ],
    [
      6700,
      1,
      0.002571,
      0.001171,
      0.2685
    ],
    [
      6800,
      1,
      0.002535,
      0.001154,
      0.2685
    ],
    [
      6900,
      1,
      0.002499,
      0.001137,
      0.2685
    ],
    [
      7000,
      1,
      0.002465,
      0.001122,
      0.2685
    ],
    [
      7100,
      1,
      0.002431,
      0.001106,
      0.2685
    ],
    [
      7200,
      1,
      0.002399,
      0.001091,
      0.2685
    ],
    [
      7300,
      1,
      0.002367,
      0.001077,
      0.2685
    ],
    [
      7400,
      1,
      0.002336,
      0.001062,
      0.2685
    ],
    [
      7500,
      1,
      0.002306,
      0.001048,
      0.2685
    ],
    [
      7600,
      1,
      0.002277,
      0.001035,
      0.2685
    ],
    [
      7700,
      1,
      0.002248,
      0.001022,
      0.2685
    ],
    [
      7800,
      1,
      0.00222,
      0.001009,
      0.2685
    ],
    [
      7900,
      1,
      0.002193,
      0.000996,
      0.2685
    ],
    [
      8000,
      1,
      0.002167,
      0.000984,
      0.2685
    ],
    [
      8100,
      1,
      0.002141,
      0.000972,
      0.2685
    ],
    [
      8200,
      1,
      0.002115,
      0.000961,
      0.2685
    ],
    [
      8300,
      1,
      0.002091,
      0.000949,
      0.2685
    ],
    [
      8400,
      1,
      0.002067,
      0.000938,
      0.2685
    ],
    [
      8500,
      1,
      0.002043,
      0.000927,
      0.2685
    ],
    [
      8600,
      1,
      0.00202,
      0.000917,
      0.2685
    ],
    [
      8700,
      1,
      0.001998,
      0.000907,
      0.2685
    ],
    [
      8800,
      1,
      0.001976,
      0.000896,
      0.2685
    ],
    [
      8900,
      1,
      0.001954,
      0.000887,
      0.2685
    ],
    [
      9000,
      1,
      0.001933,
      0.000877,
      0.2685
    ],
    [
      9100,
      1,
      0.001912,
      0.000867,
      0.2685
    ],
    [
      9200,
      1,
      0.001892,
      0.000858,
      0.2685
    ],
    [
      9300,
      1,
      0.001873,
      0.000849,
      0.2685
    ],
    [
      9400,
      1,
      0.001853,
      0.00084,
      0.2685
    ],
    [
      9500,
      1,
      0.001834,
      0.000831,
      0.2685
    ],
    [
      9600,
      1,
      0.001816,
      0.000823,
      0.2685
    ],
    [
      9700,
      1,
      0.001798,
      0.000815,
      0.2685
    ],
    [
      9800,
      1,
      0.00178,
      0.000806,
      0.2685
    ],
    [
      9900,
      1,
      0.001762,
