{
  "game": "cd82",
  "condition": "lv",
  "draw": 1,
  "seed": 100,
  "use_lv": true,
  "mean_cycle_distinct": 1.02,
  "mean_max_activation": 0.012842,
  "lv_stats": [
    [
      0,
      1,
      0.099635,
      0.049535,
      0.2836
    ],
    [
      100,
      3,
      0.080473,
      0.037723,
      0.2836
    ],
    [
      200,
      1,
      0.06592,
      0.030464,
      0.2836
    ],
    [
      300,
      1,
      0.055749,
      0.02555,
      0.2836
    ],
    [
      400,
      1,
      0.048291,
      0.022001,
      0.2836
    ],
    [
      500,
      1,
      0.042597,
      0.019319,
      0.2836
    ],
    [
      600,
      1,
      0.03811,
      0.01722,
      0.2836
    ],
    [
      700,
      1,
      0.034484,
      0.015532,
      0.2836
    ],
    [
      800,
      1,
      0.031492,
      0.014146,
      0.2836
    ],
    [
      900,
      1,
      0.028981,
      0.012987,
      0.2836
    ],
    [
      1000,
      1,
      0.026844,
      0.012004,
      0.2836
    ],
    [
      1100,
      1,
      0.025003,
      0.011159,
      0.2836
    ],
    [
      1200,
      1,
      0.0234,
      0.010425,
      0.2836
    ],
    [
      1300,
      1,
      0.021992,
      0.009782,
      0.2836
    ],
    [
      1400,
      1,
      0.020745,
      0.009214,
      0.2836
    ],
    [
      1500,
      1,
      0.019633,
      0.008708,
      0.2836
    ],
    [
      1600,
      1,
      0.018635,
      0.008254,
      0.2836
    ],
    [
      1700,
      1,
      0.017735,
      0.007846,
      0.2836
    ],
    [
      1800,
      1,
      0.016918,
      0.007476,
      0.2836
    ],
    [
      1900,
      1,
      0.016174,
      0.00714,
      0.2836
    ],
    [
      2000,
      1,
      0.015493,
      0.006832,
      0.2836
    ],
    [
      2100,
      1,
      0.014868,
      0.00655,
      0.2836
    ],
    [
      2200,
      1,
      0.014292,
      0.00629,
      0.2836
    ],
    [
      2300,
      1,
      0.013759,
      0.00605,
      0.2836
    ],
    [
      2400,
      1,
      0.013264,
      0.005828,
      0.2836
    ],
    [
      2500,
      1,
      0.012805,
      0.005621,
      0.2836
    ],
    [
      2600,
      1,
      0.012376,
      0.005429,
      0.2836
    ],
    [
      2700,
      1,
      0.011976,
      0.005249,
      0.2836
    ],
    [
      2800,
      1,
      0.0116,
      0.005081,
      0.2836
    ],
    [
      2900,
      1,
      0.011248,
      0.004923,
      0.2836
    ],
    [
      3000,
      1,
      0.010917,
      0.004775,
      0.2836
    ],
    [
      3100,
      1,
      0.010605,
      0.004636,
      0.2836
    ],
    [
      3200,
      1,
      0.01031,
      0.004504,
      0.2836
    ],
    [
      3300,
      1,
      0.010032,
      0.00438,
      0.2836
    ],
    [
      3400,
      1,
      0.009768,
      0.004262,
      0.2836
    ],
    [
      3500,
      1,
      0.009518,
      0.00415,
      0.2836
    ],
    [
      3600,
      1,
      0.00928,
      0.004045,
      0.2836
    ],
    [
      3700,
      1,
      0.009054,
      0.003944,
      0.2836
    ],
    [
      3800,
      1,
      0.008839,
      0.003848,
      0.2836
    ],
    [
      3900,
      1,
      0.008634,
      0.003757,
      0.2836
    ],
    [
      4000,
      1,
      0.008439,
      0.00367,
      0.2836
    ],
    [
      4100,
      1,
      0.008252,
      0.003587,
      0.2836
    ],
    [
      4200,
      1,
      0.008073,
      0.003508,
      0.2836
    ],
    [
      4300,
      1,
      0.007902,
      0.003432,
      0.2836
    ],
    [
      4400,
      1,
      0.007738,
      0.003359,
      0.2836
    ],
    [
      4500,
      1,
      0.007581,
      0.00329,
      0.2836
    ],
    [
      4600,
      1,
      0.00743,
      0.003223,
      0.2836
    ],
    [
      4700,
      1,
      0.007285,
      0.003159,
      0.2836
    ],
    [
      4800,
      1,
      0.007146,
      0.003097,
      0.2836
    ],
    [
      4900,
      1,
      0.007012,
      0.003038,
      0.2836
    ],
    [
      5000,
      1,
      0.006883,
      0.002981,
      0.2836
    ],
    [
      5100,
      1,
      0.006758,
      0.002926,
      0.2836
    ],
    [
      5200,
      1,
      0.006639,
      0.002873,
      0.2836
    ],
    [
      5300,
      1,
      0.006523,
      0.002822,
      0.2836
    ],
    [
      5400,
      1,
      0.006411,
      0.002772,
      0.2836
    ],
    [
      5500,
      1,
      0.006303,
      0.002725,
      0.2836
    ],
    [
      5600,
      1,
      0.006199,
      0.002679,
      0.2836
    ],
    [
      5700,
      1,
      0.006098,
      0.002634,
      0.2836
    ],
    [
      5800,
      1,
      0.006001,
      0.002591,
      0.2836
    ],
    [
      5900,
      1,
      0.005906,
      0.002549,
      0.2836
    ],
    [
      6000,
      1,
      0.005814,
      0.002509,
      0.2836
    ],
    [
      6100,
      1,
      0.005726,
      0.00247,
      0.2836
    ],
    [
      6200,
      1,
      0.00564,
      0.002432,
      0.2836
    ],
    [
      6300,
      1,
      0.005556,
      0.002395,
      0.2836
    ],
    [
      6400,
      1,
      0.005475,
      0.00236,
      0.2836
    ],
    [
      6500,
      1,
      0.005397,
      0.002325,
      0.2836
    ],
    [
      6600,
      1,
      0.00532,
      0.002292,
      0.2836
    ],
    [
      6700,
      1,
      0.005246,
      0.002259,
      0.2836
    ],
    [
      6800,
      1,
      0.005174,
      0.002227,
      0.2836
    ],
    [
      6900,
      1,
      0.005103,
      0.002196,
      0.2836
    ],
    [
      7000,
      1,
      0.005035,
      0.002166,
      0.2836
    ],
    [
      7100,
      1,
      0.004969,
      0.002137,
      0.2836
    ],
    [
      7200,
      1,
      0.004904,
      0.002109,
      0.2836
    ],
    [
      7300,
      1,
      0.004841,
      0.002081,
      0.2836
    ],
    [
      7400,
      1,
      0.004779,
      0.002054,
      0.2836
    ],
    [
      7500,
      1,
      0.004719,
      0.002028,
      0.2836
    ],
    [
      7600,
      1,
      0.004661,
      0.002002,
      0.2836
    ],
    [
      7700,
      1,
      0.004604,
      0.001977,
      0.2836
    ],
    [
      7800,
      1,
      0.004548,
      0.001953,
      0.2836
    ],
    [
      7900,
      1,
      0.004494,
      0.001929,
      0.2836
    ],
    [
      8000,
      1,
      0.004441,
      0.001906,
      0.2836
    ],
    [
      8100,
      1,
      0.00439,
      0.001883,
      0.2836
    ],
    [
      8200,
      1,
      0.004339,
      0.001861,
      0.2836
    ],
    [
      8300,
      1,
      0.00429,
      0.00184,
      0.2836
    ],
    [
      8400,
      1,
      0.004241,
      0.001819,
      0.2836
    ],
    [
      8500,
      1,
      0.004194,
      0.001798,
      0.2836
    ],
    [
      8600,
      1,
      0.004148,
      0.001778,
      0.2836
    ],
    [
      8700,
      1,
      0.004103,
      0.001758,
      0.2836
    ],
    [
      8800,
      1,
      0.004059,
      0.001739,
      0.2836
    ],
    [
      8900,
      1,
      0.004016,
      0.00172,
      0.2836
    ],
    [
      9000,
      1,
      0.003973,
      0.001702,
      0.2836
    ],
    [
      9100,
      1,
      0.003932,
      0.001684,
      0.2836
    ],
    [
      9200,
      1,
      0.003892,
      0.001666,
      0.2836
    ],
    [
      9300,
      1,
      0.003852,
      0.001649,
      0.2836
    ],
    [
      9400,
      1,
      0.003813,
      0.001632,
      0.2836
    ],
    [
      9500,
      1,
      0.003775,
      0.001615,
      0.2836
    ],
    [
      9600,
      1,
      0.003738,
      0.001599,
      0.2836
    ],
    [
      9700,
      1,
      0.003701,
      0.001583,
      0.2836
    ],
    [
      9800,
      1,
      0.003665,
      0.001567,
      0.2836
    ],
    [
      9900,
      1,
      0.00363,
