{
  "game": "cn04",
  "condition": "lv",
  "draw": 4,
  "seed": 400,
  "use_lv": true,
  "mean_cycle_distinct": 1.02,
  "mean_max_activation": 0.00942,
  "lv_stats": [
    [
      0,
      1,
      0.099346,
      0.049634,
      0.2685
    ],
    [
      100,
      2,
      0.067464,
      0.030584,
      0.2685
    ],
    [
      200,
      2,
      0.049828,
      0.022129,
      0.2685
    ],
    [
      300,
      1,
      0.045512,
      0.017342,
      0.2685
    ],
    [
      400,
      1,
      0.034633,
      0.014254,
      0.2685
    ],
    [
      500,
      1,
      0.029424,
      0.012103,
      0.2685
    ],
    [
      600,
      1,
      0.029186,
      0.010523,
      0.2685
    ],
    [
      700,
      1,
      0.023592,
      0.009297,
      0.2685
    ],
    [
      800,
      1,
      0.021047,
      0.008332,
      0.2685
    ],
    [
      900,
      1,
      0.021639,
      0.007556,
      0.2685
    ],
    [
      1000,
      1,
      0.018001,
      0.006899,
      0.2685
    ],
    [
      1100,
      1,
      0.016465,
      0.006353,
      0.2685
    ],
    [
      1200,
      1,
      0.017267,
      0.005894,
      0.2685
    ],
    [
      1300,
      1,
      0.014606,
      0.005485,
      0.2685
    ],
    [
      1400,
      1,
      0.013563,
      0.005134,
      0.2685
    ],
    [
      1500,
      1,
      0.014404,
      0.004832,
      0.2685
    ],
    [
      1600,
      1,
      0.012318,
      0.004552,
      0.2685
    ],
    [
      1700,
      1,
      0.011556,
      0.004308,
      0.2685
    ],
    [
      1800,
      1,
      0.012379,
      0.004094,
      0.2685
    ],
    [
      1900,
      1,
      0.010668,
      0.00389,
      0.2685
    ],
    [
      2000,
      1,
      0.010081,
      0.003711,
      0.2685
    ],
    [
      2100,
      1,
      0.010868,
      0.003552,
      0.2685
    ],
    [
      2200,
      1,
      0.009419,
      0.003397,
      0.2685
    ],
    [
      2300,
      1,
      0.00895,
      0.003259,
      0.2685
    ],
    [
      2400,
      1,
      0.009696,
      0.003137,
      0.2685
    ],
    [
      2500,
      1,
      0.00844,
      0.003014,
      0.2685
    ],
    [
      2600,
      1,
      0.008054,
      0.002905,
      0.2685
    ],
    [
      2700,
      1,
      0.008759,
      0.002809,
      0.2685
    ],
    [
      2800,
      1,
      0.007651,
      0.002709,
      0.2685
    ],
    [
      2900,
      1,
      0.007327,
      0.002621,
      0.2685
    ],
    [
      3000,
      1,
      0.007992,
      0.002542,
      0.2685
    ],
    [
      3100,
      1,
      0.007001,
      0.00246,
      0.2685
    ],
    [
      3200,
      1,
      0.006723,
      0.002387,
      0.2685
    ],
    [
      3300,
      1,
      0.007352,
      0.002322,
      0.2685
    ],
    [
      3400,
      1,
      0.006457,
      0.002253,
      0.2685
    ],
    [
      3500,
      1,
      0.006215,
      0.002192,
      0.2685
    ],
    [
      3600,
      1,
      0.006811,
      0.002137,
      0.2685
    ],
    [
      3700,
      1,
      0.005993,
      0.002078,
      0.2685
    ],
    [
      3800,
      1,
      0.00578,
      0.002026,
      0.2685
    ],
    [
      3900,
      1,
      0.006346,
      0.00198,
      0.2685
    ],
    [
      4000,
      1,
      0.005593,
      0.001929,
      0.2685
    ],
    [
      4100,
      1,
      0.005404,
      0.001883,
      0.2685
    ],
    [
      4200,
      1,
      0.005942,
      0.001844,
      0.2685
    ],
    [
      4300,
      1,
      0.005245,
      0.001799,
      0.2685
    ],
    [
      4400,
      1,
      0.005075,
      0.001759,
      0.2685
    ],
    [
      4500,
      1,
      0.005588,
      0.001725,
      0.2685
    ],
    [
      4600,
      1,
      0.004939,
      0.001686,
      0.2685
    ],
    [
      4700,
      1,
      0.004785,
      0.001651,
      0.2685
    ],
    [
      4800,
      1,
      0.005275,
      0.001621,
      0.2685
    ],
    [
      4900,
      1,
      0.004667,
      0.001586,
      0.2685
    ],
    [
      5000,
      1,
      0.004527,
      0.001555,
      0.2685
    ],
    [
      5100,
      1,
      0.004996,
      0.001529,
      0.2685
    ],
    [
      5200,
      1,
      0.004425,
      0.001497,
      0.2685
    ],
    [
      5300,
      1,
      0.004296,
      0.00147,
      0.2685
    ],
    [
      5400,
      1,
      0.004746,
      0.001446,
      0.2685
    ],
    [
      5500,
      1,
      0.004207,
      0.001418,
      0.2685
    ],
    [
      5600,
      1,
      0.004089,
      0.001393,
      0.2685
    ],
    [
      5700,
      1,
      0.00452,
      0.001372,
      0.2685
    ],
    [
      5800,
      1,
      0.004011,
      0.001346,
      0.2685
    ],
    [
      5900,
      1,
      0.003901,
      0.001324,
      0.2685
    ],
    [
      6000,
      1,
      0.004316,
      0.001306,
      0.2685
    ],
    [
      6100,
      1,
      0.003832,
      0.001282,
      0.2685
    ],
    [
      6200,
      1,
      0.00373,
      0.001262,
      0.2685
    ],
    [
      6300,
      1,
      0.00413,
      0.001245,
      0.2685
    ],
    [
      6400,
      1,
      0.003669,
      0.001223,
      0.2685
    ],
    [
      6500,
      1,
      0.003574,
      0.001205,
      0.2685
    ],
    [
      6600,
      1,
      0.003959,
      0.00119,
      0.2685
    ],
    [
      6700,
      1,
      0.00352,
      0.00117,
      0.2685
    ],
    [
      6800,
      1,
      0.003431,
      0.001153,
      0.2685
    ],
    [
      6900,
      1,
      0.003803,
      0.001139,
      0.2685
    ],
    [
      7000,
      1,
      0.003383,
      0.001121,
      0.2685
    ],
    [
      7100,
      1,
      0.003299,
      0.001105,
      0.2685
    ],
    [
      7200,
      1,
      0.003659,
      0.001093,
      0.2685
    ],
    [
      7300,
      1,
      0.003256,
      0.001076,
      0.2685
    ],
    [
      7400,
      1,
      0.003177,
      0.001061,
      0.2685
    ],
    [
      7500,
      1,
      0.003525,
      0.00105,
      0.2685
    ],
    [
      7600,
      1,
      0.003139,
      0.001034,
      0.2685
    ],
    [
      7700,
      1,
      0.003064,
      0.001021,
      0.2685
    ],
    [
      7800,
      1,
      0.003401,
      0.001011,
      0.2685
    ],
    [
      7900,
      1,
      0.00303,
      0.000996,
      0.2685
    ],
    [
      8000,
      1,
      0.002959,
      0.000983,
      0.2685
    ],
    [
      8100,
      1,
      0.003286,
      0.000974,
      0.2685
    ],
    [
      8200,
      1,
      0.002928,
      0.00096,
      0.2685
    ],
    [
      8300,
      1,
      0.002861,
      0.000949,
      0.2685
    ],
    [
      8400,
      1,
      0.003179,
      0.00094,
      0.2685
    ],
    [
      8500,
      1,
      0.002834,
      0.000927,
      0.2685
    ],
    [
      8600,
      1,
      0.00277,
      0.000916,
      0.2685
    ],
    [
      8700,
      1,
      0.003078,
      0.000908,
      0.2685
    ],
    [
      8800,
      1,
      0.002745,
      0.000896,
      0.2685
    ],
    [
      8900,
      1,
      0.002684,
      0.000886,
      0.2685
    ],
    [
      9000,
      1,
      0.002984,
      0.000878,
      0.2685
    ],
    [
      9100,
      1,
      0.002662,
      0.000867,
      0.2685
    ],
    [
      9200,
      1,
      0.002604,
      0.000857,
      0.2685
    ],
    [
      9300,
      1,
      0.002896,
      0.00085,
      0.2685
    ],
    [
      9400,
      1,
      0.002584,
      0.00084,
      0.2685
    ],
    [
      9500,
      1,
      0.002528,
      0.000831,
      0.2685
    ],
    [
      9600,
      1,
      0.002812,
      0.000824,
      0.2685
    ],
    [
      9700,
      1,
      0.00251,
      0.000814,
      0.2685
    ],
    [
      9800,
      1,
      0.002457,
      0.000806,
      0.2685
    ],
    [
      9900,
      1,
      0.002734,
