{
  "game": "cn04",
  "condition": "lv",
  "draw": 2,
  "seed": 200,
  "use_lv": true,
  "mean_cycle_distinct": 1.05,
  "mean_max_activation": 0.010653,
  "lv_stats": [
    [
      0,
      1,
      0.099446,
      0.049712,
      0.2673
    ],
    [
      100,
      5,
      0.06845,
      0.032372,
      0.2673
    ],
    [
      200,
      2,
      0.055126,
      0.024013,
      0.2673
    ],
    [
      300,
      1,
      0.050585,
      0.019124,
      0.2673
    ],
    [
      400,
      1,
      0.036933,
      0.015842,
      0.2673
    ],
    [
      500,
      1,
      0.033971,
      0.013543,
      0.2673
    ],
    [
      600,
      1,
      0.033352,
      0.011851,
      0.2673
    ],
    [
      700,
      1,
      0.025719,
      0.010491,
      0.2673
    ],
    [
      800,
      1,
      0.024724,
      0.009433,
      0.2673
    ],
    [
      900,
      1,
      0.02506,
      0.008588,
      0.2673
    ],
    [
      1000,
      1,
      0.01985,
      0.007843,
      0.2673
    ],
    [
      1100,
      1,
      0.019532,
      0.007237,
      0.2673
    ],
    [
      1200,
      1,
      0.020158,
      0.006734,
      0.2673
    ],
    [
      1300,
      1,
      0.016223,
      0.006262,
      0.2673
    ],
    [
      1400,
      1,
      0.016194,
      0.005871,
      0.2673
    ],
    [
      1500,
      1,
      0.016909,
      0.005539,
      0.2673
    ],
    [
      1600,
      1,
      0.013751,
      0.005212,
      0.2673
    ],
    [
      1700,
      1,
      0.013861,
      0.004939,
      0.2673
    ],
    [
      1800,
      1,
      0.01459,
      0.004705,
      0.2673
    ],
    [
      1900,
      1,
      0.011954,
      0.004463,
      0.2673
    ],
    [
      2000,
      1,
      0.012135,
      0.004262,
      0.2673
    ],
    [
      2100,
      1,
      0.012849,
      0.004089,
      0.2673
    ],
    [
      2200,
      1,
      0.010586,
      0.003903,
      0.2673
    ],
    [
      2300,
      1,
      0.010803,
      0.003749,
      0.2673
    ],
    [
      2400,
      1,
      0.011492,
      0.003615,
      0.2673
    ],
    [
      2500,
      1,
      0.009509,
      0.003467,
      0.2673
    ],
    [
      2600,
      1,
      0.009744,
      0.003345,
      0.2673
    ],
    [
      2700,
      1,
      0.010402,
      0.00324,
      0.2673
    ],
    [
      2800,
      1,
      0.008637,
      0.003119,
      0.2673
    ],
    [
      2900,
      1,
      0.00888,
      0.003021,
      0.2673
    ],
    [
      3000,
      1,
      0.009508,
      0.002936,
      0.2673
    ],
    [
      3100,
      1,
      0.007916,
      0.002835,
      0.2673
    ],
    [
      3200,
      1,
      0.008162,
      0.002753,
      0.2673
    ],
    [
      3300,
      1,
      0.00876,
      0.002683,
      0.2673
    ],
    [
      3400,
      1,
      0.00731,
      0.002598,
      0.2673
    ],
    [
      3500,
      1,
      0.007554,
      0.002529,
      0.2673
    ],
    [
      3600,
      1,
      0.008124,
      0.002471,
      0.2673
    ],
    [
      3700,
      1,
      0.006793,
      0.002397,
      0.2673
    ],
    [
      3800,
      1,
      0.007034,
      0.002339,
      0.2673
    ],
    [
      3900,
      1,
      0.007578,
      0.00229,
      0.2673
    ],
    [
      4000,
      1,
      0.006347,
      0.002226,
      0.2673
    ],
    [
      4100,
      1,
      0.006583,
      0.002176,
      0.2673
    ],
    [
      4200,
      1,
      0.007102,
      0.002134,
      0.2673
    ],
    [
      4300,
      1,
      0.005957,
      0.002077,
      0.2673
    ],
    [
      4400,
      1,
      0.006188,
      0.002033,
      0.2673
    ],
    [
      4500,
      1,
      0.006684,
      0.001997,
      0.2673
    ],
    [
      4600,
      1,
      0.005614,
      0.001947,
      0.2673
    ],
    [
      4700,
      1,
      0.005839,
      0.001909,
      0.2673
    ],
    [
      4800,
      1,
      0.006314,
      0.001877,
      0.2673
    ],
    [
      4900,
      1,
      0.005309,
      0.001832,
      0.2673
    ],
    [
      5000,
      1,
      0.005528,
      0.001798,
      0.2673
    ],
    [
      5100,
      1,
      0.005985,
      0.001771,
      0.2673
    ],
    [
      5200,
      1,
      0.005037,
      0.00173,
      0.2673
    ],
    [
      5300,
      1,
      0.00525,
      0.0017,
      0.2673
    ],
    [
      5400,
      1,
      0.005688,
      0.001676,
      0.2673
    ],
    [
      5500,
      1,
      0.004792,
      0.001639,
      0.2673
    ],
    [
      5600,
      1,
      0.004999,
      0.001612,
      0.2673
    ],
    [
      5700,
      1,
      0.005421,
      0.00159,
      0.2673
    ],
    [
      5800,
      1,
      0.00457,
      0.001557,
      0.2673
    ],
    [
      5900,
      1,
      0.004771,
      0.001532,
      0.2673
    ],
    [
      6000,
      1,
      0.005178,
      0.001513,
      0.2673
    ],
    [
      6100,
      1,
      0.004369,
      0.001482,
      0.2673
    ],
    [
      6200,
      1,
      0.004564,
      0.00146,
      0.2673
    ],
    [
      6300,
      1,
      0.004956,
      0.001443,
      0.2673
    ],
    [
      6400,
      1,
      0.004184,
      0.001415,
      0.2673
    ],
    [
      6500,
      1,
      0.004375,
      0.001395,
      0.2673
    ],
    [
      6600,
      1,
      0.004754,
      0.00138,
      0.2673
    ],
    [
      6700,
      1,
      0.004016,
      0.001353,
      0.2673
    ],
    [
      6800,
      1,
      0.004201,
      0.001335,
      0.2673
    ],
    [
      6900,
      1,
      0.004567,
      0.001321,
      0.2673
    ],
    [
      7000,
      1,
      0.00386,
      0.001297,
      0.2673
    ],
    [
      7100,
      1,
      0.004041,
      0.00128,
      0.2673
    ],
    [
      7200,
      1,
      0.004395,
      0.001268,
      0.2673
    ],
    [
      7300,
      1,
      0.003717,
      0.001245,
      0.2673
    ],
    [
      7400,
      1,
      0.003893,
      0.001229,
      0.2673
    ],
    [
      7500,
      1,
      0.004236,
      0.001218,
      0.2673
    ],
    [
      7600,
      1,
      0.003584,
      0.001197,
      0.2673
    ],
    [
      7700,
      1,
      0.003755,
      0.001183,
      0.2673
    ],
    [
      7800,
      1,
      0.004088,
      0.001173,
      0.2673
    ],
    [
      7900,
      1,
      0.00346,
      0.001152,
      0.2673
    ],
    [
      8000,
      1,
      0.003627,
      0.001139,
      0.2673
    ],
    [
      8100,
      1,
      0.00395,
      0.00113,
      0.2673
    ],
    [
      8200,
      1,
      0.003345,
      0.001111,
      0.2673
    ],
    [
      8300,
      1,
      0.003508,
      0.001099,
      0.2673
    ],
    [
      8400,
      1,
      0.003822,
      0.001091,
      0.2673
    ],
    [
      8500,
      1,
      0.003237,
      0.001073,
      0.2673
    ],
    [
      8600,
      1,
      0.003396,
      0.001061,
      0.2673
    ],
    [
      8700,
      1,
      0.003701,
      0.001054,
      0.2673
    ],
    [
      8800,
      1,
      0.003136,
      0.001037,
      0.2673
    ],
    [
      8900,
      1,
      0.003292,
      0.001026,
      0.2673
    ],
    [
      9000,
      1,
      0.003589,
      0.001019,
      0.2673
    ],
    [
      9100,
      1,
      0.003042,
      0.001003,
      0.2673
    ],
    [
      9200,
      1,
      0.003193,
      0.000994,
      0.2673
    ],
    [
      9300,
      1,
      0.003483,
      0.000987,
      0.2673
    ],
    [
      9400,
      1,
      0.002953,
      0.000972,
      0.2673
    ],
    [
      9500,
      1,
      0.003101,
      0.000963,
      0.2673
    ],
    [
      9600,
      1,
      0.003383,
      0.000957,
      0.2673
    ],
    [
      9700,
      1,
      0.002869,
      0.000942,
      0.2673
    ],
    [
      9800,
      1,
      0.003014,
      0.000934,
      0.2673
    ],
    [
      9900,
      1,
      0.003288,
