{
  "game": "cn04",
  "condition": "lv",
  "draw": 1,
  "seed": 100,
  "use_lv": true,
  "mean_cycle_distinct": 2.05,
  "mean_max_activation": 0.016287,
  "lv_stats": [
    [
      0,
      1,
      0.099635,
      0.049535,
      0.2836
    ],
    [
      100,
      4,
      0.088031,
      0.037741,
      0.2836
    ],
    [
      200,
      1,
      0.072054,
      0.03047,
      0.2836
    ],
    [
      300,
      1,
      0.069161,
      0.025639,
      0.2836
    ],
    [
      400,
      1,
      0.057001,
      0.022039,
      0.2836
    ],
    [
      500,
      1,
      0.049138,
      0.019333,
      0.2836
    ],
    [
      600,
      1,
      0.049271,
      0.017301,
      0.2836
    ],
    [
      700,
      1,
      0.04201,
      0.015565,
      0.2836
    ],
    [
      800,
      1,
      0.037332,
      0.014159,
      0.2836
    ],
    [
      900,
      1,
      0.038375,
      0.013057,
      0.2836
    ],
    [
      1000,
      1,
      0.033372,
      0.012032,
      0.2836
    ],
    [
      1100,
      1,
      0.030191,
      0.01117,
      0.2836
    ],
    [
      1200,
      1,
      0.031512,
      0.010486,
      0.2836
    ],
    [
      1300,
      1,
      0.027751,
      0.009806,
      0.2836
    ],
    [
      1400,
      1,
      0.0254,
      0.009223,
      0.2836
    ],
    [
      1500,
      1,
      0.026786,
      0.008761,
      0.2836
    ],
    [
      1600,
      1,
      0.023795,
      0.008275,
      0.2836
    ],
    [
      1700,
      1,
      0.021959,
      0.007854,
      0.2836
    ],
    [
      1800,
      1,
      0.023329,
      0.007523,
      0.2836
    ],
    [
      1900,
      1,
      0.020856,
      0.007158,
      0.2836
    ],
    [
      2000,
      1,
      0.019363,
      0.006839,
      0.2836
    ],
    [
      2100,
      2,
      0.020685,
      0.006593,
      0.2836
    ],
    [
      2200,
      3,
      0.018583,
      0.006306,
      0.2836
    ],
    [
      2300,
      3,
      0.017332,
      0.006056,
      0.2836
    ],
    [
      2400,
      2,
      0.018643,
      0.005867,
      0.2836
    ],
    [
      2500,
      3,
      0.016773,
      0.005636,
      0.2836
    ],
    [
      2600,
      3,
      0.015696,
      0.005434,
      0.2836
    ],
    [
      2700,
      2,
      0.016998,
      0.005285,
      0.2836
    ],
    [
      2800,
      3,
      0.015295,
      0.005094,
      0.2836
    ],
    [
      2900,
      3,
      0.014352,
      0.004928,
      0.2836
    ],
    [
      3000,
      2,
      0.015631,
      0.004808,
      0.2836
    ],
    [
      3100,
      3,
      0.014065,
      0.004648,
      0.2836
    ],
    [
      3200,
      3,
      0.013228,
      0.004508,
      0.2836
    ],
    [
      3300,
      2,
      0.014477,
      0.00441,
      0.2836
    ],
    [
      3400,
      3,
      0.013025,
      0.004273,
      0.2836
    ],
    [
      3500,
      3,
      0.012273,
      0.004154,
      0.2836
    ],
    [
      3600,
      2,
      0.013489,
      0.004073,
      0.2836
    ],
    [
      3700,
      3,
      0.012134,
      0.003955,
      0.2836
    ],
    [
      3800,
      3,
      0.011451,
      0.003852,
      0.2836
    ],
    [
      3900,
      2,
      0.012632,
      0.003784,
      0.2836
    ],
    [
      4000,
      3,
      0.011362,
      0.00368,
      0.2836
    ],
    [
      4100,
      3,
      0.010736,
      0.003591,
      0.2836
    ],
    [
      4200,
      2,
      0.011882,
      0.003533,
      0.2836
    ],
    [
      4300,
      3,
      0.010685,
      0.003441,
      0.2836
    ],
    [
      4400,
      3,
      0.010108,
      0.003362,
      0.2836
    ],
    [
      4500,
      2,
      0.01122,
      0.003314,
      0.2836
    ],
    [
      4600,
      3,
      0.010088,
      0.003231,
      0.2836
    ],
    [
      4700,
      3,
      0.009552,
      0.003161,
      0.2836
    ],
    [
      4800,
      2,
      0.01063,
      0.00312,
      0.2836
    ],
    [
      4900,
      3,
      0.009556,
      0.003046,
      0.2836
    ],
    [
      5000,
      3,
      0.009056,
      0.002983,
      0.2836
    ],
    [
      5100,
      2,
      0.010102,
      0.002948,
      0.2836
    ],
    [
      5200,
      3,
      0.00908,
      0.00288,
      0.2836
    ],
    [
      5300,
      3,
      0.008611,
      0.002824,
      0.2836
    ],
    [
      5400,
      2,
      0.009625,
      0.002793,
      0.2836
    ],
    [
      5500,
      3,
      0.00865,
      0.002732,
      0.2836
    ],
    [
      5600,
      2,
      0.008209,
      0.002681,
      0.2836
    ],
    [
      5700,
      2,
      0.009193,
      0.002654,
      0.2836
    ],
    [
      5800,
      2,
      0.008261,
      0.002598,
      0.2836
    ],
    [
      5900,
      2,
      0.007845,
      0.002551,
      0.2836
    ],
    [
      6000,
      2,
      0.0088,
      0.002528,
      0.2836
    ],
    [
      6100,
      2,
      0.007907,
      0.002477,
      0.2836
    ],
    [
      6200,
      2,
      0.007512,
      0.002434,
      0.2836
    ],
    [
      6300,
      2,
      0.00844,
      0.002414,
      0.2836
    ],
    [
      6400,
      2,
      0.007583,
      0.002366,
      0.2836
    ],
    [
      6500,
      2,
      0.007208,
      0.002327,
      0.2836
    ],
    [
      6600,
      2,
      0.008109,
      0.002309,
      0.2836
    ],
    [
      6700,
      2,
      0.007285,
      0.002265,
      0.2836
    ],
    [
      6800,
      2,
      0.006928,
      0.002229,
      0.2836
    ],
    [
      6900,
      2,
      0.007805,
      0.002213,
      0.2836
    ],
    [
      7000,
      2,
      0.007011,
      0.002172,
      0.2836
    ],
    [
      7100,
      2,
      0.00667,
      0.002139,
      0.2836
    ],
    [
      7200,
      2,
      0.007523,
      0.002125,
      0.2836
    ],
    [
      7300,
      2,
      0.006758,
      0.002087,
      0.2836
    ],
    [
      7400,
      2,
      0.006431,
      0.002056,
      0.2836
    ],
    [
      7500,
      2,
      0.007262,
      0.002044,
      0.2836
    ],
    [
      7600,
      2,
      0.006523,
      0.002008,
      0.2836
    ],
    [
      7700,
      2,
      0.006209,
      0.001979,
      0.2836
    ],
    [
      7800,
      2,
      0.007018,
      0.001968,
      0.2836
    ],
    [
      7900,
      2,
      0.006304,
      0.001934,
      0.2836
    ],
    [
      8000,
      2,
      0.006003,
      0.001907,
      0.2836
    ],
    [
      8100,
      2,
      0.006791,
      0.001898,
      0.2836
    ],
    [
      8200,
      2,
      0.0061,
      0.001866,
      0.2836
    ],
    [
      8300,
      2,
      0.00581,
      0.001841,
      0.2836
    ],
    [
      8400,
      2,
      0.006579,
      0.001833,
      0.2836
    ],
    [
      8500,
      2,
      0.005909,
      0.001803,
      0.2836
    ],
    [
      8600,
      2,
      0.00563,
      0.001779,
      0.2836
    ],
    [
      8700,
      2,
      0.006381,
      0.001772,
      0.2836
    ],
    [
      8800,
      2,
      0.005731,
      0.001743,
      0.2836
    ],
    [
      8900,
      2,
      0.00546,
      0.001721,
      0.2836
    ],
    [
      9000,
      2,
      0.006194,
      0.001715,
      0.2836
    ],
    [
      9100,
      2,
      0.005563,
      0.001688,
      0.2836
    ],
    [
      9200,
      2,
      0.005302,
      0.001667,
      0.2836
    ],
    [
      9300,
      2,
      0.006018,
      0.001662,
      0.2836
    ],
    [
      9400,
      2,
      0.005405,
      0.001636,
      0.2836
    ],
    [
      9500,
      2,
      0.005152,
      0.001616,
      0.2836
    ],
    [
      9600,
      2,
      0.005853,
      0.001612,
      0.2836
    ],
    [
      9700,
      2,
      0.005257,
      0.001587,
      0.2836
    ],
    [
      9800,
      2,
      0.005011,
      0.001568,
      0.2836
    ],
    [
      9900,
      2,
      0.005696,
