{
  "game": "ft09",
  "condition": "lv",
  "draw": 3,
  "seed": 300,
  "use_lv": true,
  "mean_cycle_distinct": 1.01,
  "mean_max_activation": 0.007504,
  "lv_stats": [
    [
      0,
      1,
      0.099383,
      0.05035,
      0.2703
    ],
    [
      100,
      1,
      0.062782,
      0.031687,
      0.2703
    ],
    [
      200,
      1,
      0.045855,
      0.023127,
      0.2703
    ],
    [
      300,
      2,
      0.036131,
      0.018211,
      0.2703
    ],
    [
      400,
      1,
      0.029813,
      0.01502,
      0.2703
    ],
    [
      500,
      1,
      0.025377,
      0.012781,
      0.2703
    ],
    [
      600,
      1,
      0.022092,
      0.011123,
      0.2703
    ],
    [
      700,
      1,
      0.019561,
      0.009847,
      0.2703
    ],
    [
      800,
      1,
      0.01755,
      0.008833,
      0.2703
    ],
    [
      900,
      1,
      0.015915,
      0.008008,
      0.2703
    ],
    [
      1000,
      1,
      0.014559,
      0.007325,
      0.2703
    ],
    [
      1100,
      1,
      0.013416,
      0.006749,
      0.2703
    ],
    [
      1200,
      1,
      0.012439,
      0.006257,
      0.2703
    ],
    [
      1300,
      1,
      0.011596,
      0.005831,
      0.2703
    ],
    [
      1400,
      1,
      0.010859,
      0.00546,
      0.2703
    ],
    [
      1500,
      1,
      0.010211,
      0.005134,
      0.2703
    ],
    [
      1600,
      1,
      0.009635,
      0.004844,
      0.2703
    ],
    [
      1700,
      1,
      0.009122,
      0.004585,
      0.2703
    ],
    [
      1800,
      1,
      0.00866,
      0.004353,
      0.2703
    ],
    [
      1900,
      1,
      0.008243,
      0.004143,
      0.2703
    ],
    [
      2000,
      1,
      0.007864,
      0.003952,
      0.2703
    ],
    [
      2100,
      1,
      0.007518,
      0.003778,
      0.2703
    ],
    [
      2200,
      1,
      0.007202,
      0.003619,
      0.2703
    ],
    [
      2300,
      1,
      0.006911,
      0.003472,
      0.2703
    ],
    [
      2400,
      1,
      0.006643,
      0.003337,
      0.2703
    ],
    [
      2500,
      1,
      0.006395,
      0.003213,
      0.2703
    ],
    [
      2600,
      1,
      0.006164,
      0.003097,
      0.2703
    ],
    [
      2700,
      1,
      0.00595,
      0.002989,
      0.2703
    ],
    [
      2800,
      1,
      0.00575,
      0.002888,
      0.2703
    ],
    [
      2900,
      1,
      0.005563,
      0.002794,
      0.2703
    ],
    [
      3000,
      1,
      0.005388,
      0.002706,
      0.2703
    ],
    [
      3100,
      1,
      0.005224,
      0.002624,
      0.2703
    ],
    [
      3200,
      1,
      0.005069,
      0.002546,
      0.2703
    ],
    [
      3300,
      1,
      0.004924,
      0.002472,
      0.2703
    ],
    [
      3400,
      1,
      0.004786,
      0.002403,
      0.2703
    ],
    [
      3500,
      1,
      0.004656,
      0.002338,
      0.2703
    ],
    [
      3600,
      1,
      0.004533,
      0.002276,
      0.2703
    ],
    [
      3700,
      1,
      0.004416,
      0.002217,
      0.2703
    ],
    [
      3800,
      1,
      0.004305,
      0.002161,
      0.2703
    ],
    [
      3900,
      1,
      0.004199,
      0.002108,
      0.2703
    ],
    [
      4000,
      1,
      0.004099,
      0.002058,
      0.2703
    ],
    [
      4100,
      1,
      0.004003,
      0.002009,
      0.2703
    ],
    [
      4200,
      1,
      0.003912,
      0.001964,
      0.2703
    ],
    [
      4300,
      1,
      0.003824,
      0.00192,
      0.2703
    ],
    [
      4400,
      1,
      0.003741,
      0.001878,
      0.2703
    ],
    [
      4500,
      1,
      0.003661,
      0.001837,
      0.2703
    ],
    [
      4600,
      1,
      0.003584,
      0.001799,
      0.2703
    ],
    [
      4700,
      1,
      0.003511,
      0.001762,
      0.2703
    ],
    [
      4800,
      1,
      0.00344,
      0.001727,
      0.2703
    ],
    [
      4900,
      1,
      0.003373,
      0.001693,
      0.2703
    ],
    [
      5000,
      1,
      0.003308,
      0.00166,
      0.2703
    ],
    [
      5100,
      1,
      0.003245,
      0.001628,
      0.2703
    ],
    [
      5200,
      1,
      0.003185,
      0.001598,
      0.2703
    ],
    [
      5300,
      1,
      0.003127,
      0.001569,
      0.2703
    ],
    [
      5400,
      1,
      0.003071,
      0.001541,
      0.2703
    ],
    [
      5500,
      1,
      0.003016,
      0.001514,
      0.2703
    ],
    [
      5600,
      1,
      0.002964,
      0.001487,
      0.2703
    ],
    [
      5700,
      1,
      0.002914,
      0.001462,
      0.2703
    ],
    [
      5800,
      1,
      0.002865,
      0.001438,
      0.2703
    ],
    [
      5900,
      1,
      0.002818,
      0.001414,
      0.2703
    ],
    [
      6000,
      1,
      0.002773,
      0.001391,
      0.2703
    ],
    [
      6100,
      1,
      0.002728,
      0.001369,
      0.2703
    ],
    [
      6200,
      1,
      0.002686,
      0.001347,
      0.2703
    ],
    [
      6300,
      1,
      0.002644,
      0.001327,
      0.2703
    ],
    [
      6400,
      1,
      0.002604,
      0.001306,
      0.2703
    ],
    [
      6500,
      1,
      0.002565,
      0.001287,
      0.2703
    ],
    [
      6600,
      1,
      0.002527,
      0.001268,
      0.2703
    ],
    [
      6700,
      1,
      0.002491,
      0.001249,
      0.2703
    ],
    [
      6800,
      1,
      0.002455,
      0.001231,
      0.2703
    ],
    [
      6900,
      1,
      0.00242,
      0.001214,
      0.2703
    ],
    [
      7000,
      1,
      0.002387,
      0.001197,
      0.2703
    ],
    [
      7100,
      1,
      0.002354,
      0.001181,
      0.2703
    ],
    [
      7200,
      1,
      0.002322,
      0.001165,
      0.2703
    ],
    [
      7300,
      1,
      0.002291,
      0.001149,
      0.2703
    ],
    [
      7400,
      1,
      0.002261,
      0.001134,
      0.2703
    ],
    [
      7500,
      1,
      0.002231,
      0.001119,
      0.2703
    ],
    [
      7600,
      1,
      0.002203,
      0.001105,
      0.2703
    ],
    [
      7700,
      1,
      0.002175,
      0.001091,
      0.2703
    ],
    [
      7800,
      1,
      0.002147,
      0.001077,
      0.2703
    ],
    [
      7900,
      1,
      0.002121,
      0.001064,
      0.2703
    ],
    [
      8000,
      1,
      0.002095,
      0.001051,
      0.2703
    ],
    [
      8100,
      1,
      0.00207,
      0.001038,
      0.2703
    ],
    [
      8200,
      1,
      0.002045,
      0.001026,
      0.2703
    ],
    [
      8300,
      1,
      0.002021,
      0.001013,
      0.2703
    ],
    [
      8400,
      1,
      0.001997,
      0.001002,
      0.2703
    ],
    [
      8500,
      1,
      0.001974,
      0.00099,
      0.2703
    ],
    [
      8600,
      1,
      0.001952,
      0.000979,
      0.2703
    ],
    [
      8700,
      1,
      0.00193,
      0.000968,
      0.2703
    ],
    [
      8800,
      1,
      0.001908,
      0.000957,
      0.2703
    ],
    [
      8900,
      1,
      0.001887,
      0.000946,
      0.2703
    ],
    [
      9000,
      1,
      0.001867,
      0.000936,
      0.2703
    ],
    [
      9100,
      1,
      0.001847,
      0.000926,
      0.2703
    ],
    [
      9200,
      1,
      0.001827,
      0.000916,
      0.2703
    ],
    [
      9300,
      1,
      0.001808,
      0.000906,
      0.2703
    ],
    [
      9400,
      1,
      0.001789,
      0.000897,
      0.2703
    ],
    [
      9500,
      1,
      0.001771,
      0.000888,
      0.2703
    ],
    [
      9600,
      1,
      0.001752,
      0.000879,
      0.2703
    ],
    [
      9700,
      1,
      0.001735,
      0.00087,
      0.2703
    ],
    [
      9800,
      1,
      0.001717,
      0.000861,
      0.2703
    ],
    [
      9900,
      1,
