{
  "game": "ft09",
  "condition": "lv",
  "draw": 1,
  "seed": 100,
  "use_lv": true,
  "mean_cycle_distinct": 1.01,
  "mean_max_activation": 0.011582,
  "lv_stats": [
    [
      0,
      1,
      0.099635,
      0.049535,
      0.2836
    ],
    [
      100,
      1,
      0.075877,
      0.037722,
      0.2836
    ],
    [
      200,
      1,
      0.061275,
      0.030462,
      0.2836
    ],
    [
      300,
      1,
      0.05139,
      0.025546,
      0.2836
    ],
    [
      400,
      1,
      0.044253,
      0.021998,
      0.2836
    ],
    [
      500,
      1,
      0.038857,
      0.019316,
      0.2836
    ],
    [
      600,
      1,
      0.034635,
      0.017216,
      0.2836
    ],
    [
      700,
      1,
      0.031241,
      0.015529,
      0.2836
    ],
    [
      800,
      1,
      0.028453,
      0.014143,
      0.2836
    ],
    [
      900,
      1,
      0.026122,
      0.012984,
      0.2836
    ],
    [
      1000,
      1,
      0.024144,
      0.012001,
      0.2836
    ],
    [
      1100,
      1,
      0.022445,
      0.011156,
      0.2836
    ],
    [
      1200,
      1,
      0.020969,
      0.010423,
      0.2836
    ],
    [
      1300,
      1,
      0.019676,
      0.00978,
      0.2836
    ],
    [
      1400,
      1,
      0.018533,
      0.009211,
      0.2836
    ],
    [
      1500,
      1,
      0.017515,
      0.008705,
      0.2836
    ],
    [
      1600,
      1,
      0.016603,
      0.008252,
      0.2836
    ],
    [
      1700,
      1,
      0.015782,
      0.007844,
      0.2836
    ],
    [
      1800,
      1,
      0.015038,
      0.007474,
      0.2836
    ],
    [
      1900,
      1,
      0.014361,
      0.007138,
      0.2836
    ],
    [
      2000,
      1,
      0.013742,
      0.00683,
      0.2836
    ],
    [
      2100,
      1,
      0.013175,
      0.006548,
      0.2836
    ],
    [
      2200,
      1,
      0.012652,
      0.006288,
      0.2836
    ],
    [
      2300,
      1,
      0.01217,
      0.006048,
      0.2836
    ],
    [
      2400,
      1,
      0.011723,
      0.005826,
      0.2836
    ],
    [
      2500,
      1,
      0.011307,
      0.00562,
      0.2836
    ],
    [
      2600,
      1,
      0.01092,
      0.005427,
      0.2836
    ],
    [
      2700,
      1,
      0.010559,
      0.005248,
      0.2836
    ],
    [
      2800,
      1,
      0.010221,
      0.005079,
      0.2836
    ],
    [
      2900,
      1,
      0.009903,
      0.004922,
      0.2836
    ],
    [
      3000,
      1,
      0.009605,
      0.004774,
      0.2836
    ],
    [
      3100,
      1,
      0.009325,
      0.004634,
      0.2836
    ],
    [
      3200,
      1,
      0.00906,
      0.004503,
      0.2836
    ],
    [
      3300,
      1,
      0.00881,
      0.004378,
      0.2836
    ],
    [
      3400,
      1,
      0.008573,
      0.004261,
      0.2836
    ],
    [
      3500,
      1,
      0.008349,
      0.004149,
      0.2836
    ],
    [
      3600,
      1,
      0.008136,
      0.004043,
      0.2836
    ],
    [
      3700,
      1,
      0.007934,
      0.003943,
      0.2836
    ],
    [
      3800,
      1,
      0.007741,
      0.003847,
      0.2836
    ],
    [
      3900,
      1,
      0.007558,
      0.003756,
      0.2836
    ],
    [
      4000,
      1,
      0.007383,
      0.003669,
      0.2836
    ],
    [
      4100,
      1,
      0.007216,
      0.003586,
      0.2836
    ],
    [
      4200,
      1,
      0.007057,
      0.003507,
      0.2836
    ],
    [
      4300,
      1,
      0.006904,
      0.003431,
      0.2836
    ],
    [
      4400,
      1,
      0.006758,
      0.003358,
      0.2836
    ],
    [
      4500,
      1,
      0.006618,
      0.003289,
      0.2836
    ],
    [
      4600,
      1,
      0.006483,
      0.003222,
      0.2836
    ],
    [
      4700,
      1,
      0.006354,
      0.003158,
      0.2836
    ],
    [
      4800,
      1,
      0.00623,
      0.003096,
      0.2836
    ],
    [
      4900,
      1,
      0.006111,
      0.003037,
      0.2836
    ],
    [
      5000,
      1,
      0.005996,
      0.00298,
      0.2836
    ],
    [
      5100,
      1,
      0.005885,
      0.002925,
      0.2836
    ],
    [
      5200,
      1,
      0.005779,
      0.002872,
      0.2836
    ],
    [
      5300,
      1,
      0.005676,
      0.002821,
      0.2836
    ],
    [
      5400,
      1,
      0.005577,
      0.002771,
      0.2836
    ],
    [
      5500,
      1,
      0.005481,
      0.002724,
      0.2836
    ],
    [
      5600,
      1,
      0.005389,
      0.002678,
      0.2836
    ],
    [
      5700,
      1,
      0.005299,
      0.002633,
      0.2836
    ],
    [
      5800,
      1,
      0.005213,
      0.00259,
      0.2836
    ],
    [
      5900,
      1,
      0.005129,
      0.002549,
      0.2836
    ],
    [
      6000,
      1,
      0.005048,
      0.002508,
      0.2836
    ],
    [
      6100,
      1,
      0.004969,
      0.002469,
      0.2836
    ],
    [
      6200,
      1,
      0.004893,
      0.002431,
      0.2836
    ],
    [
      6300,
      1,
      0.004819,
      0.002395,
      0.2836
    ],
    [
      6400,
      1,
      0.004747,
      0.002359,
      0.2836
    ],
    [
      6500,
      1,
      0.004678,
      0.002324,
      0.2836
    ],
    [
      6600,
      1,
      0.00461,
      0.002291,
      0.2836
    ],
    [
      6700,
      1,
      0.004545,
      0.002258,
      0.2836
    ],
    [
      6800,
      1,
      0.004481,
      0.002227,
      0.2836
    ],
    [
      6900,
      1,
      0.004419,
      0.002196,
      0.2836
    ],
    [
      7000,
      1,
      0.004358,
      0.002166,
      0.2836
    ],
    [
      7100,
      1,
      0.0043,
      0.002137,
      0.2836
    ],
    [
      7200,
      1,
      0.004243,
      0.002108,
      0.2836
    ],
    [
      7300,
      1,
      0.004187,
      0.002081,
      0.2836
    ],
    [
      7400,
      1,
      0.004133,
      0.002054,
      0.2836
    ],
    [
      7500,
      1,
      0.00408,
      0.002027,
      0.2836
    ],
    [
      7600,
      1,
      0.004028,
      0.002002,
      0.2836
    ],
    [
      7700,
      1,
      0.003978,
      0.001977,
      0.2836
    ],
    [
      7800,
      1,
      0.003929,
      0.001952,
      0.2836
    ],
    [
      7900,
      1,
      0.003881,
      0.001929,
      0.2836
    ],
    [
      8000,
      2,
      0.003835,
      0.001906,
      0.2836
    ],
    [
      8100,
      1,
      0.003789,
      0.001883,
      0.2836
    ],
    [
      8200,
      1,
      0.003745,
      0.001861,
      0.2836
    ],
    [
      8300,
      1,
      0.003701,
      0.001839,
      0.2836
    ],
    [
      8400,
      1,
      0.003659,
      0.001818,
      0.2836
    ],
    [
      8500,
      1,
      0.003617,
      0.001798,
      0.2836
    ],
    [
      8600,
      1,
      0.003577,
      0.001777,
      0.2836
    ],
    [
      8700,
      1,
      0.003537,
      0.001758,
      0.2836
    ],
    [
      8800,
      1,
      0.003499,
      0.001738,
      0.2836
    ],
    [
      8900,
      1,
      0.003461,
      0.00172,
      0.2836
    ],
    [
      9000,
      1,
      0.003424,
      0.001701,
      0.2836
    ],
    [
      9100,
      1,
      0.003387,
      0.001683,
      0.2836
    ],
    [
      9200,
      1,
      0.003352,
      0.001665,
      0.2836
    ],
    [
      9300,
      1,
      0.003317,
      0.001648,
      0.2836
    ],
    [
      9400,
      1,
      0.003283,
      0.001631,
      0.2836
    ],
    [
      9500,
      1,
      0.003249,
      0.001615,
      0.2836
    ],
    [
      9600,
      1,
      0.003217,
      0.001598,
      0.2836
    ],
    [
      9700,
      1,
      0.003184,
      0.001582,
      0.2836
    ],
    [
      9800,
      1,
      0.003153,
      0.001567,
      0.2836
    ],
    [
      9900,
      1,
