{
  "game": "ls20",
  "condition": "lv",
  "draw": 5,
  "seed": 500,
  "use_lv": true,
  "mean_cycle_distinct": 1.01,
  "mean_max_activation": 0.022157,
  "lv_stats": [
    [
      0,
      1,
      0.069137,
      0.042077,
      0.211
    ],
    [
      100,
      2,
      0.05872,
      0.03307,
      0.211
    ],
    [
      200,
      1,
      0.052702,
      0.026941,
      0.211
    ],
    [
      300,
      1,
      0.047771,
      0.022704,
      0.211
    ],
    [
      400,
      1,
      0.043844,
      0.019631,
      0.211
    ],
    [
      500,
      1,
      0.040684,
      0.017308,
      0.211
    ],
    [
      600,
      1,
      0.038097,
      0.015493,
      0.211
    ],
    [
      700,
      1,
      0.035943,
      0.014037,
      0.211
    ],
    [
      800,
      1,
      0.034125,
      0.012844,
      0.211
    ],
    [
      900,
      1,
      0.032569,
      0.01185,
      0.211
    ],
    [
      1000,
      1,
      0.031223,
      0.011008,
      0.211
    ],
    [
      1100,
      1,
      0.030047,
      0.010286,
      0.211
    ],
    [
      1200,
      1,
      0.029011,
      0.009661,
      0.211
    ],
    [
      1300,
      1,
      0.028093,
      0.009115,
      0.211
    ],
    [
      1400,
      1,
      0.027272,
      0.008633,
      0.211
    ],
    [
      1500,
      1,
      0.026535,
      0.008206,
      0.211
    ],
    [
      1600,
      1,
      0.02587,
      0.007823,
      0.211
    ],
    [
      1700,
      1,
      0.025266,
      0.00748,
      0.211
    ],
    [
      1800,
      1,
      0.024717,
      0.00717,
      0.211
    ],
    [
      1900,
      1,
      0.024215,
      0.006888,
      0.211
    ],
    [
      2000,
      1,
      0.023754,
      0.006631,
      0.211
    ],
    [
      2100,
      1,
      0.023331,
      0.006397,
      0.211
    ],
    [
      2200,
      1,
      0.022941,
      0.006181,
      0.211
    ],
    [
      2300,
      1,
      0.02258,
      0.005983,
      0.211
    ],
    [
      2400,
      1,
      0.022245,
      0.0058,
      0.211
    ],
    [
      2500,
      1,
      0.021935,
      0.00563,
      0.211
    ],
    [
      2600,
      1,
      0.021646,
      0.005473,
      0.211
    ],
    [
      2700,
      1,
      0.021377,
      0.005326,
      0.211
    ],
    [
      2800,
      1,
      0.021126,
      0.005189,
      0.211
    ],
    [
      2900,
      1,
      0.020892,
      0.005062,
      0.211
    ],
    [
      3000,
      1,
      0.020673,
      0.004942,
      0.211
    ],
    [
      3100,
      1,
      0.020467,
      0.00483,
      0.211
    ],
    [
      3200,
      1,
      0.020274,
      0.004725,
      0.211
    ],
    [
      3300,
      1,
      0.020094,
      0.004626,
      0.211
    ],
    [
      3400,
      1,
      0.019924,
      0.004533,
      0.211
    ],
    [
      3500,
      1,
      0.019764,
      0.004445,
      0.211
    ],
    [
      3600,
      1,
      0.019614,
      0.004362,
      0.211
    ],
    [
      3700,
      1,
      0.019473,
      0.004283,
      0.211
    ],
    [
      3800,
      1,
      0.01934,
      0.004209,
      0.211
    ],
    [
      3900,
      1,
      0.019215,
      0.004139,
      0.211
    ],
    [
      4000,
      1,
      0.019097,
      0.004072,
      0.211
    ],
    [
      4100,
      1,
      0.018985,
      0.004008,
      0.211
    ],
    [
      4200,
      1,
      0.018881,
      0.003948,
      0.211
    ],
    [
      4300,
      1,
      0.018782,
      0.003891,
      0.211
    ],
    [
      4400,
      1,
      0.018688,
      0.003837,
      0.211
    ],
    [
      4500,
      1,
      0.018601,
      0.003785,
      0.211
    ],
    [
      4600,
      1,
      0.018518,
      0.003736,
      0.211
    ],
    [
      4700,
      1,
      0.01844,
      0.003689,
      0.211
    ],
    [
      4800,
      1,
      0.018366,
      0.003644,
      0.211
    ],
    [
      4900,
      1,
      0.018297,
      0.003601,
      0.211
    ],
    [
      5000,
      1,
      0.018232,
      0.00356,
      0.211
    ],
    [
      5100,
      1,
      0.01817,
      0.003521,
      0.211
    ],
    [
      5200,
      1,
      0.018113,
      0.003484,
      0.211
    ],
    [
      5300,
      1,
      0.018058,
      0.003448,
      0.211
    ],
    [
      5400,
      1,
      0.018008,
      0.003414,
      0.211
    ],
    [
      5500,
      1,
      0.01796,
      0.003382,
      0.211
    ],
    [
      5600,
      1,
      0.017915,
      0.00335,
      0.211
    ],
    [
      5700,
      1,
      0.017873,
      0.00332,
      0.211
    ],
    [
      5800,
      1,
      0.017834,
      0.003292,
      0.211
    ],
    [
      5900,
      1,
      0.017798,
      0.003265,
      0.211
    ],
    [
      6000,
      1,
      0.017764,
      0.003238,
      0.211
    ],
    [
      6100,
      1,
      0.017733,
      0.003213,
      0.211
    ],
    [
      6200,
      1,
      0.017703,
      0.003189,
      0.211
    ],
    [
      6300,
      1,
      0.017677,
      0.003166,
      0.211
    ],
    [
      6400,
      1,
      0.017652,
      0.003144,
      0.211
    ],
    [
      6500,
      1,
      0.017629,
      0.003123,
      0.211
    ],
    [
      6600,
      1,
      0.017608,
      0.003103,
      0.211
    ],
    [
      6700,
      1,
      0.017589,
      0.003083,
      0.211
    ],
    [
      6800,
      1,
      0.017572,
      0.003064,
      0.211
    ],
    [
      6900,
      1,
      0.017557,
      0.003047,
      0.211
    ],
    [
      7000,
      1,
      0.017543,
      0.003029,
      0.211
    ],
    [
      7100,
      1,
      0.017531,
      0.003013,
      0.211
    ],
    [
      7200,
      1,
      0.017521,
      0.002997,
      0.211
    ],
    [
      7300,
      1,
      0.017512,
      0.002982,
      0.211
    ],
    [
      7400,
      1,
      0.017504,
      0.002968,
      0.211
    ],
    [
      7500,
      1,
      0.017498,
      0.002954,
      0.211
    ],
    [
      7600,
      1,
      0.017493,
      0.002941,
      0.211
    ],
    [
      7700,
      1,
      0.01749,
      0.002928,
      0.211
    ],
    [
      7800,
      1,
      0.017487,
      0.002916,
      0.211
    ],
    [
      7900,
      1,
      0.017486,
      0.002905,
      0.211
    ],
    [
      8000,
      1,
      0.017487,
      0.002893,
      0.211
    ],
    [
      8100,
      1,
      0.017488,
      0.002883,
      0.211
    ],
    [
      8200,
      1,
      0.01749,
      0.002873,
      0.211
    ],
    [
      8300,
      1,
      0.017494,
      0.002863,
      0.211
    ],
    [
      8400,
      1,
      0.017498,
      0.002854,
      0.211
    ],
    [
      8500,
      1,
      0.017503,
      0.002845,
      0.211
    ],
    [
      8600,
      1,
      0.01751,
      0.002837,
      0.211
    ],
    [
      8700,
      1,
      0.017517,
      0.002829,
      0.211
    ],
    [
      8800,
      1,
      0.017525,
      0.002821,
      0.211
    ],
    [
      8900,
      1,
      0.017534,
      0.002814,
      0.211
    ],
    [
      9000,
      1,
      0.017544,
      0.002807,
      0.211
    ],
    [
      9100,
      1,
      0.017555,
      0.002801,
      0.211
    ],
    [
      9200,
      1,
      0.017567,
      0.002794,
      0.211
    ],
    [
      9300,
      1,
      0.017579,
      0.002789,
      0.211
    ],
    [
      9400,
      1,
      0.017592,
      0.002783,
      0.211
    ],
    [
      9500,
      1,
      0.017605,
      0.002778,
      0.211
    ],
    [
      9600,
      1,
      0.01762,
      0.002773,
      0.211
    ],
    [
      9700,
      1,
      0.017635,
      0.002768,
      0.211
    ],
    [
      9800,
      1,
      0.017651,
      0.002764,
      0.211
    ],
    [
      9900,
      1,
      0.017667,
      0.00276,
      0.211
    ]
  ],
  "steps_taken": 10000,
  "elapsed_seconds": 36.25,