{
  "game": "ls20",
  "condition": "lv",
  "draw": 2,
  "seed": 200,
  "use_lv": true,
  "mean_cycle_distinct": 1.0,
  "mean_max_activation": 0.012313,
  "lv_stats": [
    [
      0,
      1,
      0.094293,
      0.047184,
      0.1871
    ],
    [
      100,
      1,
      0.067394,
      0.030915,
      0.1871
    ],
    [
      200,
      1,
      0.052663,
      0.022949,
      0.1871
    ],
    [
      300,
      1,
      0.043621,
      0.018274,
      0.1871
    ],
    [
      400,
      1,
      0.037493,
      0.0152,
      0.1871
    ],
    [
      500,
      1,
      0.033051,
      0.013025,
      0.1871
    ],
    [
      600,
      1,
      0.029675,
      0.011404,
      0.1871
    ],
    [
      700,
      1,
      0.027015,
      0.01015,
      0.1871
    ],
    [
      800,
      1,
      0.024863,
      0.009149,
      0.1871
    ],
    [
      900,
      1,
      0.023081,
      0.008333,
      0.1871
    ],
    [
      1000,
      1,
      0.021581,
      0.007654,
      0.1871
    ],
    [
      1100,
      1,
      0.020299,
      0.007081,
      0.1871
    ],
    [
      1200,
      1,
      0.01919,
      0.00659,
      0.1871
    ],
    [
      1300,
      1,
      0.01822,
      0.006165,
      0.1871
    ],
    [
      1400,
      1,
      0.017364,
      0.005793,
      0.1871
    ],
    [
      1500,
      1,
      0.016602,
      0.005465,
      0.1871
    ],
    [
      1600,
      1,
      0.01592,
      0.005174,
      0.1871
    ],
    [
      1700,
      1,
      0.015305,
      0.004914,
      0.1871
    ],
    [
      1800,
      1,
      0.014748,
      0.004679,
      0.1871
    ],
    [
      1900,
      1,
      0.01424,
      0.004467,
      0.1871
    ],
    [
      2000,
      1,
      0.013776,
      0.004275,
      0.1871
    ],
    [
      2100,
      1,
      0.013349,
      0.004099,
      0.1871
    ],
    [
      2200,
      1,
      0.012955,
      0.003938,
      0.1871
    ],
    [
      2300,
      1,
      0.012591,
      0.003789,
      0.1871
    ],
    [
      2400,
      1,
      0.012253,
      0.003652,
      0.1871
    ],
    [
      2500,
      1,
      0.011938,
      0.003526,
      0.1871
    ],
    [
      2600,
      1,
      0.011644,
      0.003408,
      0.1871
    ],
    [
      2700,
      1,
      0.011369,
      0.003298,
      0.1871
    ],
    [
      2800,
      1,
      0.011111,
      0.003196,
      0.1871
    ],
    [
      2900,
      1,
      0.010869,
      0.0031,
      0.1871
    ],
    [
      3000,
      1,
      0.01064,
      0.003011,
      0.1871
    ],
    [
      3100,
      1,
      0.010425,
      0.002927,
      0.1871
    ],
    [
      3200,
      1,
      0.010221,
      0.002847,
      0.1871
    ],
    [
      3300,
      1,
      0.010029,
      0.002772,
      0.1871
    ],
    [
      3400,
      1,
      0.009846,
      0.002702,
      0.1871
    ],
    [
      3500,
      1,
      0.009672,
      0.002635,
      0.1871
    ],
    [
      3600,
      1,
      0.009507,
      0.002572,
      0.1871
    ],
    [
      3700,
      1,
      0.00935,
      0.002512,
      0.1871
    ],
    [
      3800,
      1,
      0.0092,
      0.002455,
      0.1871
    ],
    [
      3900,
      1,
      0.009057,
      0.002401,
      0.1871
    ],
    [
      4000,
      1,
      0.00892,
      0.002349,
      0.1871
    ],
    [
      4100,
      1,
      0.00879,
      0.0023,
      0.1871
    ],
    [
      4200,
      1,
      0.008664,
      0.002253,
      0.1871
    ],
    [
      4300,
      1,
      0.008544,
      0.002208,
      0.1871
    ],
    [
      4400,
      1,
      0.008429,
      0.002165,
      0.1871
    ],
    [
      4500,
      1,
      0.008319,
      0.002124,
      0.1871
    ],
    [
      4600,
      1,
      0.008212,
      0.002084,
      0.1871
    ],
    [
      4700,
      1,
      0.00811,
      0.002047,
      0.1871
    ],
    [
      4800,
      1,
      0.008012,
      0.00201,
      0.1871
    ],
    [
      4900,
      1,
      0.007917,
      0.001975,
      0.1871
    ],
    [
      5000,
      1,
      0.007826,
      0.001942,
      0.1871
    ],
    [
      5100,
      1,
      0.007738,
      0.00191,
      0.1871
    ],
    [
      5200,
      1,
      0.007653,
      0.001879,
      0.1871
    ],
    [
      5300,
      1,
      0.00757,
      0.001849,
      0.1871
    ],
    [
      5400,
      1,
      0.007491,
      0.00182,
      0.1871
    ],
    [
      5500,
      1,
      0.007414,
      0.001792,
      0.1871
    ],
    [
      5600,
      1,
      0.00734,
      0.001765,
      0.1871
    ],
    [
      5700,
      1,
      0.007268,
      0.00174,
      0.1871
    ],
    [
      5800,
      1,
      0.007198,
      0.001715,
      0.1871
    ],
    [
      5900,
      1,
      0.007131,
      0.00169,
      0.1871
    ],
    [
      6000,
      1,
      0.007065,
      0.001667,
      0.1871
    ],
    [
      6100,
      1,
      0.007002,
      0.001644,
      0.1871
    ],
    [
      6200,
      1,
      0.00694,
      0.001622,
      0.1871
    ],
    [
      6300,
      1,
      0.00688,
      0.001601,
      0.1871
    ],
    [
      6400,
      1,
      0.006822,
      0.00158,
      0.1871
    ],
    [
      6500,
      1,
      0.006766,
      0.00156,
      0.1871
    ],
    [
      6600,
      1,
      0.006711,
      0.001541,
      0.1871
    ],
    [
      6700,
      1,
      0.006657,
      0.001522,
      0.1871
    ],
    [
      6800,
      1,
      0.006605,
      0.001504,
      0.1871
    ],
    [
      6900,
      1,
      0.006555,
      0.001486,
      0.1871
    ],
    [
      7000,
      1,
      0.006506,
      0.001469,
      0.1871
    ],
    [
      7100,
      1,
      0.006458,
      0.001452,
      0.1871
    ],
    [
      7200,
      1,
      0.006411,
      0.001436,
      0.1871
    ],
    [
      7300,
      1,
      0.006366,
      0.00142,
      0.1871
    ],
    [
      7400,
      1,
      0.006321,
      0.001404,
      0.1871
    ],
    [
      7500,
      1,
      0.006278,
      0.001389,
      0.1871
    ],
    [
      7600,
      1,
      0.006236,
      0.001375,
      0.1871
    ],
    [
      7700,
      1,
      0.006194,
      0.00136,
      0.1871
    ],
    [
      7800,
      1,
      0.006154,
      0.001347,
      0.1871
    ],
    [
      7900,
      1,
      0.006115,
      0.001333,
      0.1871
    ],
    [
      8000,
      1,
      0.006077,
      0.00132,
      0.1871
    ],
    [
      8100,
      1,
      0.006039,
      0.001307,
      0.1871
    ],
    [
      8200,
      1,
      0.006003,
      0.001294,
      0.1871
    ],
    [
      8300,
      1,
      0.005967,
      0.001282,
      0.1871
    ],
    [
      8400,
      1,
      0.005932,
      0.00127,
      0.1871
    ],
    [
      8500,
      1,
      0.005898,
      0.001258,
      0.1871
    ],
    [
      8600,
      1,
      0.005864,
      0.001247,
      0.1871
    ],
    [
      8700,
      1,
      0.005832,
      0.001236,
      0.1871
    ],
    [
      8800,
      1,
      0.0058,
      0.001225,
      0.1871
    ],
    [
      8900,
      1,
      0.005768,
      0.001214,
      0.1871
    ],
    [
      9000,
      1,
      0.005738,
      0.001204,
      0.1871
    ],
    [
      9100,
      1,
      0.005708,
      0.001194,
      0.1871
    ],
    [
      9200,
      1,
      0.005678,
      0.001184,
      0.1871
    ],
    [
      9300,
      1,
      0.00565,
      0.001174,
      0.1871
    ],
    [
      9400,
      1,
      0.005621,
      0.001164,
      0.1871
    ],
    [
      9500,
      1,
      0.005594,
      0.001155,
      0.1871
    ],
    [
      9600,
      1,
      0.005567,
      0.001146,
      0.1871
    ],
    [
      9700,
      1,
      0.00554,
      0.001137,
      0.1871
    ],
    [
      9800,
      1,
      0.005514,
      0.001128,
      0.1871
    ],
    [
      9900,
      1,
      0.005489,
      0.00112,
