{
  "game": "ls20",
  "condition": "lv",
  "draw": 4,
  "seed": 400,
  "use_lv": true,
  "mean_cycle_distinct": 1.49,
  "mean_max_activation": 0.011194,
  "lv_stats": [
    [
      0,
      1,
      0.085669,
      0.042441,
      0.1848
    ],
    [
      100,
      1,
      0.064563,
      0.032586,
      0.1848
    ],
    [
      200,
      1,
      0.055022,
      0.026507,
      0.1848
    ],
    [
      300,
      2,
      0.057386,
      0.022191,
      0.1848
    ],
    [
      400,
      1,
      0.044908,
      0.018598,
      0.1848
    ],
    [
      500,
      1,
      0.039547,
      0.01657,
      0.1848
    ],
    [
      600,
      1,
      0.034031,
      0.014942,
      0.1848
    ],
    [
      700,
      1,
      0.028583,
      0.013115,
      0.1848
    ],
    [
      800,
      2,
      0.030431,
      0.01205,
      0.1848
    ],
    [
      900,
      1,
      0.029286,
      0.011236,
      0.1848
    ],
    [
      1000,
      1,
      0.02516,
      0.010118,
      0.1848
    ],
    [
      1100,
      1,
      0.023468,
      0.009511,
      0.1848
    ],
    [
      1200,
      1,
      0.021097,
      0.008999,
      0.1848
    ],
    [
      1300,
      1,
      0.018341,
      0.008282,
      0.1848
    ],
    [
      1400,
      2,
      0.01799,
      0.007395,
      0.1848
    ],
    [
      1500,
      1,
      0.017229,
      0.006846,
      0.1848
    ],
    [
      1600,
      1,
      0.015323,
      0.006454,
      0.1848
    ],
    [
      1700,
      2,
      0.016242,
      0.006165,
      0.1848
    ],
    [
      1800,
      1,
      0.017139,
      0.006045,
      0.1848
    ],
    [
      1900,
      1,
      0.015457,
      0.005732,
      0.1848
    ],
    [
      2000,
      1,
      0.014501,
      0.005514,
      0.1848
    ],
    [
      2100,
      1,
      0.013744,
      0.005405,
      0.1848
    ],
    [
      2200,
      1,
      0.012368,
      0.005186,
      0.1848
    ],
    [
      2300,
      2,
      0.012961,
      0.004974,
      0.1848
    ],
    [
      2400,
      1,
      0.014224,
      0.004919,
      0.1848
    ],
    [
      2500,
      1,
      0.012814,
      0.004692,
      0.1848
    ],
    [
      2600,
      1,
      0.011876,
      0.004526,
      0.1848
    ],
    [
      2700,
      1,
      0.01149,
      0.004483,
      0.1848
    ],
    [
      2800,
      1,
      0.010585,
      0.004347,
      0.1848
    ],
    [
      2900,
      2,
      0.010076,
      0.004013,
      0.1848
    ],
    [
      3000,
      1,
      0.010159,
      0.003756,
      0.1848
    ],
    [
      3100,
      1,
      0.00936,
      0.003699,
      0.1848
    ],
    [
      3200,
      1,
      0.008698,
      0.003571,
      0.1848
    ],
    [
      3300,
      2,
      0.009256,
      0.00325,
      0.1848
    ],
    [
      3400,
      1,
      0.00867,
      0.003247,
      0.1848
    ],
    [
      3500,
      1,
      0.007879,
      0.003106,
      0.1848
    ],
    [
      3600,
      2,
      0.009097,
      0.003082,
      0.1848
    ],
    [
      3700,
      1,
      0.009363,
      0.003105,
      0.1848
    ],
    [
      3800,
      1,
      0.008497,
      0.002941,
      0.1848
    ],
    [
      3900,
      1,
      0.008399,
      0.002941,
      0.1848
    ],
    [
      4000,
      1,
      0.007903,
      0.002965,
      0.1848
    ],
    [
      4100,
      1,
      0.007278,
      0.002841,
      0.1848
    ],
    [
      4200,
      2,
      0.007245,
      0.002843,
      0.1848
    ],
    [
      4300,
      2,
      0.007393,
      0.002617,
      0.1848
    ],
    [
      4400,
      1,
      0.006737,
      0.002524,
      0.1848
    ],
    [
      4500,
      1,
      0.00666,
      0.002519,
      0.1848
    ],
    [
      4600,
      2,
      0.007883,
      0.002517,
      0.1848
    ],
    [
      4700,
      1,
      0.007384,
      0.002428,
      0.1848
    ],
    [
      4800,
      1,
      0.007188,
      0.002407,
      0.1848
    ],
    [
      4900,
      1,
      0.006912,
      0.002428,
      0.1848
    ],
    [
      5000,
      1,
      0.006416,
      0.002371,
      0.1848
    ],
    [
      5100,
      1,
      0.006239,
      0.002345,
      0.1848
    ],
    [
      5200,
      2,
      0.006423,
      0.002211,
      0.1848
    ],
    [
      5300,
      1,
      0.005954,
      0.002141,
      0.1848
    ],
    [
      5400,
      1,
      0.005739,
      0.002111,
      0.1848
    ],
    [
      5500,
      1,
      0.005689,
      0.002144,
      0.1848
    ],
    [
      5600,
      2,
      0.005715,
      0.001963,
      0.1848
    ],
    [
      5700,
      1,
      0.005396,
      0.001915,
      0.1848
    ],
    [
      5800,
      1,
      0.005373,
      0.001944,
      0.1848
    ],
    [
      5900,
      2,
      0.005094,
      0.001959,
      0.1848
    ],
    [
      6000,
      2,
      0.00516,
      0.001771,
      0.1848
    ],
    [
      6100,
      1,
      0.005153,
      0.001791,
      0.1848
    ],
    [
      6200,
      1,
      0.004851,
      0.001818,
      0.1848
    ],
    [
      6300,
      2,
      0.004546,
      0.001762,
      0.1848
    ],
    [
      6400,
      2,
      0.004978,
      0.001671,
      0.1848
    ],
    [
      6500,
      1,
      0.004728,
      0.001716,
      0.1848
    ],
    [
      6600,
      1,
      0.004345,
      0.00164,
      0.1848
    ],
    [
      6700,
      1,
      0.004377,
      0.001656,
      0.1848
    ],
    [
      6800,
      2,
      0.002606,
      0.001226,
      0.1848
    ],
    [
      6900,
      3,
      0.002239,
      0.001124,
      0.1848
    ],
    [
      7000,
      2,
      0.002342,
      0.001153,
      0.1848
    ],
    [
      7100,
      2,
      0.002277,
      0.001122,
      0.1848
    ],
    [
      7200,
      2,
      0.002373,
      0.001128,
      0.1848
    ],
    [
      7300,
      2,
      0.002427,
      0.001167,
      0.1848
    ],
    [
      7400,
      2,
      0.00237,
      0.001136,
      0.1848
    ],
    [
      7500,
      1,
      0.002399,
      0.001137,
      0.1848
    ],
    [
      7600,
      2,
      0.00236,
      0.001171,
      0.1848
    ],
    [
      7700,
      2,
      0.002333,
      0.001144,
      0.1848
    ],
    [
      7800,
      2,
      0.00249,
      0.001149,
      0.1848
    ],
    [
      7900,
      2,
      0.002441,
      0.001181,
      0.1848
    ],
    [
      8000,
      2,
      0.002367,
      0.001151,
      0.1848
    ],
    [
      8100,
      2,
      0.002481,
      0.00115,
      0.1848
    ],
    [
      8200,
      2,
      0.002547,
      0.001189,
      0.1848
    ],
    [
      8300,
      2,
      0.002478,
      0.001171,
      0.1848
    ],
    [
      8400,
      2,
      0.002521,
      0.001158,
      0.1848
    ],
    [
      8500,
      2,
      0.002526,
      0.001183,
      0.1848
    ],
    [
      8600,
      2,
      0.002502,
      0.001178,
      0.1848
    ],
    [
      8700,
      2,
      0.002592,
      0.001175,
      0.1848
    ],
    [
      8800,
      2,
      0.002566,
      0.001195,
      0.1848
    ],
    [
      8900,
      2,
      0.002508,
      0.001182,
      0.1848
    ],
    [
      9000,
      2,
      0.002567,
      0.001176,
      0.1848
    ],
    [
      9100,
      2,
      0.002682,
      0.001207,
      0.1848
    ],
    [
      9200,
      2,
      0.002564,
      0.001206,
      0.1848
    ],
    [
      9300,
      2,
      0.002572,
      0.001186,
      0.1848
    ],
    [
      9400,
      2,
      0.002615,
      0.001199,
      0.1848
    ],
    [
      9500,
      2,
      0.002605,
      0.001217,
      0.1848
    ],
    [
      9600,
      2,
      0.002634,
      0.001201,
      0.1848
    ],
    [
      9700,
      2,
      0.002644,
      0.00121,
      0.1848
    ],
    [
      9800,
      2,
      0.002568,
      0.001219,
      0.1848
    ],
    [
      9900,
      2,
