{
  "game": "ls20",
  "condition": "lv",
  "draw": 1,
  "seed": 100,
  "use_lv": true,
  "mean_cycle_distinct": 1.0,
  "mean_max_activation": 0.010724,
  "lv_stats": [
    [
      0,
      1,
      0.084226,
      0.041121,
      0.1815
    ],
    [
      100,
      1,
      0.06132,
      0.030008,
      0.1815
    ],
    [
      200,
      1,
      0.048704,
      0.023876,
      0.1815
    ],
    [
      300,
      1,
      0.043111,
      0.020202,
      0.1815
    ],
    [
      400,
      1,
      0.037781,
      0.017306,
      0.1815
    ],
    [
      500,
      1,
      0.032154,
      0.014912,
      0.1815
    ],
    [
      600,
      1,
      0.030218,
      0.013466,
      0.1815
    ],
    [
      700,
      1,
      0.027987,
      0.012295,
      0.1815
    ],
    [
      800,
      1,
      0.024424,
      0.01095,
      0.1815
    ],
    [
      900,
      1,
      0.023392,
      0.010066,
      0.1815
    ],
    [
      1000,
      1,
      0.02225,
      0.009429,
      0.1815
    ],
    [
      1100,
      1,
      0.019895,
      0.008648,
      0.1815
    ],
    [
      1200,
      1,
      0.01928,
      0.008156,
      0.1815
    ],
    [
      1300,
      1,
      0.018585,
      0.007672,
      0.1815
    ],
    [
      1400,
      1,
      0.016757,
      0.007081,
      0.1815
    ],
    [
      1500,
      1,
      0.016386,
      0.006768,
      0.1815
    ],
    [
      1600,
      1,
      0.016112,
      0.006535,
      0.1815
    ],
    [
      1700,
      1,
      0.01458,
      0.006047,
      0.1815
    ],
    [
      1800,
      1,
      0.01421,
      0.005756,
      0.1815
    ],
    [
      1900,
      1,
      0.014149,
      0.005613,
      0.1815
    ],
    [
      2000,
      1,
      0.012996,
      0.005283,
      0.1815
    ],
    [
      2100,
      1,
      0.012626,
      0.005079,
      0.1815
    ],
    [
      2200,
      1,
      0.012646,
      0.004927,
      0.1815
    ],
    [
      2300,
      1,
      0.011657,
      0.004643,
      0.1815
    ],
    [
      2400,
      1,
      0.011335,
      0.004495,
      0.1815
    ],
    [
      2500,
      1,
      0.011504,
      0.004439,
      0.1815
    ],
    [
      2600,
      1,
      0.010614,
      0.004175,
      0.1815
    ],
    [
      2700,
      1,
      0.01023,
      0.004007,
      0.1815
    ],
    [
      2800,
      1,
      0.010479,
      0.003977,
      0.1815
    ],
    [
      2900,
      1,
      0.009798,
      0.003805,
      0.1815
    ],
    [
      3000,
      1,
      0.009374,
      0.003663,
      0.1815
    ],
    [
      3100,
      1,
      0.009602,
      0.003605,
      0.1815
    ],
    [
      3200,
      1,
      0.009029,
      0.003455,
      0.1815
    ],
    [
      3300,
      1,
      0.008642,
      0.003345,
      0.1815
    ],
    [
      3400,
      1,
      0.008889,
      0.003325,
      0.1815
    ],
    [
      3500,
      1,
      0.008397,
      0.003185,
      0.1815
    ],
    [
      3600,
      1,
      0.007975,
      0.003057,
      0.1815
    ],
    [
      3700,
      1,
      0.008214,
      0.003044,
      0.1815
    ],
    [
      3800,
      1,
      0.007898,
      0.002971,
      0.1815
    ],
    [
      3900,
      1,
      0.007444,
      0.002849,
      0.1815
    ],
    [
      4000,
      1,
      0.007573,
      0.0028,
      0.1815
    ],
    [
      4100,
      1,
      0.007393,
      0.002748,
      0.1815
    ],
    [
      4200,
      1,
      0.006987,
      0.002655,
      0.1815
    ],
    [
      4300,
      1,
      0.007129,
      0.002636,
      0.1815
    ],
    [
      4400,
      1,
      0.006969,
      0.002571,
      0.1815
    ],
    [
      4500,
      1,
      0.006547,
      0.002466,
      0.1815
    ],
    [
      4600,
      1,
      0.006688,
      0.002457,
      0.1815
    ],
    [
      4700,
      1,
      0.006633,
      0.002434,
      0.1815
    ],
    [
      4800,
      1,
      0.00619,
      0.002328,
      0.1815
    ],
    [
      4900,
      1,
      0.006285,
      0.002293,
      0.1815
    ],
    [
      5000,
      1,
      0.006273,
      0.002279,
      0.1815
    ],
    [
      5100,
      1,
      0.005886,
      0.0022,
      0.1815
    ],
    [
      5200,
      1,
      0.005971,
      0.002187,
      0.1815
    ],
    [
      5300,
      1,
      0.005958,
      0.002152,
      0.1815
    ],
    [
      5400,
      1,
      0.005575,
      0.002066,
      0.1815
    ],
    [
      5500,
      1,
      0.005656,
      0.002058,
      0.1815
    ],
    [
      5600,
      1,
      0.005712,
      0.002057,
      0.1815
    ],
    [
      5700,
      1,
      0.005321,
      0.001966,
      0.1815
    ],
    [
      5800,
      1,
      0.005351,
      0.001936,
      0.1815
    ],
    [
      5900,
      1,
      0.005438,
      0.001943,
      0.1815
    ],
    [
      6000,
      1,
      0.005111,
      0.001876,
      0.1815
    ],
    [
      6100,
      1,
      0.005111,
      0.001857,
      0.1815
    ],
    [
      6200,
      1,
      0.005196,
      0.001847,
      0.1815
    ],
    [
      6300,
      1,
      0.004884,
      0.001776,
      0.1815
    ],
    [
      6400,
      1,
      0.004873,
      0.001762,
      0.1815
    ],
    [
      6500,
      1,
      0.005008,
      0.001778,
      0.1815
    ],
    [
      6600,
      1,
      0.004693,
      0.001701,
      0.1815
    ],
    [
      6700,
      1,
      0.00463,
      0.001668,
      0.1815
    ],
    [
      6800,
      1,
      0.00479,
      0.001687,
      0.1815
    ],
    [
      6900,
      1,
      0.004538,
      0.001637,
      0.1815
    ],
    [
      7000,
      1,
      0.004434,
      0.001606,
      0.1815
    ],
    [
      7100,
      1,
      0.004589,
      0.001608,
      0.1815
    ],
    [
      7200,
      1,
      0.004354,
      0.001559,
      0.1815
    ],
    [
      7300,
      1,
      0.004247,
      0.001534,
      0.1815
    ],
    [
      7400,
      1,
      0.004421,
      0.001554,
      0.1815
    ],
    [
      7500,
      1,
      0.004195,
      0.001499,
      0.1815
    ],
    [
      7600,
      1,
      0.004051,
      0.001459,
      0.1815
    ],
    [
      7700,
      1,
      0.004221,
      0.001475,
      0.1815
    ],
    [
      7800,
      1,
      0.00407,
      0.00145,
      0.1815
    ],
    [
      7900,
      1,
      0.003896,
      0.00141,
      0.1815
    ],
    [
      8000,
      1,
      0.00403,
      0.001407,
      0.1815
    ],
    [
      8100,
      1,
      0.003917,
      0.001387,
      0.1815
    ],
    [
      8200,
      1,
      0.003753,
      0.001355,
      0.1815
    ],
    [
      8300,
      1,
      0.00386,
      0.001363,
      0.1815
    ],
    [
      8400,
      1,
      0.003784,
      0.001338,
      0.1815
    ],
    [
      8500,
      1,
      0.003598,
      0.001295,
      0.1815
    ],
    [
      8600,
      1,
      0.003709,
      0.001302,
      0.1815
    ],
    [
      8700,
      1,
      0.003686,
      0.001301,
      0.1815
    ],
    [
      8800,
      1,
      0.003477,
      0.001256,
      0.1815
    ],
    [
      8900,
      1,
      0.003555,
      0.001248,
      0.1815
    ],
    [
      9000,
      1,
      0.003558,
      0.001249,
      0.1815
    ],
    [
      9100,
      1,
      0.00337,
      0.001215,
      0.1815
    ],
    [
      9200,
      1,
      0.003447,
      0.001218,
      0.1815
    ],
    [
      9300,
      1,
      0.003444,
      0.001206,
      0.1815
    ],
    [
      9400,
      1,
      0.003247,
      0.001166,
      0.1815
    ],
    [
      9500,
      1,
      0.003324,
      0.001171,
      0.1815
    ],
    [
      9600,
      1,
      0.003361,
      0.001177,
      0.1815
    ],
    [
      9700,
      1,
      0.003149,
      0.001133,
      0.1815
    ],
    [
      9800,
      1,
      0.003195,
      0.001124,
      0.1815
    ],
    [
      9900,
      1,
      0.00325,
