{
  "game": "sb26",
  "condition": "lv",
  "draw": 5,
  "seed": 500,
  "use_lv": true,
  "mean_cycle_distinct": 1.0,
  "mean_max_activation": 0.011869,
  "lv_stats": [
    [
      0,
      1,
      0.099681,
      0.050174,
      0.296
    ],
    [
      100,
      1,
      0.076541,
      0.038525,
      0.296
    ],
    [
      200,
      1,
      0.062128,
      0.031269,
      0.296
    ],
    [
      300,
      1,
      0.052286,
      0.026315,
      0.296
    ],
    [
      400,
      1,
      0.045137,
      0.022717,
      0.296
    ],
    [
      500,
      1,
      0.039709,
      0.019984,
      0.296
    ],
    [
      600,
      1,
      0.035447,
      0.017839,
      0.296
    ],
    [
      700,
      1,
      0.032012,
      0.01611,
      0.296
    ],
    [
      800,
      1,
      0.029184,
      0.014687,
      0.296
    ],
    [
      900,
      1,
      0.026815,
      0.013494,
      0.296
    ],
    [
      1000,
      1,
      0.024802,
      0.012481,
      0.296
    ],
    [
      1100,
      1,
      0.02307,
      0.01161,
      0.296
    ],
    [
      1200,
      1,
      0.021565,
      0.010852,
      0.296
    ],
    [
      1300,
      1,
      0.020244,
      0.010187,
      0.296
    ],
    [
      1400,
      1,
      0.019075,
      0.009599,
      0.296
    ],
    [
      1500,
      1,
      0.018034,
      0.009075,
      0.296
    ],
    [
      1600,
      1,
      0.017101,
      0.008605,
      0.296
    ],
    [
      1700,
      1,
      0.01626,
      0.008182,
      0.296
    ],
    [
      1800,
      1,
      0.015498,
      0.007798,
      0.296
    ],
    [
      1900,
      1,
      0.014803,
      0.007449,
      0.296
    ],
    [
      2000,
      1,
      0.014169,
      0.00713,
      0.296
    ],
    [
      2100,
      1,
      0.013587,
      0.006837,
      0.296
    ],
    [
      2200,
      1,
      0.01305,
      0.006567,
      0.296
    ],
    [
      2300,
      1,
      0.012555,
      0.006317,
      0.296
    ],
    [
      2400,
      1,
      0.012095,
      0.006086,
      0.296
    ],
    [
      2500,
      1,
      0.011668,
      0.005871,
      0.296
    ],
    [
      2600,
      1,
      0.01127,
      0.005671,
      0.296
    ],
    [
      2700,
      1,
      0.010899,
      0.005484,
      0.296
    ],
    [
      2800,
      1,
      0.010551,
      0.005309,
      0.296
    ],
    [
      2900,
      1,
      0.010225,
      0.005145,
      0.296
    ],
    [
      3000,
      1,
      0.009918,
      0.00499,
      0.296
    ],
    [
      3100,
      1,
      0.009629,
      0.004845,
      0.296
    ],
    [
      3200,
      1,
      0.009357,
      0.004708,
      0.296
    ],
    [
      3300,
      1,
      0.009099,
      0.004578,
      0.296
    ],
    [
      3400,
      1,
      0.008855,
      0.004456,
      0.296
    ],
    [
      3500,
      1,
      0.008624,
      0.004339,
      0.296
    ],
    [
      3600,
      1,
      0.008405,
      0.004229,
      0.296
    ],
    [
      3700,
      1,
      0.008197,
      0.004124,
      0.296
    ],
    [
      3800,
      1,
      0.007999,
      0.004024,
      0.296
    ],
    [
      3900,
      1,
      0.00781,
      0.003929,
      0.296
    ],
    [
      4000,
      1,
      0.007629,
      0.003839,
      0.296
    ],
    [
      4100,
      1,
      0.007457,
      0.003752,
      0.296
    ],
    [
      4200,
      1,
      0.007293,
      0.003669,
      0.296
    ],
    [
      4300,
      1,
      0.007135,
      0.00359,
      0.296
    ],
    [
      4400,
      1,
      0.006985,
      0.003514,
      0.296
    ],
    [
      4500,
      1,
      0.00684,
      0.003442,
      0.296
    ],
    [
      4600,
      1,
      0.006702,
      0.003372,
      0.296
    ],
    [
      4700,
      1,
      0.006569,
      0.003305,
      0.296
    ],
    [
      4800,
      1,
      0.006441,
      0.00324,
      0.296
    ],
    [
      4900,
      1,
      0.006318,
      0.003178,
      0.296
    ],
    [
      5000,
      1,
      0.006199,
      0.003119,
      0.296
    ],
    [
      5100,
      1,
      0.006085,
      0.003061,
      0.296
    ],
    [
      5200,
      1,
      0.005975,
      0.003006,
      0.296
    ],
    [
      5300,
      1,
      0.005869,
      0.002953,
      0.296
    ],
    [
      5400,
      1,
      0.005767,
      0.002901,
      0.296
    ],
    [
      5500,
      1,
      0.005668,
      0.002852,
      0.296
    ],
    [
      5600,
      1,
      0.005572,
      0.002804,
      0.296
    ],
    [
      5700,
      1,
      0.00548,
      0.002757,
      0.296
    ],
    [
      5800,
      1,
      0.005391,
      0.002712,
      0.296
    ],
    [
      5900,
      1,
      0.005304,
      0.002669,
      0.296
    ],
    [
      6000,
      1,
      0.00522,
      0.002626,
      0.296
    ],
    [
      6100,
      1,
      0.005139,
      0.002586,
      0.296
    ],
    [
      6200,
      1,
      0.005061,
      0.002546,
      0.296
    ],
    [
      6300,
      1,
      0.004984,
      0.002508,
      0.296
    ],
    [
      6400,
      1,
      0.00491,
      0.00247,
      0.296
    ],
    [
      6500,
      1,
      0.004839,
      0.002434,
      0.296
    ],
    [
      6600,
      1,
      0.004769,
      0.002399,
      0.296
    ],
    [
      6700,
      1,
      0.004701,
      0.002365,
      0.296
    ],
    [
      6800,
      1,
      0.004635,
      0.002332,
      0.296
    ],
    [
      6900,
      1,
      0.004571,
      0.0023,
      0.296
    ],
    [
      7000,
      1,
      0.004509,
      0.002268,
      0.296
    ],
    [
      7100,
      1,
      0.004448,
      0.002238,
      0.296
    ],
    [
      7200,
      1,
      0.004389,
      0.002208,
      0.296
    ],
    [
      7300,
      1,
      0.004332,
      0.002179,
      0.296
    ],
    [
      7400,
      1,
      0.004276,
      0.002151,
      0.296
    ],
    [
      7500,
      1,
      0.004221,
      0.002124,
      0.296
    ],
    [
      7600,
      1,
      0.004168,
      0.002097,
      0.296
    ],
    [
      7700,
      1,
      0.004116,
      0.002071,
      0.296
    ],
    [
      7800,
      1,
      0.004065,
      0.002045,
      0.296
    ],
    [
      7900,
      1,
      0.004016,
      0.00202,
      0.296
    ],
    [
      8000,
      1,
      0.003968,
      0.001996,
      0.296
    ],
    [
      8100,
      1,
      0.003921,
      0.001972,
      0.296
    ],
    [
      8200,
      1,
      0.003875,
      0.001949,
      0.296
    ],
    [
      8300,
      1,
      0.00383,
      0.001927,
      0.296
    ],
    [
      8400,
      1,
      0.003786,
      0.001905,
      0.296
    ],
    [
      8500,
      1,
      0.003743,
      0.001883,
      0.296
    ],
    [
      8600,
      1,
      0.003701,
      0.001862,
      0.296
    ],
    [
      8700,
      1,
      0.00366,
      0.001841,
      0.296
    ],
    [
      8800,
      1,
      0.00362,
      0.001821,
      0.296
    ],
    [
      8900,
      1,
      0.003581,
      0.001802,
      0.296
    ],
    [
      9000,
      1,
      0.003543,
      0.001782,
      0.296
    ],
    [
      9100,
      1,
      0.003505,
      0.001763,
      0.296
    ],
    [
      9200,
      1,
      0.003468,
      0.001745,
      0.296
    ],
    [
      9300,
      1,
      0.003432,
      0.001727,
      0.296
    ],
    [
      9400,
      1,
      0.003397,
      0.001709,
      0.296
    ],
    [
      9500,
      1,
      0.003363,
      0.001692,
      0.296
    ],
    [
      9600,
      1,
      0.003329,
      0.001675,
      0.296
    ],
    [
      9700,
      1,
      0.003296,
      0.001658,
      0.296
    ],
    [
      9800,
      1,
      0.003263,
      0.001642,
      0.296
    ],
    [
      9900,
      1,
      0.003231,
      0.001626,
      0.296
    ]
  ],
  "steps_taken": 10000,
  "elapsed_seconds": 5.1,