{
  "game": "sb26",
  "condition": "lv",
  "draw": 2,
  "seed": 200,
  "use_lv": true,
  "mean_cycle_distinct": 1.0,
  "mean_max_activation": 0.007976,
  "lv_stats": [
    [
      0,
      1,
      0.099446,
      0.049712,
      0.2673
    ],
    [
      100,
      1,
      0.064773,
      0.032377,
      0.2673
    ],
    [
      200,
      1,
      0.048045,
      0.024014,
      0.2673
    ],
    [
      300,
      1,
      0.038189,
      0.019087,
      0.2673
    ],
    [
      400,
      1,
      0.031691,
      0.015839,
      0.2673
    ],
    [
      500,
      1,
      0.027084,
      0.013536,
      0.2673
    ],
    [
      600,
      1,
      0.023647,
      0.011818,
      0.2673
    ],
    [
      700,
      1,
      0.020985,
      0.010488,
      0.2673
    ],
    [
      800,
      1,
      0.018862,
      0.009426,
      0.2673
    ],
    [
      900,
      1,
      0.017129,
      0.00856,
      0.2673
    ],
    [
      1000,
      1,
      0.015688,
      0.00784,
      0.2673
    ],
    [
      1100,
      1,
      0.01447,
      0.007231,
      0.2673
    ],
    [
      1200,
      1,
      0.013428,
      0.006711,
      0.2673
    ],
    [
      1300,
      1,
      0.012526,
      0.00626,
      0.2673
    ],
    [
      1400,
      1,
      0.011738,
      0.005866,
      0.2673
    ],
    [
      1500,
      1,
      0.011043,
      0.005518,
      0.2673
    ],
    [
      1600,
      1,
      0.010426,
      0.00521,
      0.2673
    ],
    [
      1700,
      1,
      0.009874,
      0.004934,
      0.2673
    ],
    [
      1800,
      1,
      0.009378,
      0.004686,
      0.2673
    ],
    [
      1900,
      1,
      0.008929,
      0.004462,
      0.2673
    ],
    [
      2000,
      1,
      0.008521,
      0.004258,
      0.2673
    ],
    [
      2100,
      1,
      0.008149,
      0.004072,
      0.2673
    ],
    [
      2200,
      1,
      0.007808,
      0.003901,
      0.2673
    ],
    [
      2300,
      1,
      0.007494,
      0.003745,
      0.2673
    ],
    [
      2400,
      1,
      0.007205,
      0.0036,
      0.2673
    ],
    [
      2500,
      1,
      0.006937,
      0.003466,
      0.2673
    ],
    [
      2600,
      1,
      0.006688,
      0.003342,
      0.2673
    ],
    [
      2700,
      1,
      0.006457,
      0.003226,
      0.2673
    ],
    [
      2800,
      1,
      0.006241,
      0.003118,
      0.2673
    ],
    [
      2900,
      1,
      0.006039,
      0.003017,
      0.2673
    ],
    [
      3000,
      1,
      0.005849,
      0.002923,
      0.2673
    ],
    [
      3100,
      1,
      0.005672,
      0.002834,
      0.2673
    ],
    [
      3200,
      1,
      0.005504,
      0.00275,
      0.2673
    ],
    [
      3300,
      1,
      0.005347,
      0.002671,
      0.2673
    ],
    [
      3400,
      1,
      0.005198,
      0.002597,
      0.2673
    ],
    [
      3500,
      1,
      0.005057,
      0.002527,
      0.2673
    ],
    [
      3600,
      1,
      0.004923,
      0.00246,
      0.2673
    ],
    [
      3700,
      1,
      0.004797,
      0.002397,
      0.2673
    ],
    [
      3800,
      1,
      0.004677,
      0.002337,
      0.2673
    ],
    [
      3900,
      1,
      0.004562,
      0.00228,
      0.2673
    ],
    [
      4000,
      1,
      0.004453,
      0.002225,
      0.2673
    ],
    [
      4100,
      1,
      0.00435,
      0.002173,
      0.2673
    ],
    [
      4200,
      1,
      0.004251,
      0.002124,
      0.2673
    ],
    [
      4300,
      1,
      0.004156,
      0.002076,
      0.2673
    ],
    [
      4400,
      1,
      0.004065,
      0.002031,
      0.2673
    ],
    [
      4500,
      1,
      0.003979,
      0.001988,
      0.2673
    ],
    [
      4600,
      1,
      0.003896,
      0.001946,
      0.2673
    ],
    [
      4700,
      1,
      0.003816,
      0.001907,
      0.2673
    ],
    [
      4800,
      1,
      0.003739,
      0.001868,
      0.2673
    ],
    [
      4900,
      1,
      0.003666,
      0.001832,
      0.2673
    ],
    [
      5000,
      1,
      0.003595,
      0.001796,
      0.2673
    ],
    [
      5100,
      1,
      0.003527,
      0.001762,
      0.2673
    ],
    [
      5200,
      1,
      0.003462,
      0.00173,
      0.2673
    ],
    [
      5300,
      1,
      0.003399,
      0.001698,
      0.2673
    ],
    [
      5400,
      1,
      0.003338,
      0.001668,
      0.2673
    ],
    [
      5500,
      1,
      0.003279,
      0.001639,
      0.2673
    ],
    [
      5600,
      1,
      0.003223,
      0.00161,
      0.2673
    ],
    [
      5700,
      1,
      0.003168,
      0.001583,
      0.2673
    ],
    [
      5800,
      1,
      0.003115,
      0.001556,
      0.2673
    ],
    [
      5900,
      1,
      0.003064,
      0.001531,
      0.2673
    ],
    [
      6000,
      1,
      0.003015,
      0.001506,
      0.2673
    ],
    [
      6100,
      1,
      0.002967,
      0.001482,
      0.2673
    ],
    [
      6200,
      1,
      0.00292,
      0.001459,
      0.2673
    ],
    [
      6300,
      1,
      0.002875,
      0.001437,
      0.2673
    ],
    [
      6400,
      1,
      0.002832,
      0.001415,
      0.2673
    ],
    [
      6500,
      1,
      0.002789,
      0.001394,
      0.2673
    ],
    [
      6600,
      1,
      0.002748,
      0.001373,
      0.2673
    ],
    [
      6700,
      1,
      0.002708,
      0.001353,
      0.2673
    ],
    [
      6800,
      1,
      0.00267,
      0.001334,
      0.2673
    ],
    [
      6900,
      1,
      0.002632,
      0.001315,
      0.2673
    ],
    [
      7000,
      1,
      0.002595,
      0.001297,
      0.2673
    ],
    [
      7100,
      1,
      0.00256,
      0.001279,
      0.2673
    ],
    [
      7200,
      1,
      0.002525,
      0.001262,
      0.2673
    ],
    [
      7300,
      1,
      0.002491,
      0.001245,
      0.2673
    ],
    [
      7400,
      1,
      0.002459,
      0.001228,
      0.2673
    ],
    [
      7500,
      1,
      0.002427,
      0.001212,
      0.2673
    ],
    [
      7600,
      1,
      0.002395,
      0.001197,
      0.2673
    ],
    [
      7700,
      1,
      0.002365,
      0.001182,
      0.2673
    ],
    [
      7800,
      1,
      0.002336,
      0.001167,
      0.2673
    ],
    [
      7900,
      1,
      0.002307,
      0.001152,
      0.2673
    ],
    [
      8000,
      1,
      0.002279,
      0.001138,
      0.2673
    ],
    [
      8100,
      1,
      0.002251,
      0.001125,
      0.2673
    ],
    [
      8200,
      1,
      0.002224,
      0.001111,
      0.2673
    ],
    [
      8300,
      1,
      0.002198,
      0.001098,
      0.2673
    ],
    [
      8400,
      1,
      0.002172,
      0.001085,
      0.2673
    ],
    [
      8500,
      1,
      0.002147,
      0.001073,
      0.2673
    ],
    [
      8600,
      1,
      0.002123,
      0.001061,
      0.2673
    ],
    [
      8700,
      1,
      0.002099,
      0.001049,
      0.2673
    ],
    [
      8800,
      1,
      0.002076,
      0.001037,
      0.2673
    ],
    [
      8900,
      1,
      0.002053,
      0.001026,
      0.2673
    ],
    [
      9000,
      1,
      0.002031,
      0.001015,
      0.2673
    ],
    [
      9100,
      1,
      0.002009,
      0.001004,
      0.2673
    ],
    [
      9200,
      1,
      0.001987,
      0.000993,
      0.2673
    ],
    [
      9300,
      1,
      0.001966,
      0.000982,
      0.2673
    ],
    [
      9400,
      1,
      0.001946,
      0.000972,
      0.2673
    ],
    [
      9500,
      1,
      0.001926,
      0.000962,
      0.2673
    ],
    [
      9600,
      1,
      0.001906,
      0.000952,
      0.2673
    ],
    [
      9700,
      1,
      0.001887,
      0.000943,
      0.2673
    ],
    [
      9800,
      1,
      0.001868,
      0.000933,
      0.2673
    ],
    [
      9900,
      1,
