{
  "game": "sb26",
  "condition": "lv",
  "draw": 3,
  "seed": 300,
  "use_lv": true,
  "mean_cycle_distinct": 1.0,
  "mean_max_activation": 0.007459,
  "lv_stats": [
    [
      0,
      1,
      0.099383,
      0.05035,
      0.2703
    ],
    [
      100,
      1,
      0.062549,
      0.031687,
      0.2703
    ],
    [
      200,
      1,
      0.045654,
      0.023127,
      0.2703
    ],
    [
      300,
      1,
      0.035951,
      0.018211,
      0.2703
    ],
    [
      400,
      1,
      0.029653,
      0.01502,
      0.2703
    ],
    [
      500,
      1,
      0.025233,
      0.012781,
      0.2703
    ],
    [
      600,
      1,
      0.021961,
      0.011123,
      0.2703
    ],
    [
      700,
      1,
      0.01944,
      0.009846,
      0.2703
    ],
    [
      800,
      1,
      0.017439,
      0.008833,
      0.2703
    ],
    [
      900,
      1,
      0.015811,
      0.008008,
      0.2703
    ],
    [
      1000,
      1,
      0.014462,
      0.007325,
      0.2703
    ],
    [
      1100,
      1,
      0.013325,
      0.006749,
      0.2703
    ],
    [
      1200,
      1,
      0.012353,
      0.006257,
      0.2703
    ],
    [
      1300,
      1,
      0.011514,
      0.005831,
      0.2703
    ],
    [
      1400,
      1,
      0.010782,
      0.00546,
      0.2703
    ],
    [
      1500,
      1,
      0.010137,
      0.005134,
      0.2703
    ],
    [
      1600,
      1,
      0.009565,
      0.004844,
      0.2703
    ],
    [
      1700,
      1,
      0.009054,
      0.004585,
      0.2703
    ],
    [
      1800,
      1,
      0.008595,
      0.004353,
      0.2703
    ],
    [
      1900,
      1,
      0.00818,
      0.004143,
      0.2703
    ],
    [
      2000,
      1,
      0.007804,
      0.003952,
      0.2703
    ],
    [
      2100,
      1,
      0.00746,
      0.003778,
      0.2703
    ],
    [
      2200,
      1,
      0.007146,
      0.003619,
      0.2703
    ],
    [
      2300,
      1,
      0.006857,
      0.003472,
      0.2703
    ],
    [
      2400,
      1,
      0.00659,
      0.003337,
      0.2703
    ],
    [
      2500,
      1,
      0.006344,
      0.003213,
      0.2703
    ],
    [
      2600,
      1,
      0.006115,
      0.003097,
      0.2703
    ],
    [
      2700,
      1,
      0.005902,
      0.002989,
      0.2703
    ],
    [
      2800,
      1,
      0.005704,
      0.002888,
      0.2703
    ],
    [
      2900,
      1,
      0.005518,
      0.002794,
      0.2703
    ],
    [
      3000,
      1,
      0.005344,
      0.002706,
      0.2703
    ],
    [
      3100,
      1,
      0.005181,
      0.002623,
      0.2703
    ],
    [
      3200,
      1,
      0.005027,
      0.002546,
      0.2703
    ],
    [
      3300,
      1,
      0.004882,
      0.002472,
      0.2703
    ],
    [
      3400,
      1,
      0.004746,
      0.002403,
      0.2703
    ],
    [
      3500,
      1,
      0.004617,
      0.002338,
      0.2703
    ],
    [
      3600,
      1,
      0.004494,
      0.002276,
      0.2703
    ],
    [
      3700,
      1,
      0.004378,
      0.002217,
      0.2703
    ],
    [
      3800,
      1,
      0.004268,
      0.002161,
      0.2703
    ],
    [
      3900,
      1,
      0.004163,
      0.002108,
      0.2703
    ],
    [
      4000,
      1,
      0.004063,
      0.002058,
      0.2703
    ],
    [
      4100,
      1,
      0.003968,
      0.002009,
      0.2703
    ],
    [
      4200,
      1,
      0.003878,
      0.001964,
      0.2703
    ],
    [
      4300,
      1,
      0.003791,
      0.00192,
      0.2703
    ],
    [
      4400,
      1,
      0.003708,
      0.001878,
      0.2703
    ],
    [
      4500,
      1,
      0.003629,
      0.001837,
      0.2703
    ],
    [
      4600,
      1,
      0.003553,
      0.001799,
      0.2703
    ],
    [
      4700,
      1,
      0.00348,
      0.001762,
      0.2703
    ],
    [
      4800,
      1,
      0.00341,
      0.001727,
      0.2703
    ],
    [
      4900,
      1,
      0.003343,
      0.001693,
      0.2703
    ],
    [
      5000,
      1,
      0.003278,
      0.00166,
      0.2703
    ],
    [
      5100,
      1,
      0.003216,
      0.001628,
      0.2703
    ],
    [
      5200,
      1,
      0.003156,
      0.001598,
      0.2703
    ],
    [
      5300,
      1,
      0.003098,
      0.001569,
      0.2703
    ],
    [
      5400,
      1,
      0.003043,
      0.001541,
      0.2703
    ],
    [
      5500,
      1,
      0.002989,
      0.001514,
      0.2703
    ],
    [
      5600,
      1,
      0.002937,
      0.001487,
      0.2703
    ],
    [
      5700,
      1,
      0.002887,
      0.001462,
      0.2703
    ],
    [
      5800,
      1,
      0.002839,
      0.001438,
      0.2703
    ],
    [
      5900,
      1,
      0.002792,
      0.001414,
      0.2703
    ],
    [
      6000,
      1,
      0.002747,
      0.001391,
      0.2703
    ],
    [
      6100,
      1,
      0.002703,
      0.001369,
      0.2703
    ],
    [
      6200,
      1,
      0.002661,
      0.001347,
      0.2703
    ],
    [
      6300,
      1,
      0.00262,
      0.001327,
      0.2703
    ],
    [
      6400,
      1,
      0.00258,
      0.001306,
      0.2703
    ],
    [
      6500,
      1,
      0.002541,
      0.001287,
      0.2703
    ],
    [
      6600,
      1,
      0.002504,
      0.001268,
      0.2703
    ],
    [
      6700,
      1,
      0.002467,
      0.001249,
      0.2703
    ],
    [
      6800,
      1,
      0.002432,
      0.001231,
      0.2703
    ],
    [
      6900,
      1,
      0.002398,
      0.001214,
      0.2703
    ],
    [
      7000,
      1,
      0.002364,
      0.001197,
      0.2703
    ],
    [
      7100,
      1,
      0.002332,
      0.001181,
      0.2703
    ],
    [
      7200,
      1,
      0.0023,
      0.001165,
      0.2703
    ],
    [
      7300,
      1,
      0.002269,
      0.001149,
      0.2703
    ],
    [
      7400,
      1,
      0.002239,
      0.001134,
      0.2703
    ],
    [
      7500,
      1,
      0.00221,
      0.001119,
      0.2703
    ],
    [
      7600,
      1,
      0.002182,
      0.001105,
      0.2703
    ],
    [
      7700,
      1,
      0.002154,
      0.001091,
      0.2703
    ],
    [
      7800,
      1,
      0.002127,
      0.001077,
      0.2703
    ],
    [
      7900,
      1,
      0.002101,
      0.001064,
      0.2703
    ],
    [
      8000,
      1,
      0.002075,
      0.001051,
      0.2703
    ],
    [
      8100,
      1,
      0.00205,
      0.001038,
      0.2703
    ],
    [
      8200,
      1,
      0.002025,
      0.001026,
      0.2703
    ],
    [
      8300,
      1,
      0.002001,
      0.001013,
      0.2703
    ],
    [
      8400,
      1,
      0.001978,
      0.001002,
      0.2703
    ],
    [
      8500,
      1,
      0.001955,
      0.00099,
      0.2703
    ],
    [
      8600,
      1,
      0.001933,
      0.000979,
      0.2703
    ],
    [
      8700,
      1,
      0.001911,
      0.000968,
      0.2703
    ],
    [
      8800,
      1,
      0.00189,
      0.000957,
      0.2703
    ],
    [
      8900,
      1,
      0.001869,
      0.000946,
      0.2703
    ],
    [
      9000,
      1,
      0.001849,
      0.000936,
      0.2703
    ],
    [
      9100,
      1,
      0.001829,
      0.000926,
      0.2703
    ],
    [
      9200,
      1,
      0.001809,
      0.000916,
      0.2703
    ],
    [
      9300,
      1,
      0.00179,
      0.000906,
      0.2703
    ],
    [
      9400,
      1,
      0.001772,
      0.000897,
      0.2703
    ],
    [
      9500,
      1,
      0.001753,
      0.000888,
      0.2703
    ],
    [
      9600,
      1,
      0.001735,
      0.000879,
      0.2703
    ],
    [
      9700,
      1,
      0.001718,
      0.00087,
      0.2703
    ],
    [
      9800,
      1,
      0.0017,
      0.000861,
      0.2703
    ],
    [
      9900,
      1,
      0.001684,
