{
  "game": "sb26",
  "condition": "lv",
  "draw": 4,
  "seed": 400,
  "use_lv": true,
  "mean_cycle_distinct": 1.0,
  "mean_max_activation": 0.007188,
  "lv_stats": [
    [
      0,
      1,
      0.099346,
      0.049634,
      0.2685
    ],
    [
      100,
      1,
      0.061297,
      0.030622,
      0.2685
    ],
    [
      200,
      1,
      0.044342,
      0.022151,
      0.2685
    ],
    [
      300,
      1,
      0.034741,
      0.017354,
      0.2685
    ],
    [
      400,
      1,
      0.02856,
      0.014266,
      0.2685
    ],
    [
      500,
      1,
      0.024248,
      0.012111,
      0.2685
    ],
    [
      600,
      1,
      0.021068,
      0.010523,
      0.2685
    ],
    [
      700,
      1,
      0.018625,
      0.009303,
      0.2685
    ],
    [
      800,
      1,
      0.016691,
      0.008336,
      0.2685
    ],
    [
      900,
      1,
      0.01512,
      0.007552,
      0.2685
    ],
    [
      1000,
      1,
      0.01382,
      0.006902,
      0.2685
    ],
    [
      1100,
      1,
      0.012726,
      0.006356,
      0.2685
    ],
    [
      1200,
      1,
      0.011792,
      0.005889,
      0.2685
    ],
    [
      1300,
      1,
      0.010986,
      0.005487,
      0.2685
    ],
    [
      1400,
      1,
      0.010284,
      0.005136,
      0.2685
    ],
    [
      1500,
      1,
      0.009665,
      0.004827,
      0.2685
    ],
    [
      1600,
      1,
      0.009117,
      0.004553,
      0.2685
    ],
    [
      1700,
      1,
      0.008628,
      0.004309,
      0.2685
    ],
    [
      1800,
      1,
      0.008189,
      0.004089,
      0.2685
    ],
    [
      1900,
      1,
      0.007792,
      0.003891,
      0.2685
    ],
    [
      2000,
      1,
      0.007432,
      0.003711,
      0.2685
    ],
    [
      2100,
      1,
      0.007104,
      0.003547,
      0.2685
    ],
    [
      2200,
      1,
      0.006803,
      0.003397,
      0.2685
    ],
    [
      2300,
      1,
      0.006527,
      0.003259,
      0.2685
    ],
    [
      2400,
      1,
      0.006272,
      0.003132,
      0.2685
    ],
    [
      2500,
      1,
      0.006037,
      0.003015,
      0.2685
    ],
    [
      2600,
      1,
      0.005819,
      0.002906,
      0.2685
    ],
    [
      2700,
      1,
      0.005615,
      0.002804,
      0.2685
    ],
    [
      2800,
      1,
      0.005426,
      0.00271,
      0.2685
    ],
    [
      2900,
      1,
      0.005249,
      0.002621,
      0.2685
    ],
    [
      3000,
      1,
      0.005083,
      0.002538,
      0.2685
    ],
    [
      3100,
      1,
      0.004927,
      0.00246,
      0.2685
    ],
    [
      3200,
      1,
      0.004781,
      0.002387,
      0.2685
    ],
    [
      3300,
      1,
      0.004643,
      0.002318,
      0.2685
    ],
    [
      3400,
      1,
      0.004513,
      0.002253,
      0.2685
    ],
    [
      3500,
      1,
      0.004389,
      0.002192,
      0.2685
    ],
    [
      3600,
      1,
      0.004273,
      0.002134,
      0.2685
    ],
    [
      3700,
      1,
      0.004162,
      0.002078,
      0.2685
    ],
    [
      3800,
      1,
      0.004057,
      0.002026,
      0.2685
    ],
    [
      3900,
      1,
      0.003957,
      0.001976,
      0.2685
    ],
    [
      4000,
      1,
      0.003862,
      0.001929,
      0.2685
    ],
    [
      4100,
      1,
      0.003772,
      0.001883,
      0.2685
    ],
    [
      4200,
      1,
      0.003685,
      0.00184,
      0.2685
    ],
    [
      4300,
      1,
      0.003603,
      0.001799,
      0.2685
    ],
    [
      4400,
      1,
      0.003524,
      0.00176,
      0.2685
    ],
    [
      4500,
      1,
      0.003448,
      0.001722,
      0.2685
    ],
    [
      4600,
      1,
      0.003376,
      0.001686,
      0.2685
    ],
    [
      4700,
      1,
      0.003307,
      0.001651,
      0.2685
    ],
    [
      4800,
      1,
      0.00324,
      0.001618,
      0.2685
    ],
    [
      4900,
      1,
      0.003176,
      0.001586,
      0.2685
    ],
    [
      5000,
      1,
      0.003115,
      0.001555,
      0.2685
    ],
    [
      5100,
      1,
      0.003055,
      0.001526,
      0.2685
    ],
    [
      5200,
      1,
      0.002999,
      0.001497,
      0.2685
    ],
    [
      5300,
      1,
      0.002944,
      0.00147,
      0.2685
    ],
    [
      5400,
      1,
      0.002891,
      0.001443,
      0.2685
    ],
    [
      5500,
      1,
      0.00284,
      0.001418,
      0.2685
    ],
    [
      5600,
      1,
      0.00279,
      0.001393,
      0.2685
    ],
    [
      5700,
      1,
      0.002743,
      0.00137,
      0.2685
    ],
    [
      5800,
      1,
      0.002697,
      0.001347,
      0.2685
    ],
    [
      5900,
      1,
      0.002652,
      0.001324,
      0.2685
    ],
    [
      6000,
      1,
      0.002609,
      0.001303,
      0.2685
    ],
    [
      6100,
      1,
      0.002568,
      0.001282,
      0.2685
    ],
    [
      6200,
      1,
      0.002527,
      0.001262,
      0.2685
    ],
    [
      6300,
      1,
      0.002488,
      0.001242,
      0.2685
    ],
    [
      6400,
      1,
      0.00245,
      0.001224,
      0.2685
    ],
    [
      6500,
      1,
      0.002414,
      0.001205,
      0.2685
    ],
    [
      6600,
      1,
      0.002378,
      0.001187,
      0.2685
    ],
    [
      6700,
      1,
      0.002343,
      0.00117,
      0.2685
    ],
    [
      6800,
      1,
      0.00231,
      0.001153,
      0.2685
    ],
    [
      6900,
      1,
      0.002277,
      0.001137,
      0.2685
    ],
    [
      7000,
      1,
      0.002245,
      0.001121,
      0.2685
    ],
    [
      7100,
      1,
      0.002214,
      0.001106,
      0.2685
    ],
    [
      7200,
      1,
      0.002184,
      0.001091,
      0.2685
    ],
    [
      7300,
      1,
      0.002155,
      0.001076,
      0.2685
    ],
    [
      7400,
      1,
      0.002127,
      0.001062,
      0.2685
    ],
    [
      7500,
      1,
      0.002099,
      0.001048,
      0.2685
    ],
    [
      7600,
      1,
      0.002072,
      0.001034,
      0.2685
    ],
    [
      7700,
      1,
      0.002045,
      0.001021,
      0.2685
    ],
    [
      7800,
      1,
      0.00202,
      0.001008,
      0.2685
    ],
    [
      7900,
      1,
      0.001995,
      0.000996,
      0.2685
    ],
    [
      8000,
      1,
      0.00197,
      0.000984,
      0.2685
    ],
    [
      8100,
      1,
      0.001946,
      0.000972,
      0.2685
    ],
    [
      8200,
      1,
      0.001923,
      0.00096,
      0.2685
    ],
    [
      8300,
      1,
      0.001901,
      0.000949,
      0.2685
    ],
    [
      8400,
      1,
      0.001878,
      0.000938,
      0.2685
    ],
    [
      8500,
      1,
      0.001857,
      0.000927,
      0.2685
    ],
    [
      8600,
      1,
      0.001835,
      0.000916,
      0.2685
    ],
    [
      8700,
      1,
      0.001815,
      0.000906,
      0.2685
    ],
    [
      8800,
      1,
      0.001795,
      0.000896,
      0.2685
    ],
    [
      8900,
      1,
      0.001775,
      0.000886,
      0.2685
    ],
    [
      9000,
      1,
      0.001755,
      0.000876,
      0.2685
    ],
    [
      9100,
      1,
      0.001736,
      0.000867,
      0.2685
    ],
    [
      9200,
      1,
      0.001718,
      0.000858,
      0.2685
    ],
    [
      9300,
      1,
      0.0017,
      0.000849,
      0.2685
    ],
    [
      9400,
      1,
      0.001682,
      0.00084,
      0.2685
    ],
    [
      9500,
      1,
      0.001665,
      0.000831,
      0.2685
    ],
    [
      9600,
      1,
      0.001648,
      0.000823,
      0.2685
    ],
    [
      9700,
      1,
      0.001631,
      0.000814,
      0.2685
    ],
    [
      9800,
      1,
      0.001614,
      0.000806,
      0.2685
    ],
    [
      9900,
      1,
      0.001598,
