{
  "game": "sp80",
  "condition": "lv",
  "draw": 5,
  "seed": 500,
  "use_lv": true,
  "mean_cycle_distinct": 2.28,
  "mean_max_activation": 0.015643,
  "lv_stats": [
    [
      0,
      1,
      0.099681,
      0.050174,
      0.296
    ],
    [
      100,
      7,
      0.095729,
      0.038701,
      0.296
    ],
    [
      200,
      3,
      0.08116,
      0.03143,
      0.296
    ],
    [
      300,
      3,
      0.072705,
      0.026517,
      0.296
    ],
    [
      400,
      4,
      0.060081,
      0.022821,
      0.296
    ],
    [
      500,
      3,
      0.054321,
      0.020057,
      0.296
    ],
    [
      600,
      3,
      0.051201,
      0.01795,
      0.296
    ],
    [
      700,
      3,
      0.043249,
      0.016151,
      0.296
    ],
    [
      800,
      3,
      0.040321,
      0.014709,
      0.296
    ],
    [
      900,
      3,
      0.03899,
      0.013551,
      0.296
    ],
    [
      1000,
      3,
      0.033589,
      0.012487,
      0.296
    ],
    [
      1100,
      3,
      0.031839,
      0.011603,
      0.296
    ],
    [
      1200,
      3,
      0.031148,
      0.010876,
      0.296
    ],
    [
      1300,
      3,
      0.027273,
      0.010171,
      0.296
    ],
    [
      1400,
      3,
      0.026133,
      0.009575,
      0.296
    ],
    [
      1500,
      3,
      0.025693,
      0.009078,
      0.296
    ],
    [
      1600,
      3,
      0.022819,
      0.008575,
      0.296
    ],
    [
      1700,
      3,
      0.021995,
      0.008146,
      0.296
    ],
    [
      1800,
      3,
      0.021789,
      0.007786,
      0.296
    ],
    [
      1900,
      3,
      0.019549,
      0.007409,
      0.296
    ],
    [
      2000,
      3,
      0.018851,
      0.007086,
      0.296
    ],
    [
      2100,
      3,
      0.018885,
      0.006814,
      0.296
    ],
    [
      2200,
      3,
      0.017036,
      0.00652,
      0.296
    ],
    [
      2300,
      3,
      0.016433,
      0.006269,
      0.296
    ],
    [
      2400,
      3,
      0.01656,
      0.006055,
      0.296
    ],
    [
      2500,
      3,
      0.015049,
      0.00582,
      0.296
    ],
    [
      2600,
      3,
      0.014604,
      0.005619,
      0.296
    ],
    [
      2700,
      3,
      0.014651,
      0.005448,
      0.296
    ],
    [
      2800,
      3,
      0.013444,
      0.005254,
      0.296
    ],
    [
      2900,
      3,
      0.013113,
      0.00509,
      0.296
    ],
    [
      3000,
      3,
      0.013057,
      0.00495,
      0.296
    ],
    [
      3100,
      2,
      0.012123,
      0.004788,
      0.296
    ],
    [
      3200,
      2,
      0.011875,
      0.004652,
      0.296
    ],
    [
      3300,
      3,
      0.011705,
      0.004535,
      0.296
    ],
    [
      3400,
      3,
      0.011018,
      0.004397,
      0.296
    ],
    [
      3500,
      3,
      0.010831,
      0.004282,
      0.296
    ],
    [
      3600,
      2,
      0.01067,
      0.004183,
      0.296
    ],
    [
      3700,
      2,
      0.010081,
      0.004065,
      0.296
    ],
    [
      3800,
      3,
      0.00994,
      0.003967,
      0.296
    ],
    [
      3900,
      3,
      0.009824,
      0.003882,
      0.296
    ],
    [
      4000,
      3,
      0.009276,
      0.003779,
      0.296
    ],
    [
      4100,
      3,
      0.009172,
      0.003695,
      0.296
    ],
    [
      4200,
      2,
      0.009133,
      0.003621,
      0.296
    ],
    [
      4300,
      2,
      0.008577,
      0.003531,
      0.296
    ],
    [
      4400,
      2,
      0.008503,
      0.003457,
      0.296
    ],
    [
      4500,
      3,
      0.008538,
      0.003393,
      0.296
    ],
    [
      4600,
      3,
      0.007965,
      0.003313,
      0.296
    ],
    [
      4700,
      3,
      0.007915,
      0.003249,
      0.296
    ],
    [
      4800,
      3,
      0.008001,
      0.003192,
      0.296
    ],
    [
      4900,
      4,
      0.007472,
      0.00312,
      0.296
    ],
    [
      5000,
      5,
      0.007478,
      0.003064,
      0.296
    ],
    [
      5100,
      4,
      0.007555,
      0.003013,
      0.296
    ],
    [
      5200,
      4,
      0.007127,
      0.002949,
      0.296
    ],
    [
      5300,
      2,
      0.007211,
      0.002899,
      0.296
    ],
    [
      5400,
      2,
      0.007221,
      0.002853,
      0.296
    ],
    [
      5500,
      2,
      0.006823,
      0.002795,
      0.296
    ],
    [
      5600,
      2,
      0.006975,
      0.002751,
      0.296
    ],
    [
      5700,
      2,
      0.006921,
      0.00271,
      0.296
    ],
    [
      5800,
      2,
      0.006608,
      0.002657,
      0.296
    ],
    [
      5900,
      2,
      0.006764,
      0.002617,
      0.296
    ],
    [
      6000,
      2,
      0.006653,
      0.00258,
      0.296
    ],
    [
      6100,
      2,
      0.006415,
      0.002532,
      0.296
    ],
    [
      6200,
      1,
      0.006573,
      0.002496,
      0.296
    ],
    [
      6300,
      1,
      0.006469,
      0.002462,
      0.296
    ],
    [
      6400,
      1,
      0.006242,
      0.002418,
      0.296
    ],
    [
      6500,
      3,
      0.0064,
      0.002386,
      0.296
    ],
    [
      6600,
      3,
      0.006306,
      0.002355,
      0.296
    ],
    [
      6700,
      3,
      0.006113,
      0.002315,
      0.296
    ],
    [
      6800,
      3,
      0.006258,
      0.002286,
      0.296
    ],
    [
      6900,
      3,
      0.006188,
      0.002256,
      0.296
    ],
    [
      7000,
      3,
      0.006027,
      0.00222,
      0.296
    ],
    [
      7100,
      1,
      0.006175,
      0.002193,
      0.296
    ],
    [
      7200,
      1,
      0.006107,
      0.002166,
      0.296
    ],
    [
      7300,
      1,
      0.005952,
      0.002132,
      0.296
    ],
    [
      7400,
      1,
      0.006101,
      0.002108,
      0.296
    ],
    [
      7500,
      1,
      0.006037,
      0.002083,
      0.296
    ],
    [
      7600,
      1,
      0.005887,
      0.002052,
      0.296
    ],
    [
      7700,
      1,
      0.006037,
      0.00203,
      0.296
    ],
    [
      7800,
      1,
      0.005977,
      0.002006,
      0.296
    ],
    [
      7900,
      1,
      0.005831,
      0.001977,
      0.296
    ],
    [
      8000,
      1,
      0.005983,
      0.001957,
      0.296
    ],
    [
      8100,
      1,
      0.005926,
      0.001935,
      0.296
    ],
    [
      8200,
      1,
      0.005784,
      0.001908,
      0.296
    ],
    [
      8300,
      1,
      0.005938,
      0.00189,
      0.296
    ],
    [
      8400,
      1,
      0.005884,
      0.001869,
      0.296
    ],
    [
      8500,
      1,
      0.005745,
      0.001844,
      0.296
    ],
    [
      8600,
      1,
      0.0059,
      0.001827,
      0.296
    ],
    [
      8700,
      1,
      0.005849,
      0.001808,
      0.296
    ],
    [
      8800,
      1,
      0.005712,
      0.001784,
      0.296
    ],
    [
      8900,
      1,
      0.005869,
      0.001769,
      0.296
    ],
    [
      9000,
      1,
      0.00582,
      0.001751,
      0.296
    ],
    [
      9100,
      1,
      0.005687,
      0.001728,
      0.296
    ],
    [
      9200,
      1,
      0.005844,
      0.001715,
      0.296
    ],
    [
      9300,
      1,
      0.005799,
      0.001697,
      0.296
    ],
    [
      9400,
      1,
      0.005667,
      0.001676,
      0.296
    ],
    [
      9500,
      1,
      0.005826,
      0.001664,
      0.296
    ],
    [
      9600,
      1,
      0.005783,
      0.001647,
      0.296
    ],
    [
      9700,
      1,
      0.005653,
      0.001627,
      0.296
    ],
    [
      9800,
      1,
      0.005814,
      0.001616,
      0.296
    ],
    [
      9900,
      1,
      0.005772,
      0.0016,
      0.296
    ]
  ],
  "steps_taken": 10000,
  "elapsed_seconds": 4.79,