{
  "game": "sp80",
  "condition": "lv",
  "draw": 2,
  "seed": 200,
  "use_lv": true,
  "mean_cycle_distinct": 1.49,
  "mean_max_activation": 0.010965,
  "lv_stats": [
    [
      0,
      1,
      0.099446,
      0.049712,
      0.2673
    ],
    [
      100,
      8,
      0.078474,
      0.032378,
      0.2673
    ],
    [
      200,
      1,
      0.062722,
      0.024032,
      0.2673
    ],
    [
      300,
      1,
      0.055802,
      0.019131,
      0.2673
    ],
    [
      400,
      1,
      0.042429,
      0.01583,
      0.2673
    ],
    [
      500,
      1,
      0.037561,
      0.013536,
      0.2673
    ],
    [
      600,
      1,
      0.036145,
      0.01184,
      0.2673
    ],
    [
      700,
      1,
      0.029073,
      0.010473,
      0.2673
    ],
    [
      800,
      1,
      0.026859,
      0.009418,
      0.2673
    ],
    [
      900,
      1,
      0.02677,
      0.008571,
      0.2673
    ],
    [
      1000,
      1,
      0.022135,
      0.007822,
      0.2673
    ],
    [
      1100,
      1,
      0.020914,
      0.007219,
      0.2673
    ],
    [
      1200,
      1,
      0.021262,
      0.006714,
      0.2673
    ],
    [
      1300,
      1,
      0.017869,
      0.00624,
      0.2673
    ],
    [
      1400,
      1,
      0.017118,
      0.005851,
      0.2673
    ],
    [
      1500,
      1,
      0.017625,
      0.005518,
      0.2673
    ],
    [
      1600,
      1,
      0.014973,
      0.005189,
      0.2673
    ],
    [
      1700,
      1,
      0.014478,
      0.004917,
      0.2673
    ],
    [
      1800,
      1,
      0.015039,
      0.004682,
      0.2673
    ],
    [
      1900,
      1,
      0.012874,
      0.00444,
      0.2673
    ],
    [
      2000,
      1,
      0.012532,
      0.00424,
      0.2673
    ],
    [
      2100,
      1,
      0.013102,
      0.004065,
      0.2673
    ],
    [
      2200,
      1,
      0.01128,
      0.003879,
      0.2673
    ],
    [
      2300,
      1,
      0.011036,
      0.003726,
      0.2673
    ],
    [
      2400,
      1,
      0.011596,
      0.003592,
      0.2673
    ],
    [
      2500,
      1,
      0.010027,
      0.003444,
      0.2673
    ],
    [
      2600,
      1,
      0.009849,
      0.003322,
      0.2673
    ],
    [
      2700,
      1,
      0.01039,
      0.003216,
      0.2673
    ],
    [
      2800,
      1,
      0.009016,
      0.003096,
      0.2673
    ],
    [
      2900,
      1,
      0.008883,
      0.002997,
      0.2673
    ],
    [
      3000,
      1,
      0.009402,
      0.002912,
      0.2673
    ],
    [
      3100,
      1,
      0.008181,
      0.002811,
      0.2673
    ],
    [
      3200,
      1,
      0.008082,
      0.00273,
      0.2673
    ],
    [
      3300,
      1,
      0.008577,
      0.002659,
      0.2673
    ],
    [
      3400,
      1,
      0.007481,
      0.002574,
      0.2673
    ],
    [
      3500,
      1,
      0.007406,
      0.002506,
      0.2673
    ],
    [
      3600,
      1,
      0.007877,
      0.002447,
      0.2673
    ],
    [
      3700,
      1,
      0.006885,
      0.002373,
      0.2673
    ],
    [
      3800,
      1,
      0.006828,
      0.002315,
      0.2673
    ],
    [
      3900,
      1,
      0.007276,
      0.002266,
      0.2673
    ],
    [
      4000,
      1,
      0.00637,
      0.002202,
      0.2673
    ],
    [
      4100,
      1,
      0.006328,
      0.002152,
      0.2673
    ],
    [
      4200,
      1,
      0.006754,
      0.002109,
      0.2673
    ],
    [
      4300,
      1,
      0.005922,
      0.002053,
      0.2673
    ],
    [
      4400,
      1,
      0.00589,
      0.002009,
      0.2673
    ],
    [
      4500,
      1,
      0.006296,
      0.001973,
      0.2673
    ],
    [
      4600,
      1,
      0.005528,
      0.001923,
      0.2673
    ],
    [
      4700,
      1,
      0.005505,
      0.001885,
      0.2673
    ],
    [
      4800,
      1,
      0.005892,
      0.001853,
      0.2673
    ],
    [
      4900,
      1,
      0.005179,
      0.001808,
      0.2673
    ],
    [
      5000,
      1,
      0.005162,
      0.001774,
      0.2673
    ],
    [
      5100,
      1,
      0.005531,
      0.001746,
      0.2673
    ],
    [
      5200,
      1,
      0.004867,
      0.001706,
      0.2673
    ],
    [
      5300,
      1,
      0.004856,
      0.001676,
      0.2673
    ],
    [
      5400,
      1,
      0.005208,
      0.001651,
      0.2673
    ],
    [
      5500,
      1,
      0.004587,
      0.001615,
      0.2673
    ],
    [
      5600,
      1,
      0.00458,
      0.001588,
      0.2673
    ],
    [
      5700,
      1,
      0.004917,
      0.001566,
      0.2673
    ],
    [
      5800,
      1,
      0.004334,
      0.001533,
      0.2673
    ],
    [
      5900,
      1,
      0.004331,
      0.001509,
      0.2673
    ],
    [
      6000,
      1,
      0.004653,
      0.001489,
      0.2673
    ],
    [
      6100,
      1,
      0.004104,
      0.001458,
      0.2673
    ],
    [
      6200,
      1,
      0.004104,
      0.001437,
      0.2673
    ],
    [
      6300,
      1,
      0.004413,
      0.001419,
      0.2673
    ],
    [
      6400,
      1,
      0.003895,
      0.001391,
      0.2673
    ],
    [
      6500,
      1,
      0.003897,
      0.001371,
      0.2673
    ],
    [
      6600,
      1,
      0.004193,
      0.001356,
      0.2673
    ],
    [
      6700,
      1,
      0.003703,
      0.001329,
      0.2673
    ],
    [
      6800,
      2,
      0.003707,
      0.001311,
      0.2673
    ],
    [
      6900,
      2,
      0.003992,
      0.001297,
      0.2673
    ],
    [
      7000,
      2,
      0.003528,
      0.001273,
      0.2673
    ],
    [
      7100,
      2,
      0.003532,
      0.001256,
      0.2673
    ],
    [
      7200,
      2,
      0.003807,
      0.001244,
      0.2673
    ],
    [
      7300,
      2,
      0.003396,
      0.001221,
      0.2673
    ],
    [
      7400,
      2,
      0.003377,
      0.001206,
      0.2673
    ],
    [
      7500,
      2,
      0.003636,
      0.001194,
      0.2673
    ],
    [
      7600,
      2,
      0.003275,
      0.001173,
      0.2673
    ],
    [
      7700,
      2,
      0.00326,
      0.001159,
      0.2673
    ],
    [
      7800,
      2,
      0.003477,
      0.001149,
      0.2673
    ],
    [
      7900,
      2,
      0.003162,
      0.001129,
      0.2673
    ],
    [
      8000,
      2,
      0.003151,
      0.001116,
      0.2673
    ],
    [
      8100,
      2,
      0.00333,
      0.001106,
      0.2673
    ],
    [
      8200,
      2,
      0.003058,
      0.001087,
      0.2673
    ],
    [
      8300,
      2,
      0.00305,
      0.001075,
      0.2673
    ],
    [
      8400,
      2,
      0.003192,
      0.001067,
      0.2673
    ],
    [
      8500,
      3,
      0.002961,
      0.001049,
      0.2673
    ],
    [
      8600,
      3,
      0.002955,
      0.001038,
      0.2673
    ],
    [
      8700,
      3,
      0.003064,
      0.00103,
      0.2673
    ],
    [
      8800,
      3,
      0.002871,
      0.001013,
      0.2673
    ],
    [
      8900,
      3,
      0.00287,
      0.001003,
      0.2673
    ],
    [
      9000,
      3,
      0.002944,
      0.000996,
      0.2673
    ],
    [
      9100,
      3,
      0.002786,
      0.00098,
      0.2673
    ],
    [
      9200,
      3,
      0.002792,
      0.00097,
      0.2673
    ],
    [
      9300,
      3,
      0.002851,
      0.000963,
      0.2673
    ],
    [
      9400,
      3,
      0.002707,
      0.000948,
      0.2673
    ],
    [
      9500,
      2,
      0.002718,
      0.000939,
      0.2673
    ],
    [
      9600,
      2,
      0.002771,
      0.000933,
      0.2673
    ],
    [
      9700,
      2,
      0.002633,
      0.000919,
      0.2673
    ],
    [
      9800,
      2,
      0.002648,
      0.000911,
      0.2673
    ],
    [
      9900,
      2,
