{
  "game": "sp80",
  "condition": "lv",
  "draw": 4,
  "seed": 400,
  "use_lv": true,
  "mean_cycle_distinct": 1.69,
  "mean_max_activation": 0.009515,
  "lv_stats": [
    [
      0,
      1,
      0.099346,
      0.049634,
      0.2685
    ],
    [
      100,
      5,
      0.07262,
      0.030582,
      0.2685
    ],
    [
      200,
      1,
      0.05587,
      0.022134,
      0.2685
    ],
    [
      300,
      1,
      0.048603,
      0.017363,
      0.2685
    ],
    [
      400,
      1,
      0.036937,
      0.014246,
      0.2685
    ],
    [
      500,
      1,
      0.032202,
      0.012099,
      0.2685
    ],
    [
      600,
      1,
      0.030635,
      0.010529,
      0.2685
    ],
    [
      700,
      1,
      0.024791,
      0.009285,
      0.2685
    ],
    [
      800,
      1,
      0.022657,
      0.008323,
      0.2685
    ],
    [
      900,
      1,
      0.022387,
      0.007554,
      0.2685
    ],
    [
      1000,
      1,
      0.018662,
      0.006885,
      0.2685
    ],
    [
      1100,
      1,
      0.017473,
      0.006342,
      0.2685
    ],
    [
      1200,
      2,
      0.01763,
      0.005889,
      0.2685
    ],
    [
      1300,
      2,
      0.014949,
      0.00547,
      0.2685
    ],
    [
      1400,
      2,
      0.014201,
      0.005122,
      0.2685
    ],
    [
      1500,
      2,
      0.014543,
      0.004824,
      0.2685
    ],
    [
      1600,
      2,
      0.012492,
      0.004536,
      0.2685
    ],
    [
      1700,
      2,
      0.011938,
      0.004294,
      0.2685
    ],
    [
      1800,
      2,
      0.012368,
      0.004085,
      0.2685
    ],
    [
      1900,
      2,
      0.010743,
      0.003874,
      0.2685
    ],
    [
      2000,
      2,
      0.010278,
      0.003696,
      0.2685
    ],
    [
      2100,
      2,
      0.010744,
      0.003541,
      0.2685
    ],
    [
      2200,
      2,
      0.009424,
      0.00338,
      0.2685
    ],
    [
      2300,
      2,
      0.009006,
      0.003244,
      0.2685
    ],
    [
      2400,
      2,
      0.009481,
      0.003125,
      0.2685
    ],
    [
      2500,
      2,
      0.008395,
      0.002997,
      0.2685
    ],
    [
      2600,
      2,
      0.008049,
      0.00289,
      0.2685
    ],
    [
      2700,
      2,
      0.008469,
      0.002796,
      0.2685
    ],
    [
      2800,
      2,
      0.00757,
      0.002692,
      0.2685
    ],
    [
      2900,
      2,
      0.007286,
      0.002605,
      0.2685
    ],
    [
      3000,
      2,
      0.007637,
      0.002529,
      0.2685
    ],
    [
      3100,
      2,
      0.006892,
      0.002443,
      0.2685
    ],
    [
      3200,
      2,
      0.006653,
      0.002371,
      0.2685
    ],
    [
      3300,
      2,
      0.006964,
      0.002309,
      0.2685
    ],
    [
      3400,
      1,
      0.006323,
      0.002236,
      0.2685
    ],
    [
      3500,
      1,
      0.006117,
      0.002176,
      0.2685
    ],
    [
      3600,
      1,
      0.006417,
      0.002124,
      0.2685
    ],
    [
      3700,
      2,
      0.005839,
      0.002061,
      0.2685
    ],
    [
      3800,
      2,
      0.00566,
      0.00201,
      0.2685
    ],
    [
      3900,
      2,
      0.005949,
      0.001966,
      0.2685
    ],
    [
      4000,
      2,
      0.005423,
      0.001911,
      0.2685
    ],
    [
      4100,
      2,
      0.005268,
      0.001867,
      0.2685
    ],
    [
      4200,
      2,
      0.005542,
      0.00183,
      0.2685
    ],
    [
      4300,
      2,
      0.005062,
      0.001782,
      0.2685
    ],
    [
      4400,
      2,
      0.004927,
      0.001743,
      0.2685
    ],
    [
      4500,
      2,
      0.005187,
      0.001711,
      0.2685
    ],
    [
      4600,
      2,
      0.004746,
      0.001668,
      0.2685
    ],
    [
      4700,
      2,
      0.004627,
      0.001635,
      0.2685
    ],
    [
      4800,
      2,
      0.004873,
      0.001606,
      0.2685
    ],
    [
      4900,
      2,
      0.004466,
      0.001568,
      0.2685
    ],
    [
      5000,
      2,
      0.00436,
      0.001539,
      0.2685
    ],
    [
      5100,
      2,
      0.004594,
      0.001514,
      0.2685
    ],
    [
      5200,
      2,
      0.004217,
      0.00148,
      0.2685
    ],
    [
      5300,
      2,
      0.004121,
      0.001453,
      0.2685
    ],
    [
      5400,
      2,
      0.004345,
      0.001432,
      0.2685
    ],
    [
      5500,
      2,
      0.003994,
      0.001401,
      0.2685
    ],
    [
      5600,
      2,
      0.003907,
      0.001377,
      0.2685
    ],
    [
      5700,
      2,
      0.004121,
      0.001357,
      0.2685
    ],
    [
      5800,
      2,
      0.003793,
      0.001329,
      0.2685
    ],
    [
      5900,
      2,
      0.003713,
      0.001308,
      0.2685
    ],
    [
      6000,
      2,
      0.003918,
      0.001291,
      0.2685
    ],
    [
      6100,
      2,
      0.003611,
      0.001265,
      0.2685
    ],
    [
      6200,
      2,
      0.003536,
      0.001246,
      0.2685
    ],
    [
      6300,
      2,
      0.003734,
      0.00123,
      0.2685
    ],
    [
      6400,
      2,
      0.003446,
      0.001206,
      0.2685
    ],
    [
      6500,
      2,
      0.003375,
      0.001189,
      0.2685
    ],
    [
      6600,
      2,
      0.003566,
      0.001175,
      0.2685
    ],
    [
      6700,
      2,
      0.003294,
      0.001153,
      0.2685
    ],
    [
      6800,
      2,
      0.003226,
      0.001137,
      0.2685
    ],
    [
      6900,
      2,
      0.003411,
      0.001124,
      0.2685
    ],
    [
      7000,
      2,
      0.003156,
      0.001104,
      0.2685
    ],
    [
      7100,
      2,
      0.003092,
      0.001089,
      0.2685
    ],
    [
      7200,
      2,
      0.00327,
      0.001078,
      0.2685
    ],
    [
      7300,
      2,
      0.003028,
      0.001059,
      0.2685
    ],
    [
      7400,
      2,
      0.002969,
      0.001045,
      0.2685
    ],
    [
      7500,
      2,
      0.00314,
      0.001035,
      0.2685
    ],
    [
      7600,
      2,
      0.00291,
      0.001017,
      0.2685
    ],
    [
      7700,
      2,
      0.002854,
      0.001005,
      0.2685
    ],
    [
      7800,
      2,
      0.00302,
      0.000996,
      0.2685
    ],
    [
      7900,
      2,
      0.0028,
      0.000979,
      0.2685
    ],
    [
      8000,
      1,
      0.002748,
      0.000967,
      0.2685
    ],
    [
      8100,
      1,
      0.002908,
      0.000959,
      0.2685
    ],
    [
      8200,
      1,
      0.002698,
      0.000943,
      0.2685
    ],
    [
      8300,
      1,
      0.002649,
      0.000933,
      0.2685
    ],
    [
      8400,
      1,
      0.002805,
      0.000925,
      0.2685
    ],
    [
      8500,
      1,
      0.002603,
      0.00091,
      0.2685
    ],
    [
      8600,
      1,
      0.002556,
      0.0009,
      0.2685
    ],
    [
      8700,
      1,
      0.002708,
      0.000893,
      0.2685
    ],
    [
      8800,
      1,
      0.002514,
      0.000879,
      0.2685
    ],
    [
      8900,
      1,
      0.00247,
      0.00087,
      0.2685
    ],
    [
      9000,
      1,
      0.002617,
      0.000863,
      0.2685
    ],
    [
      9100,
      1,
      0.002431,
      0.00085,
      0.2685
    ],
    [
      9200,
      1,
      0.002388,
      0.000841,
      0.2685
    ],
    [
      9300,
      1,
      0.002532,
      0.000835,
      0.2685
    ],
    [
      9400,
      1,
      0.002352,
      0.000823,
      0.2685
    ],
    [
      9500,
      1,
      0.002312,
      0.000815,
      0.2685
    ],
    [
      9600,
      1,
      0.002452,
      0.000809,
      0.2685
    ],
    [
      9700,
      1,
      0.002279,
      0.000797,
      0.2685
    ],
    [
      9800,
      1,
      0.002241,
      0.00079,
      0.2685
    ],
    [
      9900,
      1,
      0.002377,
