{
  "game": "sp80",
  "condition": "lv",
  "draw": 3,
  "seed": 300,
  "use_lv": true,
  "mean_cycle_distinct": 1.96,
  "mean_max_activation": 0.00971,
  "lv_stats": [
    [
      0,
      1,
      0.099383,
      0.05035,
      0.2703
    ],
    [
      100,
      6,
      0.074888,
      0.031694,
      0.2703
    ],
    [
      200,
      2,
      0.05633,
      0.023143,
      0.2703
    ],
    [
      300,
      1,
      0.052141,
      0.018264,
      0.2703
    ],
    [
      400,
      1,
      0.0396,
      0.015021,
      0.2703
    ],
    [
      500,
      1,
      0.033112,
      0.012781,
      0.2703
    ],
    [
      600,
      1,
      0.03321,
      0.011151,
      0.2703
    ],
    [
      700,
      1,
      0.026747,
      0.009839,
      0.2703
    ],
    [
      800,
      1,
      0.023363,
      0.008824,
      0.2703
    ],
    [
      900,
      1,
      0.024276,
      0.008023,
      0.2703
    ],
    [
      1000,
      1,
      0.020114,
      0.007312,
      0.2703
    ],
    [
      1100,
      1,
      0.017975,
      0.006735,
      0.2703
    ],
    [
      1200,
      1,
      0.019048,
      0.006263,
      0.2703
    ],
    [
      1300,
      1,
      0.016048,
      0.005815,
      0.2703
    ],
    [
      1400,
      1,
      0.014543,
      0.005444,
      0.2703
    ],
    [
      1500,
      1,
      0.015605,
      0.005134,
      0.2703
    ],
    [
      1600,
      2,
      0.013293,
      0.004826,
      0.2703
    ],
    [
      1700,
      2,
      0.012176,
      0.004567,
      0.2703
    ],
    [
      1800,
      2,
      0.013158,
      0.004349,
      0.2703
    ],
    [
      1900,
      2,
      0.011302,
      0.004123,
      0.2703
    ],
    [
      2000,
      2,
      0.010466,
      0.003932,
      0.2703
    ],
    [
      2100,
      2,
      0.011327,
      0.003771,
      0.2703
    ],
    [
      2200,
      2,
      0.009794,
      0.003598,
      0.2703
    ],
    [
      2300,
      2,
      0.009153,
      0.003452,
      0.2703
    ],
    [
      2400,
      2,
      0.009904,
      0.003328,
      0.2703
    ],
    [
      2500,
      2,
      0.008611,
      0.003191,
      0.2703
    ],
    [
      2600,
      2,
      0.008112,
      0.003075,
      0.2703
    ],
    [
      2700,
      2,
      0.008767,
      0.002978,
      0.2703
    ],
    [
      2800,
      2,
      0.007659,
      0.002866,
      0.2703
    ],
    [
      2900,
      2,
      0.007265,
      0.002772,
      0.2703
    ],
    [
      3000,
      3,
      0.00784,
      0.002693,
      0.2703
    ],
    [
      3100,
      3,
      0.006875,
      0.0026,
      0.2703
    ],
    [
      3200,
      4,
      0.006579,
      0.002523,
      0.2703
    ],
    [
      3300,
      4,
      0.007073,
      0.002458,
      0.2703
    ],
    [
      3400,
      4,
      0.006238,
      0.00238,
      0.2703
    ],
    [
      3500,
      4,
      0.006044,
      0.002315,
      0.2703
    ],
    [
      3600,
      3,
      0.006433,
      0.002261,
      0.2703
    ],
    [
      3700,
      3,
      0.005705,
      0.002193,
      0.2703
    ],
    [
      3800,
      3,
      0.005588,
      0.002138,
      0.2703
    ],
    [
      3900,
      3,
      0.0059,
      0.002092,
      0.2703
    ],
    [
      4000,
      3,
      0.005248,
      0.002033,
      0.2703
    ],
    [
      4100,
      3,
      0.005194,
      0.001986,
      0.2703
    ],
    [
      4200,
      3,
      0.005439,
      0.001947,
      0.2703
    ],
    [
      4300,
      3,
      0.004852,
      0.001895,
      0.2703
    ],
    [
      4400,
      3,
      0.004851,
      0.001854,
      0.2703
    ],
    [
      4500,
      3,
      0.005037,
      0.00182,
      0.2703
    ],
    [
      4600,
      3,
      0.004517,
      0.001774,
      0.2703
    ],
    [
      4700,
      3,
      0.004548,
      0.001738,
      0.2703
    ],
    [
      4800,
      3,
      0.004685,
      0.001708,
      0.2703
    ],
    [
      4900,
      3,
      0.004244,
      0.001668,
      0.2703
    ],
    [
      5000,
      3,
      0.00428,
      0.001635,
      0.2703
    ],
    [
      5100,
      3,
      0.004402,
      0.00161,
      0.2703
    ],
    [
      5200,
      2,
      0.004,
      0.001573,
      0.2703
    ],
    [
      5300,
      2,
      0.004038,
      0.001544,
      0.2703
    ],
    [
      5400,
      2,
      0.004159,
      0.001522,
      0.2703
    ],
    [
      5500,
      1,
      0.003781,
      0.001488,
      0.2703
    ],
    [
      5600,
      1,
      0.003821,
      0.001463,
      0.2703
    ],
    [
      5700,
      1,
      0.003939,
      0.001442,
      0.2703
    ],
    [
      5800,
      1,
      0.003585,
      0.001412,
      0.2703
    ],
    [
      5900,
      1,
      0.003625,
      0.001389,
      0.2703
    ],
    [
      6000,
      1,
      0.003741,
      0.001371,
      0.2703
    ],
    [
      6100,
      1,
      0.003406,
      0.001343,
      0.2703
    ],
    [
      6200,
      1,
      0.003447,
      0.001323,
      0.2703
    ],
    [
      6300,
      1,
      0.00356,
      0.001306,
      0.2703
    ],
    [
      6400,
      2,
      0.003244,
      0.001281,
      0.2703
    ],
    [
      6500,
      2,
      0.003285,
      0.001262,
      0.2703
    ],
    [
      6600,
      2,
      0.003394,
      0.001247,
      0.2703
    ],
    [
      6700,
      2,
      0.003096,
      0.001224,
      0.2703
    ],
    [
      6800,
      2,
      0.003137,
      0.001207,
      0.2703
    ],
    [
      6900,
      2,
      0.003242,
      0.001193,
      0.2703
    ],
    [
      7000,
      2,
      0.00296,
      0.001172,
      0.2703
    ],
    [
      7100,
      2,
      0.003014,
      0.001156,
      0.2703
    ],
    [
      7200,
      2,
      0.003102,
      0.001144,
      0.2703
    ],
    [
      7300,
      2,
      0.002835,
      0.001124,
      0.2703
    ],
    [
      7400,
      2,
      0.002903,
      0.001109,
      0.2703
    ],
    [
      7500,
      2,
      0.002973,
      0.001098,
      0.2703
    ],
    [
      7600,
      2,
      0.00272,
      0.001079,
      0.2703
    ],
    [
      7700,
      2,
      0.0028,
      0.001066,
      0.2703
    ],
    [
      7800,
      2,
      0.002854,
      0.001056,
      0.2703
    ],
    [
      7900,
      2,
      0.002616,
      0.001038,
      0.2703
    ],
    [
      8000,
      2,
      0.002704,
      0.001026,
      0.2703
    ],
    [
      8100,
      2,
      0.002743,
      0.001016,
      0.2703
    ],
    [
      8200,
      2,
      0.002528,
      0.001,
      0.2703
    ],
    [
      8300,
      2,
      0.002615,
      0.000989,
      0.2703
    ],
    [
      8400,
      2,
      0.002641,
      0.00098,
      0.2703
    ],
    [
      8500,
      2,
      0.002447,
      0.000965,
      0.2703
    ],
    [
      8600,
      2,
      0.002531,
      0.000954,
      0.2703
    ],
    [
      8700,
      2,
      0.002559,
      0.000946,
      0.2703
    ],
    [
      8800,
      2,
      0.00237,
      0.000932,
      0.2703
    ],
    [
      8900,
      1,
      0.002454,
      0.000922,
      0.2703
    ],
    [
      9000,
      1,
      0.002481,
      0.000914,
      0.2703
    ],
    [
      9100,
      1,
      0.002299,
      0.000901,
      0.2703
    ],
    [
      9200,
      1,
      0.002381,
      0.000891,
      0.2703
    ],
    [
      9300,
      1,
      0.002409,
      0.000885,
      0.2703
    ],
    [
      9400,
      1,
      0.002233,
      0.000872,
      0.2703
    ],
    [
      9500,
      1,
      0.002313,
      0.000863,
      0.2703
    ],
    [
      9600,
      1,
      0.002341,
      0.000857,
      0.2703
    ],
    [
      9700,
      1,
      0.00217,
      0.000844,
      0.2703
    ],
    [
      9800,
      1,
      0.002249,
      0.000836,
      0.2703
    ],
    [
      9900,
      1,
      0.002276,
