{
  "game": "sp80",
  "condition": "lv",
  "draw": 1,
  "seed": 100,
  "use_lv": true,
  "mean_cycle_distinct": 1.71,
  "mean_max_activation": 0.01787,
  "lv_stats": [
    [
      0,
      1,
      0.099635,
      0.049535,
      0.2836
    ],
    [
      100,
      4,
      0.108974,
      0.037894,
      0.2836
    ],
    [
      200,
      1,
      0.092762,
      0.03061,
      0.2836
    ],
    [
      300,
      1,
      0.089322,
      0.025791,
      0.2836
    ],
    [
      400,
      1,
      0.074503,
      0.02215,
      0.2836
    ],
    [
      500,
      1,
      0.064255,
      0.019404,
      0.2836
    ],
    [
      600,
      1,
      0.063886,
      0.017373,
      0.2836
    ],
    [
      700,
      1,
      0.054789,
      0.015616,
      0.2836
    ],
    [
      800,
      1,
      0.048347,
      0.014183,
      0.2836
    ],
    [
      900,
      1,
      0.04911,
      0.013082,
      0.2836
    ],
    [
      1000,
      1,
      0.04288,
      0.012046,
      0.2836
    ],
    [
      1100,
      1,
      0.038394,
      0.011166,
      0.2836
    ],
    [
      1200,
      1,
      0.039534,
      0.010482,
      0.2836
    ],
    [
      1300,
      1,
      0.034932,
      0.009797,
      0.2836
    ],
    [
      1400,
      1,
      0.031585,
      0.009201,
      0.2836
    ],
    [
      1500,
      1,
      0.032827,
      0.008739,
      0.2836
    ],
    [
      1600,
      1,
      0.029249,
      0.00825,
      0.2836
    ],
    [
      1700,
      1,
      0.026632,
      0.00782,
      0.2836
    ],
    [
      1800,
      1,
      0.027865,
      0.007488,
      0.2836
    ],
    [
      1900,
      1,
      0.024982,
      0.007122,
      0.2836
    ],
    [
      2000,
      1,
      0.022865,
      0.006796,
      0.2836
    ],
    [
      2100,
      1,
      0.024045,
      0.006548,
      0.2836
    ],
    [
      2200,
      1,
      0.021661,
      0.006262,
      0.2836
    ],
    [
      2300,
      1,
      0.019905,
      0.006007,
      0.2836
    ],
    [
      2400,
      1,
      0.021014,
      0.005815,
      0.2836
    ],
    [
      2500,
      1,
      0.019003,
      0.005586,
      0.2836
    ],
    [
      2600,
      1,
      0.017519,
      0.005381,
      0.2836
    ],
    [
      2700,
      1,
      0.018554,
      0.005228,
      0.2836
    ],
    [
      2800,
      1,
      0.01683,
      0.00504,
      0.2836
    ],
    [
      2900,
      1,
      0.015556,
      0.004871,
      0.2836
    ],
    [
      3000,
      1,
      0.016517,
      0.004747,
      0.2836
    ],
    [
      3100,
      1,
      0.015021,
      0.00459,
      0.2836
    ],
    [
      3200,
      1,
      0.013914,
      0.004449,
      0.2836
    ],
    [
      3300,
      1,
      0.014806,
      0.004347,
      0.2836
    ],
    [
      3400,
      1,
      0.013494,
      0.004212,
      0.2836
    ],
    [
      3500,
      1,
      0.012522,
      0.004093,
      0.2836
    ],
    [
      3600,
      2,
      0.013346,
      0.004007,
      0.2836
    ],
    [
      3700,
      3,
      0.012191,
      0.003891,
      0.2836
    ],
    [
      3800,
      3,
      0.011412,
      0.003789,
      0.2836
    ],
    [
      3900,
      3,
      0.012091,
      0.003716,
      0.2836
    ],
    [
      4000,
      3,
      0.011137,
      0.003615,
      0.2836
    ],
    [
      4100,
      2,
      0.010477,
      0.003527,
      0.2836
    ],
    [
      4200,
      2,
      0.01111,
      0.003464,
      0.2836
    ],
    [
      4300,
      2,
      0.010232,
      0.003375,
      0.2836
    ],
    [
      4400,
      2,
      0.009644,
      0.003298,
      0.2836
    ],
    [
      4500,
      2,
      0.010266,
      0.003244,
      0.2836
    ],
    [
      4600,
      2,
      0.009438,
      0.003165,
      0.2836
    ],
    [
      4700,
      2,
      0.008901,
      0.003097,
      0.2836
    ],
    [
      4800,
      2,
      0.009511,
      0.003049,
      0.2836
    ],
    [
      4900,
      2,
      0.00874,
      0.002979,
      0.2836
    ],
    [
      5000,
      2,
      0.008235,
      0.002918,
      0.2836
    ],
    [
      5100,
      2,
      0.008831,
      0.002876,
      0.2836
    ],
    [
      5200,
      2,
      0.00812,
      0.002813,
      0.2836
    ],
    [
      5300,
      2,
      0.007656,
      0.002759,
      0.2836
    ],
    [
      5400,
      2,
      0.008209,
      0.002722,
      0.2836
    ],
    [
      5500,
      2,
      0.007566,
      0.002665,
      0.2836
    ],
    [
      5600,
      2,
      0.007148,
      0.002616,
      0.2836
    ],
    [
      5700,
      3,
      0.007643,
      0.002583,
      0.2836
    ],
    [
      5800,
      3,
      0.007071,
      0.002531,
      0.2836
    ],
    [
      5900,
      3,
      0.006699,
      0.002487,
      0.2836
    ],
    [
      6000,
      3,
      0.007126,
      0.002457,
      0.2836
    ],
    [
      6100,
      3,
      0.006627,
      0.00241,
      0.2836
    ],
    [
      6200,
      3,
      0.006347,
      0.00237,
      0.2836
    ],
    [
      6300,
      2,
      0.006737,
      0.002343,
      0.2836
    ],
    [
      6400,
      2,
      0.006229,
      0.002299,
      0.2836
    ],
    [
      6500,
      2,
      0.006022,
      0.002264,
      0.2836
    ],
    [
      6600,
      2,
      0.006408,
      0.002239,
      0.2836
    ],
    [
      6700,
      2,
      0.005867,
      0.002199,
      0.2836
    ],
    [
      6800,
      2,
      0.005722,
      0.002166,
      0.2836
    ],
    [
      6900,
      2,
      0.006101,
      0.002144,
      0.2836
    ],
    [
      7000,
      2,
      0.005547,
      0.002107,
      0.2836
    ],
    [
      7100,
      1,
      0.005446,
      0.002077,
      0.2836
    ],
    [
      7200,
      1,
      0.005813,
      0.002056,
      0.2836
    ],
    [
      7300,
      2,
      0.005287,
      0.002022,
      0.2836
    ],
    [
      7400,
      2,
      0.005202,
      0.001995,
      0.2836
    ],
    [
      7500,
      2,
      0.005544,
      0.001976,
      0.2836
    ],
    [
      7600,
      2,
      0.005047,
      0.001943,
      0.2836
    ],
    [
      7700,
      2,
      0.004981,
      0.001919,
      0.2836
    ],
    [
      7800,
      2,
      0.005296,
      0.001901,
      0.2836
    ],
    [
      7900,
      2,
      0.004824,
      0.001871,
      0.2836
    ],
    [
      8000,
      3,
      0.004775,
      0.001848,
      0.2836
    ],
    [
      8100,
      3,
      0.005064,
      0.001832,
      0.2836
    ],
    [
      8200,
      3,
      0.004632,
      0.001804,
      0.2836
    ],
    [
      8300,
      3,
      0.004584,
      0.001783,
      0.2836
    ],
    [
      8400,
      3,
      0.00485,
      0.001767,
      0.2836
    ],
    [
      8500,
      3,
      0.004474,
      0.001741,
      0.2836
    ],
    [
      8600,
      3,
      0.004423,
      0.001722,
      0.2836
    ],
    [
      8700,
      2,
      0.004648,
      0.001708,
      0.2836
    ],
    [
      8800,
      2,
      0.004326,
      0.001683,
      0.2836
    ],
    [
      8900,
      1,
      0.00428,
      0.001665,
      0.2836
    ],
    [
      9000,
      1,
      0.004489,
      0.001652,
      0.2836
    ],
    [
      9100,
      1,
      0.004188,
      0.001628,
      0.2836
    ],
    [
      9200,
      1,
      0.004144,
      0.001612,
      0.2836
    ],
    [
      9300,
      1,
      0.004348,
      0.001599,
      0.2836
    ],
    [
      9400,
      1,
      0.004057,
      0.001577,
      0.2836
    ],
    [
      9500,
      1,
      0.004016,
      0.001562,
      0.2836
    ],
    [
      9600,
      1,
      0.004215,
      0.00155,
      0.2836
    ],
    [
      9700,
      1,
      0.003934,
      0.001529,
      0.2836
    ],
    [
      9800,
      1,
      0.003895,
      0.001515,
      0.2836
    ],
    [
      9900,
      1,
