{
  "game": "tr87",
  "condition": "lv",
  "draw": 1,
  "seed": 100,
  "use_lv": true,
  "mean_cycle_distinct": 1.0,
  "mean_max_activation": 0.013084,
  "lv_stats": [
    [
      0,
      1,
      0.084226,
      0.041121,
      0.1815
    ],
    [
      100,
      1,
      0.065365,
      0.03091,
      0.1815
    ],
    [
      200,
      1,
      0.054131,
      0.024821,
      0.1815
    ],
    [
      300,
      1,
      0.046995,
      0.020791,
      0.1815
    ],
    [
      400,
      1,
      0.040992,
      0.017833,
      0.1815
    ],
    [
      500,
      1,
      0.036782,
      0.015677,
      0.1815
    ],
    [
      600,
      1,
      0.032725,
      0.013846,
      0.1815
    ],
    [
      700,
      1,
      0.030456,
      0.012578,
      0.1815
    ],
    [
      800,
      1,
      0.02818,
      0.011429,
      0.1815
    ],
    [
      900,
      1,
      0.026326,
      0.010523,
      0.1815
    ],
    [
      1000,
      1,
      0.024417,
      0.009701,
      0.1815
    ],
    [
      1100,
      1,
      0.022878,
      0.009001,
      0.1815
    ],
    [
      1200,
      1,
      0.022009,
      0.008462,
      0.1815
    ],
    [
      1300,
      1,
      0.020744,
      0.007923,
      0.1815
    ],
    [
      1400,
      1,
      0.019889,
      0.007501,
      0.1815
    ],
    [
      1500,
      1,
      0.018619,
      0.00703,
      0.1815
    ],
    [
      1600,
      1,
      0.018087,
      0.006717,
      0.1815
    ],
    [
      1700,
      1,
      0.017438,
      0.006382,
      0.1815
    ],
    [
      1800,
      1,
      0.016785,
      0.006094,
      0.1815
    ],
    [
      1900,
      1,
      0.016116,
      0.005823,
      0.1815
    ],
    [
      2000,
      1,
      0.015388,
      0.005545,
      0.1815
    ],
    [
      2100,
      1,
      0.015167,
      0.005365,
      0.1815
    ],
    [
      2200,
      1,
      0.014615,
      0.005141,
      0.1815
    ],
    [
      2300,
      1,
      0.014294,
      0.004978,
      0.1815
    ],
    [
      2400,
      1,
      0.013597,
      0.004753,
      0.1815
    ],
    [
      2500,
      1,
      0.013344,
      0.004609,
      0.1815
    ],
    [
      2600,
      1,
      0.013095,
      0.004461,
      0.1815
    ],
    [
      2700,
      1,
      0.012734,
      0.00432,
      0.1815
    ],
    [
      2800,
      1,
      0.012422,
      0.004192,
      0.1815
    ],
    [
      2900,
      1,
      0.011943,
      0.004032,
      0.1815
    ],
    [
      3000,
      1,
      0.011873,
      0.003949,
      0.1815
    ],
    [
      3100,
      1,
      0.011578,
      0.003826,
      0.1815
    ],
    [
      3200,
      1,
      0.011414,
      0.003743,
      0.1815
    ],
    [
      3300,
      1,
      0.010978,
      0.003612,
      0.1815
    ],
    [
      3400,
      1,
      0.010786,
      0.003522,
      0.1815
    ],
    [
      3500,
      1,
      0.010719,
      0.00345,
      0.1815
    ],
    [
      3600,
      1,
      0.010458,
      0.003359,
      0.1815
    ],
    [
      3700,
      1,
      0.010302,
      0.00329,
      0.1815
    ],
    [
      3800,
      1,
      0.009926,
      0.00318,
      0.1815
    ],
    [
      3900,
      1,
      0.009905,
      0.003135,
      0.1815
    ],
    [
      4000,
      1,
      0.009748,
      0.00306,
      0.1815
    ],
    [
      4100,
      1,
      0.009622,
      0.003003,
      0.1815
    ],
    [
      4200,
      1,
      0.009368,
      0.002929,
      0.1815
    ],
    [
      4300,
      1,
      0.009174,
      0.002859,
      0.1815
    ],
    [
      4400,
      1,
      0.009187,
      0.002822,
      0.1815
    ],
    [
      4500,
      1,
      0.008986,
      0.002756,
      0.1815
    ],
    [
      4600,
      1,
      0.008911,
      0.002717,
      0.1815
    ],
    [
      4700,
      1,
      0.008603,
      0.002636,
      0.1815
    ],
    [
      4800,
      1,
      0.008601,
      0.002608,
      0.1815
    ],
    [
      4900,
      1,
      0.008517,
      0.002559,
      0.1815
    ],
    [
      5000,
      1,
      0.008406,
      0.002516,
      0.1815
    ],
    [
      5100,
      1,
      0.008259,
      0.002471,
      0.1815
    ],
    [
      5200,
      1,
      0.008059,
      0.002412,
      0.1815
    ],
    [
      5300,
      1,
      0.008107,
      0.002394,
      0.1815
    ],
    [
      5400,
      1,
      0.007964,
      0.002346,
      0.1815
    ],
    [
      5500,
      1,
      0.007931,
      0.002322,
      0.1815
    ],
    [
      5600,
      1,
      0.007673,
      0.00226,
      0.1815
    ],
    [
      5700,
      1,
      0.007653,
      0.002235,
      0.1815
    ],
    [
      5800,
      1,
      0.007626,
      0.002205,
      0.1815
    ],
    [
      5900,
      1,
      0.007525,
      0.002172,
      0.1815
    ],
    [
      6000,
      1,
      0.007442,
      0.002143,
      0.1815
    ],
    [
      6100,
      1,
      0.007249,
      0.002092,
      0.1815
    ],
    [
      6200,
      1,
      0.007297,
      0.002082,
      0.1815
    ],
    [
      6300,
      1,
      0.007202,
      0.002047,
      0.1815
    ],
    [
      6400,
      1,
      0.007181,
      0.00203,
      0.1815
    ],
    [
      6500,
      1,
      0.006982,
      0.001983,
      0.1815
    ],
    [
      6600,
      1,
      0.006931,
      0.001959,
      0.1815
    ],
    [
      6700,
      1,
      0.006958,
      0.001944,
      0.1815
    ],
    [
      6800,
      1,
      0.006854,
      0.001914,
      0.1815
    ],
    [
      6900,
      1,
      0.006814,
      0.001896,
      0.1815
    ],
    [
      7000,
      1,
      0.006623,
      0.001851,
      0.1815
    ],
    [
      7100,
      1,
      0.006665,
      0.001845,
      0.1815
    ],
    [
      7200,
      1,
      0.006614,
      0.00182,
      0.1815
    ],
    [
      7300,
      1,
      0.00658,
      0.001803,
      0.1815
    ],
    [
      7400,
      1,
      0.006455,
      0.001774,
      0.1815
    ],
    [
      7500,
      1,
      0.006367,
      0.001746,
      0.1815
    ],
    [
      7600,
      1,
      0.006422,
      0.001741,
      0.1815
    ],
    [
      7700,
      1,
      0.006324,
      0.001714,
      0.1815
    ],
    [
      7800,
      1,
      0.006312,
      0.001703,
      0.1815
    ],
    [
      7900,
      1,
      0.006133,
      0.001664,
      0.1815
    ],
    [
      8000,
      1,
      0.006169,
      0.00166,
      0.1815
    ],
    [
      8100,
      1,
      0.006146,
      0.001641,
      0.1815
    ],
    [
      8200,
      1,
      0.0061,
      0.001625,
      0.1815
    ],
    [
      8300,
      1,
      0.006027,
      0.001606,
      0.1815
    ],
    [
      8400,
      1,
      0.005913,
      0.001578,
      0.1815
    ],
    [
      8500,
      1,
      0.005979,
      0.001578,
      0.1815
    ],
    [
      8600,
      1,
      0.005904,
      0.001556,
      0.1815
    ],
    [
      8700,
      1,
      0.005909,
      0.00155,
      0.1815
    ],
    [
      8800,
      1,
      0.005744,
      0.001515,
      0.1815
    ],
    [
      8900,
      1,
      0.005755,
      0.001508,
      0.1815
    ],
    [
      9000,
      1,
      0.005762,
      0.001498,
      0.1815
    ],
    [
      9100,
      1,
      0.00571,
      0.001483,
      0.1815
    ],
    [
      9200,
      1,
      0.005671,
      0.001471,
      0.1815
    ],
    [
      9300,
      1,
      0.005547,
      0.001442,
      0.1815
    ],
    [
      9400,
      1,
      0.005607,
      0.001444,
      0.1815
    ],
    [
      9500,
      1,
      0.005556,
      0.001426,
      0.1815
    ],
    [
      9600,
      1,
      0.005561,
      0.001422,
      0.1815
    ],
    [
      9700,
      1,
      0.005427,
      0.001395,
      0.1815
    ],
    [
      9800,
      1,
      0.005407,
      0.001384,
      0.1815
    ],
    [
      9900,
      1,
