{
  "game": "tr87",
  "condition": "lv",
  "draw": 5,
  "seed": 500,
  "use_lv": true,
  "mean_cycle_distinct": 1.0,
  "mean_max_activation": 0.009649,
  "lv_stats": [
    [
      0,
      1,
      0.069137,
      0.042077,
      0.211
    ],
    [
      100,
      1,
      0.056294,
      0.031729,
      0.211
    ],
    [
      200,
      1,
      0.044882,
      0.024944,
      0.211
    ],
    [
      300,
      1,
      0.037445,
      0.020611,
      0.211
    ],
    [
      400,
      1,
      0.032978,
      0.017669,
      0.211
    ],
    [
      500,
      1,
      0.029883,
      0.015552,
      0.211
    ],
    [
      600,
      1,
      0.026549,
      0.01378,
      0.211
    ],
    [
      700,
      1,
      0.023562,
      0.012251,
      0.211
    ],
    [
      800,
      1,
      0.021811,
      0.011167,
      0.211
    ],
    [
      900,
      1,
      0.020631,
      0.010306,
      0.211
    ],
    [
      1000,
      1,
      0.019316,
      0.009548,
      0.211
    ],
    [
      1100,
      1,
      0.017739,
      0.008788,
      0.211
    ],
    [
      1200,
      1,
      0.016415,
      0.008159,
      0.211
    ],
    [
      1300,
      1,
      0.015719,
      0.007681,
      0.211
    ],
    [
      1400,
      1,
      0.015279,
      0.007299,
      0.211
    ],
    [
      1500,
      1,
      0.014404,
      0.006887,
      0.211
    ],
    [
      1600,
      1,
      0.013405,
      0.006446,
      0.211
    ],
    [
      1700,
      1,
      0.01285,
      0.006143,
      0.211
    ],
    [
      1800,
      1,
      0.012538,
      0.005892,
      0.211
    ],
    [
      1900,
      1,
      0.012192,
      0.005656,
      0.211
    ],
    [
      2000,
      1,
      0.011521,
      0.005371,
      0.211
    ],
    [
      2100,
      1,
      0.010889,
      0.005108,
      0.211
    ],
    [
      2200,
      1,
      0.010646,
      0.004929,
      0.211
    ],
    [
      2300,
      1,
      0.010579,
      0.004791,
      0.211
    ],
    [
      2400,
      1,
      0.010175,
      0.004614,
      0.211
    ],
    [
      2500,
      1,
      0.009639,
      0.004396,
      0.211
    ],
    [
      2600,
      1,
      0.009306,
      0.004249,
      0.211
    ],
    [
      2700,
      1,
      0.009182,
      0.004134,
      0.211
    ],
    [
      2800,
      1,
      0.009079,
      0.00403,
      0.211
    ],
    [
      2900,
      1,
      0.008694,
      0.003882,
      0.211
    ],
    [
      3000,
      1,
      0.008282,
      0.003727,
      0.211
    ],
    [
      3100,
      1,
      0.008169,
      0.003637,
      0.211
    ],
    [
      3200,
      1,
      0.008202,
      0.003572,
      0.211
    ],
    [
      3300,
      1,
      0.007979,
      0.003478,
      0.211
    ],
    [
      3400,
      1,
      0.007631,
      0.003346,
      0.211
    ],
    [
      3500,
      1,
      0.007374,
      0.003251,
      0.211
    ],
    [
      3600,
      1,
      0.007321,
      0.003187,
      0.211
    ],
    [
      3700,
      1,
      0.007324,
      0.003137,
      0.211
    ],
    [
      3800,
      1,
      0.00708,
      0.003049,
      0.211
    ],
    [
      3900,
      1,
      0.00677,
      0.00294,
      0.211
    ],
    [
      4000,
      1,
      0.006696,
      0.002888,
      0.211
    ],
    [
      4100,
      1,
      0.006715,
      0.002849,
      0.211
    ],
    [
      4200,
      1,
      0.00662,
      0.002795,
      0.211
    ],
    [
      4300,
      1,
      0.006371,
      0.002707,
      0.211
    ],
    [
      4400,
      1,
      0.006155,
      0.002636,
      0.211
    ],
    [
      4500,
      1,
      0.006132,
      0.002597,
      0.211
    ],
    [
      4600,
      1,
      0.006178,
      0.002571,
      0.211
    ],
    [
      4700,
      1,
      0.006019,
      0.002514,
      0.211
    ],
    [
      4800,
      1,
      0.005775,
      0.002433,
      0.211
    ],
    [
      4900,
      1,
      0.005698,
      0.002396,
      0.211
    ],
    [
      5000,
      1,
      0.005711,
      0.00237,
      0.211
    ],
    [
      5100,
      1,
      0.005691,
      0.00234,
      0.211
    ],
    [
      5200,
      1,
      0.005503,
      0.002278,
      0.211
    ],
    [
      5300,
      1,
      0.005317,
      0.002219,
      0.211
    ],
    [
      5400,
      1,
      0.005307,
      0.002193,
      0.211
    ],
    [
      5500,
      1,
      0.005377,
      0.002182,
      0.211
    ],
    [
      5600,
      1,
      0.005266,
      0.002143,
      0.211
    ],
    [
      5700,
      1,
      0.005075,
      0.002079,
      0.211
    ],
    [
      5800,
      1,
      0.004982,
      0.002048,
      0.211
    ],
    [
      5900,
      1,
      0.004994,
      0.00203,
      0.211
    ],
    [
      6000,
      1,
      0.005011,
      0.002013,
      0.211
    ],
    [
      6100,
      1,
      0.004866,
      0.001968,
      0.211
    ],
    [
      6200,
      1,
      0.004698,
      0.001917,
      0.211
    ],
    [
      6300,
      1,
      0.004695,
      0.0019,
      0.211
    ],
    [
      6400,
      1,
      0.004772,
      0.001894,
      0.211
    ],
    [
      6500,
      1,
      0.004696,
      0.001867,
      0.211
    ],
    [
      6600,
      1,
      0.004542,
      0.001818,
      0.211
    ],
    [
      6700,
      1,
      0.004437,
      0.001788,
      0.211
    ],
    [
      6800,
      1,
      0.004451,
      0.001775,
      0.211
    ],
    [
      6900,
      1,
      0.004497,
      0.001768,
      0.211
    ],
    [
      7000,
      1,
      0.004389,
      0.001736,
      0.211
    ],
    [
      7100,
      1,
      0.004235,
      0.00169,
      0.211
    ],
    [
      7200,
      1,
      0.004226,
      0.001678,
      0.211
    ],
    [
      7300,
      1,
      0.004275,
      0.001673,
      0.211
    ],
    [
      7400,
      1,
      0.004249,
      0.001656,
      0.211
    ],
    [
      7500,
      1,
      0.004121,
      0.001617,
      0.211
    ],
    [
      7600,
      1,
      0.004012,
      0.001588,
      0.211
    ],
    [
      7700,
      1,
      0.004027,
      0.001579,
      0.211
    ],
    [
      7800,
      1,
      0.004087,
      0.001577,
      0.211
    ],
    [
      7900,
      1,
      0.004008,
      0.001553,
      0.211
    ],
    [
      8000,
      1,
      0.003872,
      0.001513,
      0.211
    ],
    [
      8100,
      1,
      0.003845,
      0.001502,
      0.211
    ],
    [
      8200,
      1,
      0.003878,
      0.001497,
      0.211
    ],
    [
      8300,
      1,
      0.003888,
      0.001489,
      0.211
    ],
    [
      8400,
      1,
      0.003782,
      0.001458,
      0.211
    ],
    [
      8500,
      1,
      0.003674,
      0.001429,
      0.211
    ],
    [
      8600,
      1,
      0.003689,
      0.001422,
      0.211
    ],
    [
      8700,
      1,
      0.003758,
      0.001425,
      0.211
    ],
    [
      8800,
      1,
      0.003699,
      0.001407,
      0.211
    ],
    [
      8900,
      1,
      0.003583,
      0.001372,
      0.211
    ],
    [
      9000,
      1,
      0.003535,
      0.00136,
      0.211
    ],
    [
      9100,
      1,
      0.00356,
      0.001356,
      0.211
    ],
    [
      9200,
      1,
      0.003589,
      0.001352,
      0.211
    ],
    [
      9300,
      1,
      0.003501,
      0.001328,
      0.211
    ],
    [
      9400,
      1,
      0.003395,
      0.001299,
      0.211
    ],
    [
      9500,
      1,
      0.003408,
      0.001295,
      0.211
    ],
    [
      9600,
      1,
      0.003478,
      0.001298,
      0.211
    ],
    [
      9700,
      1,
      0.003437,
      0.001285,
      0.211
    ],
    [
      9800,
      1,
      0.003338,
      0.001256,
      0.211
    ],
    [
      9900,
      1,
      0.003273,
      0.001241,
      0.211
    ]
  ],
  "steps_taken": 10000,
  "elapsed_seconds": 4.45,