{
  "game": "tr87",
  "condition": "lv",
  "draw": 4,
  "seed": 400,
  "use_lv": true,
  "mean_cycle_distinct": 1.0,
  "mean_max_activation": 0.013597,
  "lv_stats": [
    [
      0,
      1,
      0.085669,
      0.042441,
      0.1848
    ],
    [
      100,
      1,
      0.069471,
      0.032164,
      0.1848
    ],
    [
      200,
      1,
      0.057644,
      0.025813,
      0.1848
    ],
    [
      300,
      1,
      0.048621,
      0.021451,
      0.1848
    ],
    [
      400,
      1,
      0.042888,
      0.018394,
      0.1848
    ],
    [
      500,
      1,
      0.039011,
      0.016255,
      0.1848
    ],
    [
      600,
      1,
      0.035274,
      0.014529,
      0.1848
    ],
    [
      700,
      1,
      0.031919,
      0.013034,
      0.1848
    ],
    [
      800,
      1,
      0.029317,
      0.01184,
      0.1848
    ],
    [
      900,
      1,
      0.027914,
      0.01096,
      0.1848
    ],
    [
      1000,
      1,
      0.026027,
      0.010162,
      0.1848
    ],
    [
      1100,
      1,
      0.024475,
      0.009447,
      0.1848
    ],
    [
      1200,
      1,
      0.022763,
      0.008776,
      0.1848
    ],
    [
      1300,
      1,
      0.021661,
      0.008232,
      0.1848
    ],
    [
      1400,
      1,
      0.021057,
      0.00784,
      0.1848
    ],
    [
      1500,
      1,
      0.019967,
      0.007428,
      0.1848
    ],
    [
      1600,
      1,
      0.01898,
      0.00701,
      0.1848
    ],
    [
      1700,
      1,
      0.01802,
      0.006639,
      0.1848
    ],
    [
      1800,
      1,
      0.017649,
      0.006377,
      0.1848
    ],
    [
      1900,
      1,
      0.017077,
      0.006128,
      0.1848
    ],
    [
      2000,
      1,
      0.016461,
      0.005868,
      0.1848
    ],
    [
      2100,
      1,
      0.015627,
      0.005585,
      0.1848
    ],
    [
      2200,
      1,
      0.015153,
      0.005359,
      0.1848
    ],
    [
      2300,
      1,
      0.015051,
      0.005224,
      0.1848
    ],
    [
      2400,
      1,
      0.014447,
      0.005033,
      0.1848
    ],
    [
      2500,
      1,
      0.014012,
      0.004842,
      0.1848
    ],
    [
      2600,
      1,
      0.013454,
      0.004655,
      0.1848
    ],
    [
      2700,
      1,
      0.013257,
      0.004527,
      0.1848
    ],
    [
      2800,
      1,
      0.013068,
      0.004421,
      0.1848
    ],
    [
      2900,
      1,
      0.012719,
      0.004286,
      0.1848
    ],
    [
      3000,
      1,
      0.012199,
      0.004121,
      0.1848
    ],
    [
      3100,
      1,
      0.011918,
      0.003996,
      0.1848
    ],
    [
      3200,
      1,
      0.011969,
      0.003943,
      0.1848
    ],
    [
      3300,
      1,
      0.011575,
      0.003832,
      0.1848
    ],
    [
      3400,
      1,
      0.011327,
      0.003723,
      0.1848
    ],
    [
      3500,
      1,
      0.01093,
      0.003601,
      0.1848
    ],
    [
      3600,
      1,
      0.010776,
      0.003518,
      0.1848
    ],
    [
      3700,
      1,
      0.010748,
      0.00347,
      0.1848
    ],
    [
      3800,
      1,
      0.01051,
      0.00339,
      0.1848
    ],
    [
      3900,
      1,
      0.010187,
      0.003285,
      0.1848
    ],
    [
      4000,
      1,
      0.009952,
      0.003201,
      0.1848
    ],
    [
      4100,
      1,
      0.01001,
      0.003171,
      0.1848
    ],
    [
      4200,
      1,
      0.009793,
      0.003107,
      0.1848
    ],
    [
      4300,
      1,
      0.009618,
      0.003035,
      0.1848
    ],
    [
      4400,
      1,
      0.009311,
      0.002946,
      0.1848
    ],
    [
      4500,
      1,
      0.009195,
      0.002888,
      0.1848
    ],
    [
      4600,
      1,
      0.009245,
      0.002869,
      0.1848
    ],
    [
      4700,
      1,
      0.009038,
      0.002813,
      0.1848
    ],
    [
      4800,
      1,
      0.008839,
      0.002741,
      0.1848
    ],
    [
      4900,
      1,
      0.008621,
      0.002676,
      0.1848
    ],
    [
      5000,
      1,
      0.008658,
      0.002654,
      0.1848
    ],
    [
      5100,
      1,
      0.008572,
      0.00262,
      0.1848
    ],
    [
      5200,
      1,
      0.008442,
      0.002571,
      0.1848
    ],
    [
      5300,
      1,
      0.008179,
      0.002501,
      0.1848
    ],
    [
      5400,
      1,
      0.008087,
      0.002457,
      0.1848
    ],
    [
      5500,
      1,
      0.00818,
      0.002454,
      0.1848
    ],
    [
      5600,
      1,
      0.007985,
      0.002408,
      0.1848
    ],
    [
      5700,
      1,
      0.007869,
      0.002359,
      0.1848
    ],
    [
      5800,
      1,
      0.007674,
      0.002306,
      0.1848
    ],
    [
      5900,
      1,
      0.007674,
      0.002286,
      0.1848
    ],
    [
      6000,
      1,
      0.00767,
      0.002271,
      0.1848
    ],
    [
      6100,
      1,
      0.007563,
      0.002234,
      0.1848
    ],
    [
      6200,
      1,
      0.007344,
      0.002177,
      0.1848
    ],
    [
      6300,
      1,
      0.007263,
      0.002142,
      0.1848
    ],
    [
      6400,
      1,
      0.007379,
      0.002148,
      0.1848
    ],
    [
      6500,
      1,
      0.007213,
      0.002112,
      0.1848
    ],
    [
      6600,
      1,
      0.007133,
      0.002076,
      0.1848
    ],
    [
      6700,
      1,
      0.006952,
      0.00203,
      0.1848
    ],
    [
      6800,
      1,
      0.006922,
      0.002008,
      0.1848
    ],
    [
      6900,
      1,
      0.006968,
      0.002006,
      0.1848
    ],
    [
      7000,
      1,
      0.006874,
      0.001978,
      0.1848
    ],
    [
      7100,
      1,
      0.006719,
      0.001934,
      0.1848
    ],
    [
      7200,
      1,
      0.006619,
      0.001903,
      0.1848
    ],
    [
      7300,
      1,
      0.006712,
      0.001907,
      0.1848
    ],
    [
      7400,
      1,
      0.006616,
      0.001885,
      0.1848
    ],
    [
      7500,
      1,
      0.006545,
      0.001856,
      0.1848
    ],
    [
      7600,
      1,
      0.006382,
      0.001815,
      0.1848
    ],
    [
      7700,
      1,
      0.006347,
      0.001796,
      0.1848
    ],
    [
      7800,
      1,
      0.006424,
      0.001801,
      0.1848
    ],
    [
      7900,
      1,
      0.00632,
      0.001777,
      0.1848
    ],
    [
      8000,
      1,
      0.006218,
      0.001743,
      0.1848
    ],
    [
      8100,
      1,
      0.006102,
      0.001713,
      0.1848
    ],
    [
      8200,
      1,
      0.006165,
      0.001714,
      0.1848
    ],
    [
      8300,
      1,
      0.006138,
      0.001704,
      0.1848
    ],
    [
      8400,
      1,
      0.006078,
      0.001682,
      0.1848
    ],
    [
      8500,
      1,
      0.00592,
      0.001645,
      0.1848
    ],
    [
      8600,
      1,
      0.005884,
      0.001627,
      0.1848
    ],
    [
      8700,
      1,
      0.005982,
      0.001637,
      0.1848
    ],
    [
      8800,
      1,
      0.005867,
      0.001614,
      0.1848
    ],
    [
      8900,
      1,
      0.005809,
      0.00159,
      0.1848
    ],
    [
      9000,
      1,
      0.005691,
      0.001562,
      0.1848
    ],
    [
      9100,
      1,
      0.005718,
      0.001558,
      0.1848
    ],
    [
      9200,
      1,
      0.005739,
      0.001557,
      0.1848
    ],
    [
      9300,
      1,
      0.005682,
      0.001539,
      0.1848
    ],
    [
      9400,
      1,
      0.005541,
      0.001505,
      0.1848
    ],
    [
      9500,
      1,
      0.005502,
      0.001489,
      0.1848
    ],
    [
      9600,
      1,
      0.005612,
      0.001502,
      0.1848
    ],
    [
      9700,
      1,
      0.005507,
      0.001482,
      0.1848
    ],
    [
      9800,
      1,
      0.005465,
      0.001464,
      0.1848
    ],
    [
      9900,
      1,
