{
  "game": "tr87",
  "condition": "lv",
  "draw": 2,
  "seed": 200,
  "use_lv": true,
  "mean_cycle_distinct": 1.0,
  "mean_max_activation": 0.012813,
  "lv_stats": [
    [
      0,
      1,
      0.094293,
      0.047184,
      0.1871
    ],
    [
      100,
      1,
      0.065854,
      0.029559,
      0.1871
    ],
    [
      200,
      1,
      0.051245,
      0.022039,
      0.1871
    ],
    [
      300,
      1,
      0.042293,
      0.017501,
      0.1871
    ],
    [
      400,
      1,
      0.036804,
      0.014451,
      0.1871
    ],
    [
      500,
      1,
      0.032975,
      0.012378,
      0.1871
    ],
    [
      600,
      1,
      0.029473,
      0.010909,
      0.1871
    ],
    [
      700,
      1,
      0.026659,
      0.009729,
      0.1871
    ],
    [
      800,
      1,
      0.024679,
      0.008765,
      0.1871
    ],
    [
      900,
      1,
      0.023297,
      0.007909,
      0.1871
    ],
    [
      1000,
      1,
      0.021777,
      0.007315,
      0.1871
    ],
    [
      1100,
      1,
      0.020428,
      0.00681,
      0.1871
    ],
    [
      1200,
      1,
      0.019199,
      0.006323,
      0.1871
    ],
    [
      1300,
      1,
      0.018419,
      0.005904,
      0.1871
    ],
    [
      1400,
      1,
      0.017863,
      0.005544,
      0.1871
    ],
    [
      1500,
      1,
      0.016951,
      0.005253,
      0.1871
    ],
    [
      1600,
      1,
      0.016152,
      0.004984,
      0.1871
    ],
    [
      1700,
      1,
      0.015548,
      0.004728,
      0.1871
    ],
    [
      1800,
      1,
      0.015187,
      0.004477,
      0.1871
    ],
    [
      1900,
      1,
      0.014738,
      0.004298,
      0.1871
    ],
    [
      2000,
      1,
      0.014208,
      0.004133,
      0.1871
    ],
    [
      2100,
      1,
      0.013651,
      0.003951,
      0.1871
    ],
    [
      2200,
      1,
      0.013374,
      0.0038,
      0.1871
    ],
    [
      2300,
      1,
      0.013221,
      0.003651,
      0.1871
    ],
    [
      2400,
      1,
      0.012773,
      0.003531,
      0.1871
    ],
    [
      2500,
      1,
      0.012374,
      0.003418,
      0.1871
    ],
    [
      2600,
      1,
      0.01204,
      0.003297,
      0.1871
    ],
    [
      2700,
      1,
      0.011904,
      0.003183,
      0.1871
    ],
    [
      2800,
      1,
      0.01174,
      0.003099,
      0.1871
    ],
    [
      2900,
      1,
      0.011426,
      0.003016,
      0.1871
    ],
    [
      3000,
      1,
      0.011076,
      0.00292,
      0.1871
    ],
    [
      3100,
      1,
      0.010937,
      0.002845,
      0.1871
    ],
    [
      3200,
      1,
      0.010902,
      0.002763,
      0.1871
    ],
    [
      3300,
      1,
      0.010634,
      0.002699,
      0.1871
    ],
    [
      3400,
      1,
      0.010386,
      0.002638,
      0.1871
    ],
    [
      3500,
      1,
      0.010151,
      0.002565,
      0.1871
    ],
    [
      3600,
      1,
      0.010089,
      0.002503,
      0.1871
    ],
    [
      3700,
      1,
      0.01006,
      0.002457,
      0.1871
    ],
    [
      3800,
      1,
      0.009822,
      0.002404,
      0.1871
    ],
    [
      3900,
      1,
      0.009581,
      0.002346,
      0.1871
    ],
    [
      4000,
      1,
      0.009479,
      0.002298,
      0.1871
    ],
    [
      4100,
      1,
      0.009486,
      0.002248,
      0.1871
    ],
    [
      4200,
      1,
      0.009329,
      0.00221,
      0.1871
    ],
    [
      4300,
      1,
      0.009156,
      0.002172,
      0.1871
    ],
    [
      4400,
      1,
      0.008966,
      0.002121,
      0.1871
    ],
    [
      4500,
      1,
      0.008933,
      0.002085,
      0.1871
    ],
    [
      4600,
      1,
      0.008965,
      0.002056,
      0.1871
    ],
    [
      4700,
      1,
      0.008773,
      0.002019,
      0.1871
    ],
    [
      4800,
      1,
      0.008599,
      0.001981,
      0.1871
    ],
    [
      4900,
      1,
      0.008501,
      0.001946,
      0.1871
    ],
    [
      5000,
      1,
      0.008512,
      0.001913,
      0.1871
    ],
    [
      5100,
      1,
      0.00845,
      0.001891,
      0.1871
    ],
    [
      5200,
      1,
      0.008318,
      0.001864,
      0.1871
    ],
    [
      5300,
      1,
      0.008151,
      0.001825,
      0.1871
    ],
    [
      5400,
      1,
      0.008137,
      0.001803,
      0.1871
    ],
    [
      5500,
      1,
      0.008187,
      0.001782,
      0.1871
    ],
    [
      5600,
      1,
      0.008038,
      0.001755,
      0.1871
    ],
    [
      5700,
      1,
      0.007906,
      0.001729,
      0.1871
    ],
    [
      5800,
      1,
      0.007806,
      0.001701,
      0.1871
    ],
    [
      5900,
      1,
      0.007827,
      0.00168,
      0.1871
    ],
    [
      6000,
      1,
      0.007821,
      0.001666,
      0.1871
    ],
    [
      6100,
      1,
      0.007705,
      0.001644,
      0.1871
    ],
    [
      6200,
      1,
      0.007557,
      0.001614,
      0.1871
    ],
    [
      6300,
      1,
      0.007547,
      0.001599,
      0.1871
    ],
    [
      6400,
      1,
      0.007605,
      0.001585,
      0.1871
    ],
    [
      6500,
      1,
      0.007493,
      0.001565,
      0.1871
    ],
    [
      6600,
      1,
      0.007388,
      0.001546,
      0.1871
    ],
    [
      6700,
      1,
      0.007288,
      0.001521,
      0.1871
    ],
    [
      6800,
      1,
      0.007309,
      0.001508,
      0.1871
    ],
    [
      6900,
      1,
      0.007351,
      0.001501,
      0.1871
    ],
    [
      7000,
      1,
      0.007235,
      0.001481,
      0.1871
    ],
    [
      7100,
      1,
      0.007112,
      0.001458,
      0.1871
    ],
    [
      7200,
      1,
      0.007089,
      0.001445,
      0.1871
    ],
    [
      7300,
      1,
      0.007147,
      0.001434,
      0.1871
    ],
    [
      7400,
      1,
      0.007077,
      0.001421,
      0.1871
    ],
    [
      7500,
      1,
      0.006991,
      0.001406,
      0.1871
    ],
    [
      7600,
      1,
      0.00689,
      0.001385,
      0.1871
    ],
    [
      7700,
      1,
      0.006908,
      0.001376,
      0.1871
    ],
    [
      7800,
      1,
      0.006974,
      0.001373,
      0.1871
    ],
    [
      7900,
      1,
      0.006863,
      0.001355,
      0.1871
    ],
    [
      8000,
      1,
      0.006765,
      0.001338,
      0.1871
    ],
    [
      8100,
      1,
      0.006724,
      0.001324,
      0.1871
    ],
    [
      8200,
      1,
      0.006768,
      0.001316,
      0.1871
    ],
    [
      8300,
      1,
      0.006752,
      0.00131,
      0.1871
    ],
    [
      8400,
      1,
      0.006678,
      0.001298,
      0.1871
    ],
    [
      8500,
      1,
      0.006574,
      0.001278,
      0.1871
    ],
    [
      8600,
      1,
      0.006593,
      0.001273,
      0.1871
    ],
    [
      8700,
      1,
      0.006663,
      0.001271,
      0.1871
    ],
    [
      8800,
      1,
      0.006569,
      0.001256,
      0.1871
    ],
    [
      8900,
      1,
      0.006488,
      0.001243,
      0.1871
    ],
    [
      9000,
      1,
      0.006432,
      0.001229,
      0.1871
    ],
    [
      9100,
      1,
      0.006475,
      0.001224,
      0.1871
    ],
    [
      9200,
      1,
      0.006494,
      0.001222,
      0.1871
    ],
    [
      9300,
      1,
      0.00642,
      0.00121,
      0.1871
    ],
    [
      9400,
      1,
      0.006318,
      0.001192,
      0.1871
    ],
    [
      9500,
      1,
      0.006333,
      0.001189,
      0.1871
    ],
    [
      9600,
      1,
      0.006403,
      0.001188,
      0.1871
    ],
    [
      9700,
      1,
      0.006329,
      0.001176,
      0.1871
    ],
    [
      9800,
      1,
      0.00626,
      0.001165,
      0.1871
    ],
    [
      9900,
      1,
