{
  "game": "tu93",
  "condition": "lv",
  "draw": 4,
  "seed": 400,
  "use_lv": true,
  "mean_cycle_distinct": 1.0,
  "mean_max_activation": 0.01063,
  "lv_stats": [
    [
      0,
      1,
      0.085669,
      0.042441,
      0.1848
    ],
    [
      100,
      1,
      0.063162,
      0.031932,
      0.1848
    ],
    [
      200,
      1,
      0.051232,
      0.025623,
      0.1848
    ],
    [
      300,
      1,
      0.043248,
      0.021403,
      0.1848
    ],
    [
      400,
      1,
      0.037503,
      0.018383,
      0.1848
    ],
    [
      500,
      1,
      0.033162,
      0.016115,
      0.1848
    ],
    [
      600,
      1,
      0.02976,
      0.014349,
      0.1848
    ],
    [
      700,
      1,
      0.02702,
      0.012935,
      0.1848
    ],
    [
      800,
      1,
      0.024763,
      0.011776,
      0.1848
    ],
    [
      900,
      1,
      0.022871,
      0.01081,
      0.1848
    ],
    [
      1000,
      1,
      0.021261,
      0.009992,
      0.1848
    ],
    [
      1100,
      1,
      0.019873,
      0.00929,
      0.1848
    ],
    [
      1200,
      1,
      0.018664,
      0.00868,
      0.1848
    ],
    [
      1300,
      1,
      0.017601,
      0.008147,
      0.1848
    ],
    [
      1400,
      1,
      0.016658,
      0.007676,
      0.1848
    ],
    [
      1500,
      1,
      0.015817,
      0.007257,
      0.1848
    ],
    [
      1600,
      1,
      0.015061,
      0.006882,
      0.1848
    ],
    [
      1700,
      1,
      0.014378,
      0.006544,
      0.1848
    ],
    [
      1800,
      1,
      0.013757,
      0.006238,
      0.1848
    ],
    [
      1900,
      1,
      0.013191,
      0.00596,
      0.1848
    ],
    [
      2000,
      1,
      0.012672,
      0.005705,
      0.1848
    ],
    [
      2100,
      1,
      0.012194,
      0.005472,
      0.1848
    ],
    [
      2200,
      1,
      0.011754,
      0.005257,
      0.1848
    ],
    [
      2300,
      1,
      0.011346,
      0.005059,
      0.1848
    ],
    [
      2400,
      1,
      0.010967,
      0.004875,
      0.1848
    ],
    [
      2500,
      1,
      0.010614,
      0.004704,
      0.1848
    ],
    [
      2600,
      1,
      0.010284,
      0.004545,
      0.1848
    ],
    [
      2700,
      1,
      0.009975,
      0.004397,
      0.1848
    ],
    [
      2800,
      1,
      0.009686,
      0.004258,
      0.1848
    ],
    [
      2900,
      1,
      0.009414,
      0.004127,
      0.1848
    ],
    [
      3000,
      1,
      0.009157,
      0.004005,
      0.1848
    ],
    [
      3100,
      1,
      0.008916,
      0.003889,
      0.1848
    ],
    [
      3200,
      1,
      0.008687,
      0.00378,
      0.1848
    ],
    [
      3300,
      1,
      0.008471,
      0.003677,
      0.1848
    ],
    [
      3400,
      1,
      0.008265,
      0.00358,
      0.1848
    ],
    [
      3500,
      1,
      0.008071,
      0.003488,
      0.1848
    ],
    [
      3600,
      1,
      0.007885,
      0.0034,
      0.1848
    ],
    [
      3700,
      1,
      0.007709,
      0.003317,
      0.1848
    ],
    [
      3800,
      1,
      0.007541,
      0.003238,
      0.1848
    ],
    [
      3900,
      1,
      0.00738,
      0.003162,
      0.1848
    ],
    [
      4000,
      1,
      0.007227,
      0.00309,
      0.1848
    ],
    [
      4100,
      1,
      0.00708,
      0.003021,
      0.1848
    ],
    [
      4200,
      1,
      0.00694,
      0.002955,
      0.1848
    ],
    [
      4300,
      1,
      0.006805,
      0.002893,
      0.1848
    ],
    [
      4400,
      1,
      0.006676,
      0.002832,
      0.1848
    ],
    [
      4500,
      1,
      0.006552,
      0.002774,
      0.1848
    ],
    [
      4600,
      1,
      0.006433,
      0.002719,
      0.1848
    ],
    [
      4700,
      1,
      0.006318,
      0.002666,
      0.1848
    ],
    [
      4800,
      1,
      0.006208,
      0.002615,
      0.1848
    ],
    [
      4900,
      1,
      0.006102,
      0.002565,
      0.1848
    ],
    [
      5000,
      1,
      0.005999,
      0.002518,
      0.1848
    ],
    [
      5100,
      1,
      0.0059,
      0.002472,
      0.1848
    ],
    [
      5200,
      1,
      0.005805,
      0.002428,
      0.1848
    ],
    [
      5300,
      1,
      0.005713,
      0.002386,
      0.1848
    ],
    [
      5400,
      1,
      0.005624,
      0.002345,
      0.1848
    ],
    [
      5500,
      1,
      0.005538,
      0.002305,
      0.1848
    ],
    [
      5600,
      1,
      0.005455,
      0.002267,
      0.1848
    ],
    [
      5700,
      1,
      0.005374,
      0.00223,
      0.1848
    ],
    [
      5800,
      1,
      0.005296,
      0.002194,
      0.1848
    ],
    [
      5900,
      1,
      0.00522,
      0.00216,
      0.1848
    ],
    [
      6000,
      1,
      0.005147,
      0.002126,
      0.1848
    ],
    [
      6100,
      1,
      0.005076,
      0.002094,
      0.1848
    ],
    [
      6200,
      1,
      0.005007,
      0.002062,
      0.1848
    ],
    [
      6300,
      1,
      0.004939,
      0.002031,
      0.1848
    ],
    [
      6400,
      1,
      0.004874,
      0.002002,
      0.1848
    ],
    [
      6500,
      1,
      0.004811,
      0.001973,
      0.1848
    ],
    [
      6600,
      1,
      0.004749,
      0.001945,
      0.1848
    ],
    [
      6700,
      1,
      0.004689,
      0.001918,
      0.1848
    ],
    [
      6800,
      1,
      0.004631,
      0.001891,
      0.1848
    ],
    [
      6900,
      1,
      0.004574,
      0.001866,
      0.1848
    ],
    [
      7000,
      1,
      0.004519,
      0.001841,
      0.1848
    ],
    [
      7100,
      1,
      0.004465,
      0.001816,
      0.1848
    ],
    [
      7200,
      1,
      0.004412,
      0.001793,
      0.1848
    ],
    [
      7300,
      1,
      0.004361,
      0.001769,
      0.1848
    ],
    [
      7400,
      1,
      0.004311,
      0.001747,
      0.1848
    ],
    [
      7500,
      1,
      0.004263,
      0.001725,
      0.1848
    ],
    [
      7600,
      1,
      0.004215,
      0.001704,
      0.1848
    ],
    [
      7700,
      1,
      0.004169,
      0.001683,
      0.1848
    ],
    [
      7800,
      1,
      0.004123,
      0.001662,
      0.1848
    ],
    [
      7900,
      1,
      0.004079,
      0.001643,
      0.1848
    ],
    [
      8000,
      1,
      0.004036,
      0.001623,
      0.1848
    ],
    [
      8100,
      1,
      0.003994,
      0.001604,
      0.1848
    ],
    [
      8200,
      1,
      0.003952,
      0.001586,
      0.1848
    ],
    [
      8300,
      1,
      0.003912,
      0.001568,
      0.1848
    ],
    [
      8400,
      1,
      0.003872,
      0.00155,
      0.1848
    ],
    [
      8500,
      1,
      0.003834,
      0.001533,
      0.1848
    ],
    [
      8600,
      1,
      0.003796,
      0.001516,
      0.1848
    ],
    [
      8700,
      1,
      0.003759,
      0.0015,
      0.1848
    ],
    [
      8800,
      1,
      0.003723,
      0.001483,
      0.1848
    ],
    [
      8900,
      1,
      0.003687,
      0.001468,
      0.1848
    ],
    [
      9000,
      1,
      0.003652,
      0.001452,
      0.1848
    ],
    [
      9100,
      1,
      0.003618,
      0.001437,
      0.1848
    ],
    [
      9200,
      1,
      0.003585,
      0.001422,
      0.1848
    ],
    [
      9300,
      1,
      0.003552,
      0.001408,
      0.1848
    ],
    [
      9400,
      1,
      0.00352,
      0.001394,
      0.1848
    ],
    [
      9500,
      1,
      0.003489,
      0.00138,
      0.1848
    ],
    [
      9600,
      1,
      0.003458,
      0.001366,
      0.1848
    ],
    [
      9700,
      1,
      0.003428,
      0.001353,
      0.1848
    ],
    [
      9800,
      1,
      0.003398,
      0.00134,
      0.1848
    ],
    [
      9900,
      1,
      0.003369,
