{
  "game": "tu93",
  "condition": "lv",
  "draw": 3,
  "seed": 300,
  "use_lv": true,
  "mean_cycle_distinct": 1.0,
  "mean_max_activation": 0.008474,
  "lv_stats": [
    [
      0,
      1,
      0.080725,
      0.044995,
      0.1858
    ],
    [
      100,
      1,
      0.055274,
      0.029588,
      0.1847
    ],
    [
      200,
      1,
      0.042505,
      0.022087,
      0.1847
    ],
    [
      300,
      1,
      0.034766,
      0.017642,
      0.1847
    ],
    [
      400,
      1,
      0.029548,
      0.014701,
      0.1847
    ],
    [
      500,
      1,
      0.025778,
      0.012608,
      0.1847
    ],
    [
      600,
      1,
      0.02292,
      0.011043,
      0.1847
    ],
    [
      700,
      1,
      0.020674,
      0.009828,
      0.1847
    ],
    [
      800,
      1,
      0.018859,
      0.008857,
      0.1847
    ],
    [
      900,
      1,
      0.017361,
      0.008063,
      0.1847
    ],
    [
      1000,
      1,
      0.016101,
      0.007402,
      0.1847
    ],
    [
      1100,
      1,
      0.015027,
      0.006843,
      0.1847
    ],
    [
      1200,
      1,
      0.014098,
      0.006363,
      0.1847
    ],
    [
      1300,
      1,
      0.013288,
      0.005947,
      0.1847
    ],
    [
      1400,
      1,
      0.012573,
      0.005583,
      0.1847
    ],
    [
      1500,
      1,
      0.011939,
      0.005262,
      0.1847
    ],
    [
      1600,
      1,
      0.011371,
      0.004977,
      0.1847
    ],
    [
      1700,
      1,
      0.01086,
      0.004721,
      0.1847
    ],
    [
      1800,
      1,
      0.010397,
      0.004491,
      0.1847
    ],
    [
      1900,
      1,
      0.009976,
      0.004283,
      0.1847
    ],
    [
      2000,
      1,
      0.00959,
      0.004094,
      0.1847
    ],
    [
      2100,
      1,
      0.009237,
      0.003921,
      0.1847
    ],
    [
      2200,
      1,
      0.008911,
      0.003762,
      0.1847
    ],
    [
      2300,
      1,
      0.00861,
      0.003616,
      0.1847
    ],
    [
      2400,
      1,
      0.008331,
      0.003481,
      0.1847
    ],
    [
      2500,
      1,
      0.008071,
      0.003356,
      0.1847
    ],
    [
      2600,
      1,
      0.007828,
      0.00324,
      0.1847
    ],
    [
      2700,
      1,
      0.007602,
      0.003132,
      0.1847
    ],
    [
      2800,
      1,
      0.007389,
      0.003031,
      0.1847
    ],
    [
      2900,
      1,
      0.007189,
      0.002936,
      0.1847
    ],
    [
      3000,
      1,
      0.007001,
      0.002848,
      0.1847
    ],
    [
      3100,
      1,
      0.006824,
      0.002764,
      0.1847
    ],
    [
      3200,
      1,
      0.006656,
      0.002686,
      0.1847
    ],
    [
      3300,
      1,
      0.006498,
      0.002612,
      0.1847
    ],
    [
      3400,
      1,
      0.006347,
      0.002542,
      0.1847
    ],
    [
      3500,
      1,
      0.006205,
      0.002476,
      0.1847
    ],
    [
      3600,
      1,
      0.006069,
      0.002413,
      0.1847
    ],
    [
      3700,
      1,
      0.00594,
      0.002353,
      0.1847
    ],
    [
      3800,
      1,
      0.005817,
      0.002297,
      0.1847
    ],
    [
      3900,
      1,
      0.005699,
      0.002243,
      0.1847
    ],
    [
      4000,
      1,
      0.005587,
      0.002192,
      0.1847
    ],
    [
      4100,
      1,
      0.005479,
      0.002143,
      0.1847
    ],
    [
      4200,
      1,
      0.005376,
      0.002096,
      0.1847
    ],
    [
      4300,
      1,
      0.005278,
      0.002051,
      0.1847
    ],
    [
      4400,
      1,
      0.005183,
      0.002008,
      0.1847
    ],
    [
      4500,
      1,
      0.005092,
      0.001967,
      0.1847
    ],
    [
      4600,
      1,
      0.005005,
      0.001928,
      0.1847
    ],
    [
      4700,
      1,
      0.004921,
      0.00189,
      0.1847
    ],
    [
      4800,
      1,
      0.00484,
      0.001854,
      0.1847
    ],
    [
      4900,
      1,
      0.004762,
      0.001819,
      0.1847
    ],
    [
      5000,
      1,
      0.004687,
      0.001786,
      0.1847
    ],
    [
      5100,
      1,
      0.004614,
      0.001754,
      0.1847
    ],
    [
      5200,
      1,
      0.004544,
      0.001723,
      0.1847
    ],
    [
      5300,
      1,
      0.004477,
      0.001693,
      0.1847
    ],
    [
      5400,
      1,
      0.004411,
      0.001664,
      0.1847
    ],
    [
      5500,
      1,
      0.004348,
      0.001636,
      0.1847
    ],
    [
      5600,
      1,
      0.004287,
      0.001609,
      0.1847
    ],
    [
      5700,
      1,
      0.004227,
      0.001583,
      0.1847
    ],
    [
      5800,
      1,
      0.00417,
      0.001558,
      0.1847
    ],
    [
      5900,
      1,
      0.004114,
      0.001533,
      0.1847
    ],
    [
      6000,
      1,
      0.00406,
      0.00151,
      0.1847
    ],
    [
      6100,
      1,
      0.004008,
      0.001487,
      0.1847
    ],
    [
      6200,
      1,
      0.003957,
      0.001465,
      0.1847
    ],
    [
      6300,
      1,
      0.003907,
      0.001443,
      0.1847
    ],
    [
      6400,
      1,
      0.003859,
      0.001423,
      0.1847
    ],
    [
      6500,
      1,
      0.003812,
      0.001402,
      0.1847
    ],
    [
      6600,
      1,
      0.003767,
      0.001383,
      0.1847
    ],
    [
      6700,
      1,
      0.003723,
      0.001364,
      0.1847
    ],
    [
      6800,
      1,
      0.003679,
      0.001345,
      0.1847
    ],
    [
      6900,
      1,
      0.003637,
      0.001327,
      0.1847
    ],
    [
      7000,
      1,
      0.003597,
      0.00131,
      0.1847
    ],
    [
      7100,
      1,
      0.003557,
      0.001293,
      0.1847
    ],
    [
      7200,
      1,
      0.003518,
      0.001276,
      0.1847
    ],
    [
      7300,
      1,
      0.00348,
      0.00126,
      0.1847
    ],
    [
      7400,
      1,
      0.003443,
      0.001244,
      0.1847
    ],
    [
      7500,
      1,
      0.003407,
      0.001229,
      0.1847
    ],
    [
      7600,
      1,
      0.003372,
      0.001214,
      0.1847
    ],
    [
      7700,
      1,
      0.003337,
      0.001199,
      0.1847
    ],
    [
      7800,
      1,
      0.003304,
      0.001185,
      0.1847
    ],
    [
      7900,
      1,
      0.003271,
      0.001171,
      0.1847
    ],
    [
      8000,
      1,
      0.003239,
      0.001158,
      0.1847
    ],
    [
      8100,
      1,
      0.003207,
      0.001144,
      0.1847
    ],
    [
      8200,
      1,
      0.003177,
      0.001131,
      0.1847
    ],
    [
      8300,
      1,
      0.003147,
      0.001119,
      0.1847
    ],
    [
      8400,
      1,
      0.003117,
      0.001107,
      0.1847
    ],
    [
      8500,
      1,
      0.003088,
      0.001094,
      0.1847
    ],
    [
      8600,
      1,
      0.00306,
      0.001083,
      0.1847
    ],
    [
      8700,
      1,
      0.003033,
      0.001071,
      0.1847
    ],
    [
      8800,
      1,
      0.003006,
      0.00106,
      0.1847
    ],
    [
      8900,
      1,
      0.002979,
      0.001049,
      0.1847
    ],
    [
      9000,
      1,
      0.002953,
      0.001038,
      0.1847
    ],
    [
      9100,
      1,
      0.002928,
      0.001028,
      0.1847
    ],
    [
      9200,
      1,
      0.002903,
      0.001017,
      0.1847
    ],
    [
      9300,
      1,
      0.002878,
      0.001007,
      0.1847
    ],
    [
      9400,
      1,
      0.002855,
      0.000997,
      0.1847
    ],
    [
      9500,
      1,
      0.002831,
      0.000988,
      0.1847
    ],
    [
      9600,
      1,
      0.002808,
      0.000978,
      0.1847
    ],
    [
      9700,
      1,
      0.002785,
      0.000969,
      0.1847
    ],
    [
      9800,
      1,
      0.002763,
      0.00096,
      0.1847
    ],
    [
      9900,
      1,
