{
  "game": "tu93",
  "condition": "lv",
  "draw": 5,
  "seed": 500,
  "use_lv": true,
  "mean_cycle_distinct": 1.0,
  "mean_max_activation": 0.007513,
  "lv_stats": [
    [
      0,
      1,
      0.069137,
      0.042077,
      0.211
    ],
    [
      100,
      1,
      0.048811,
      0.030852,
      0.211
    ],
    [
      200,
      1,
      0.03894,
      0.024512,
      0.211
    ],
    [
      300,
      1,
      0.032474,
      0.020341,
      0.211
    ],
    [
      400,
      1,
      0.027888,
      0.017387,
      0.211
    ],
    [
      500,
      1,
      0.024461,
      0.015185,
      0.211
    ],
    [
      600,
      1,
      0.021799,
      0.013479,
      0.211
    ],
    [
      700,
      1,
      0.019671,
      0.012119,
      0.211
    ],
    [
      800,
      1,
      0.01793,
      0.011009,
      0.211
    ],
    [
      900,
      1,
      0.016478,
      0.010086,
      0.211
    ],
    [
      1000,
      1,
      0.015248,
      0.009306,
      0.211
    ],
    [
      1100,
      1,
      0.014192,
      0.008638,
      0.211
    ],
    [
      1200,
      1,
      0.013277,
      0.00806,
      0.211
    ],
    [
      1300,
      1,
      0.012475,
      0.007555,
      0.211
    ],
    [
      1400,
      1,
      0.011766,
      0.007109,
      0.211
    ],
    [
      1500,
      1,
      0.011135,
      0.006714,
      0.211
    ],
    [
      1600,
      1,
      0.01057,
      0.00636,
      0.211
    ],
    [
      1700,
      1,
      0.010061,
      0.006041,
      0.211
    ],
    [
      1800,
      1,
      0.009599,
      0.005754,
      0.211
    ],
    [
      1900,
      1,
      0.009179,
      0.005492,
      0.211
    ],
    [
      2000,
      1,
      0.008795,
      0.005253,
      0.211
    ],
    [
      2100,
      1,
      0.008443,
      0.005034,
      0.211
    ],
    [
      2200,
      1,
      0.008118,
      0.004833,
      0.211
    ],
    [
      2300,
      1,
      0.007818,
      0.004647,
      0.211
    ],
    [
      2400,
      1,
      0.00754,
      0.004475,
      0.211
    ],
    [
      2500,
      1,
      0.007281,
      0.004315,
      0.211
    ],
    [
      2600,
      1,
      0.00704,
      0.004167,
      0.211
    ],
    [
      2700,
      1,
      0.006815,
      0.004028,
      0.211
    ],
    [
      2800,
      1,
      0.006604,
      0.003898,
      0.211
    ],
    [
      2900,
      1,
      0.006406,
      0.003777,
      0.211
    ],
    [
      3000,
      1,
      0.00622,
      0.003662,
      0.211
    ],
    [
      3100,
      1,
      0.006044,
      0.003555,
      0.211
    ],
    [
      3200,
      1,
      0.005879,
      0.003453,
      0.211
    ],
    [
      3300,
      1,
      0.005722,
      0.003358,
      0.211
    ],
    [
      3400,
      1,
      0.005574,
      0.003267,
      0.211
    ],
    [
      3500,
      1,
      0.005433,
      0.003181,
      0.211
    ],
    [
      3600,
      1,
      0.0053,
      0.0031,
      0.211
    ],
    [
      3700,
      1,
      0.005173,
      0.003022,
      0.211
    ],
    [
      3800,
      1,
      0.005052,
      0.002949,
      0.211
    ],
    [
      3900,
      1,
      0.004937,
      0.002879,
      0.211
    ],
    [
      4000,
      1,
      0.004827,
      0.002812,
      0.211
    ],
    [
      4100,
      1,
      0.004722,
      0.002748,
      0.211
    ],
    [
      4200,
      1,
      0.004621,
      0.002687,
      0.211
    ],
    [
      4300,
      1,
      0.004525,
      0.002629,
      0.211
    ],
    [
      4400,
      1,
      0.004433,
      0.002573,
      0.211
    ],
    [
      4500,
      1,
      0.004344,
      0.00252,
      0.211
    ],
    [
      4600,
      1,
      0.004259,
      0.002468,
      0.211
    ],
    [
      4700,
      1,
      0.004178,
      0.002419,
      0.211
    ],
    [
      4800,
      1,
      0.004099,
      0.002372,
      0.211
    ],
    [
      4900,
      1,
      0.004024,
      0.002326,
      0.211
    ],
    [
      5000,
      1,
      0.003951,
      0.002283,
      0.211
    ],
    [
      5100,
      1,
      0.003881,
      0.00224,
      0.211
    ],
    [
      5200,
      1,
      0.003813,
      0.0022,
      0.211
    ],
    [
      5300,
      1,
      0.003748,
      0.002161,
      0.211
    ],
    [
      5400,
      1,
      0.003685,
      0.002123,
      0.211
    ],
    [
      5500,
      1,
      0.003624,
      0.002086,
      0.211
    ],
    [
      5600,
      1,
      0.003565,
      0.002051,
      0.211
    ],
    [
      5700,
      1,
      0.003508,
      0.002017,
      0.211
    ],
    [
      5800,
      1,
      0.003453,
      0.001984,
      0.211
    ],
    [
      5900,
      1,
      0.0034,
      0.001952,
      0.211
    ],
    [
      6000,
      1,
      0.003348,
      0.001921,
      0.211
    ],
    [
      6100,
      1,
      0.003298,
      0.001891,
      0.211
    ],
    [
      6200,
      1,
      0.003249,
      0.001862,
      0.211
    ],
    [
      6300,
      1,
      0.003202,
      0.001834,
      0.211
    ],
    [
      6400,
      1,
      0.003157,
      0.001807,
      0.211
    ],
    [
      6500,
      1,
      0.003112,
      0.00178,
      0.211
    ],
    [
      6600,
      1,
      0.003069,
      0.001754,
      0.211
    ],
    [
      6700,
      1,
      0.003027,
      0.001729,
      0.211
    ],
    [
      6800,
      1,
      0.002986,
      0.001705,
      0.211
    ],
    [
      6900,
      1,
      0.002946,
      0.001681,
      0.211
    ],
    [
      7000,
      1,
      0.002908,
      0.001658,
      0.211
    ],
    [
      7100,
      1,
      0.00287,
      0.001636,
      0.211
    ],
    [
      7200,
      1,
      0.002833,
      0.001614,
      0.211
    ],
    [
      7300,
      1,
      0.002797,
      0.001593,
      0.211
    ],
    [
      7400,
      1,
      0.002763,
      0.001572,
      0.211
    ],
    [
      7500,
      1,
      0.002729,
      0.001552,
      0.211
    ],
    [
      7600,
      1,
      0.002696,
      0.001533,
      0.211
    ],
    [
      7700,
      1,
      0.002663,
      0.001514,
      0.211
    ],
    [
      7800,
      1,
      0.002632,
      0.001495,
      0.211
    ],
    [
      7900,
      1,
      0.002601,
      0.001477,
      0.211
    ],
    [
      8000,
      1,
      0.002571,
      0.001459,
      0.211
    ],
    [
      8100,
      1,
      0.002541,
      0.001442,
      0.211
    ],
    [
      8200,
      1,
      0.002513,
      0.001425,
      0.211
    ],
    [
      8300,
      1,
      0.002485,
      0.001408,
      0.211
    ],
    [
      8400,
      1,
      0.002457,
      0.001392,
      0.211
    ],
    [
      8500,
      1,
      0.002431,
      0.001376,
      0.211
    ],
    [
      8600,
      1,
      0.002404,
      0.001361,
      0.211
    ],
    [
      8700,
      1,
      0.002379,
      0.001346,
      0.211
    ],
    [
      8800,
      1,
      0.002354,
      0.001331,
      0.211
    ],
    [
      8900,
      1,
      0.002329,
      0.001316,
      0.211
    ],
    [
      9000,
      1,
      0.002305,
      0.001302,
      0.211
    ],
    [
      9100,
      1,
      0.002282,
      0.001289,
      0.211
    ],
    [
      9200,
      1,
      0.002258,
      0.001275,
      0.211
    ],
    [
      9300,
      1,
      0.002236,
      0.001262,
      0.211
    ],
    [
      9400,
      1,
      0.002214,
      0.001249,
      0.211
    ],
    [
      9500,
      1,
      0.002192,
      0.001236,
      0.211
    ],
    [
      9600,
      1,
      0.002171,
      0.001224,
      0.211
    ],
    [
      9700,
      1,
      0.00215,
      0.001211,
      0.211
    ],
    [
      9800,
      1,
      0.002129,
      0.001199,
      0.211
    ],
    [
      9900,
      1,
      0.002109,
      0.001188,
      0.211
    ]
  ],
  "steps_taken": 10000,
  "elapsed_seconds": 1.99,