{
  "game": "tu93",
  "condition": "lv",
  "draw": 2,
  "seed": 200,
  "use_lv": true,
  "mean_cycle_distinct": 1.02,
  "mean_max_activation": NaN,
  "lv_stats": [
    [
      0,
      1,
      0.094293,
      0.047184,
      0.1871
    ],
    [
      100,
      1,
      0.062049,
      0.031769,
      0.1871
    ],
    [
      200,
      2,
      0.047445,
      0.023574,
      0.1871
    ],
    [
      300,
      1,
      0.061067,
      0.021706,
      0.1871
    ],
    [
      400,
      1,
      0.074146,
      0.020762,
      0.1871
    ],
    [
      500,
      1,
      0.087787,
      0.020512,
      0.1871
    ],
    [
      600,
      1,
      0.102808,
      0.020879,
      0.1871
    ],
    [
      700,
      1,
      0.119891,
      0.021855,
      0.1871
    ],
    [
      800,
      1,
      0.139687,
      0.023473,
      0.1871
    ],
    [
      900,
      1,
      0.162856,
      0.025793,
      0.1871
    ],
    [
      1000,
      1,
      0.190088,
      0.028892,
      0.1871
    ],
    [
      1100,
      1,
      0.222103,
      0.032857,
      0.1871
    ],
    [
      1200,
      1,
      0.259658,
      0.037778,
      0.1871
    ],
    [
      1300,
      1,
      0.303563,
      0.043748,
      0.1871
    ],
    [
      1400,
      1,
      0.354722,
      0.050868,
      0.1871
    ],
    [
      1500,
      1,
      0.414208,
      0.05926,
      0.1871
    ],
    [
      1600,
      1,
      0.483355,
      0.069085,
      0.1871
    ],
    [
      1700,
      1,
      0.563876,
      0.080565,
      0.1871
    ],
    [
      1800,
      1,
      0.657991,
      0.094002,
      0.1871
    ],
    [
      1900,
      1,
      0.768571,
      0.109797,
      0.1871
    ],
    [
      2000,
      1,
      0.899327,
      0.128475,
      0.191
    ],
    [
      2100,
      1,
      1.05509,
      0.150727,
      0.2015
    ],
    [
      2200,
      1,
      1.2422,
      0.177457,
      0.2133
    ],
    [
      2300,
      1,
      1.469097,
      0.209871,
      0.2266
    ],
    [
      2400,
      1,
      1.747201,
      0.2496,
      0.2417
    ],
    [
      2500,
      1,
      2.092248,
      0.298893,
      0.259
    ],
    [
      2600,
      1,
      2.526376,
      0.360911,
      0.279
    ],
    [
      2700,
      1,
      3.081508,
      0.440215,
      0.3023
    ],
    [
      2800,
      1,
      3.804957,
      0.543565,
      0.3299
    ],
    [
      2900,
      1,
      4.769188,
      0.681313,
      0.363
    ],
    [
      3000,
      1,
      6.089578,
      0.86994,
      0.4035
    ],
    [
      3100,
      1,
      7.958676,
      1.136954,
      0.4541
    ],
    [
      3200,
      1,
      10.716871,
      1.530982,
      0.5191
    ],
    [
      3300,
      1,
      15.011675,
      2.144525,
      0.6056
    ],
    [
      3400,
      1,
      22.198554,
      3.171222,
      0.7265
    ],
    [
      3500,
      1,
      35.513206,
      5.073315,
      0.9071
    ],
    [
      3600,
      1,
      64.320716,
      9.188674,
      1.206
    ],
    [
      3700,
      1,
      145.78614,
      20.826591,
      1.7958
    ],
    [
      3800,
      1,
      562.404365,
      80.343481,
      3.4989
    ],
    [
      3900,
      1,
      104767.571293,
      14966.795899,
      51.9117
    ],
    [
      4000,
      2,
      NaN,
      NaN,
      NaN
    ],
    [
      4100,
      1,
      NaN,
      NaN,
      NaN
    ],
    [
      4200,
      1,
      NaN,
      NaN,
      NaN
    ],
    [
      4300,
      1,
      NaN,
      NaN,
      NaN
    ],
    [
      4400,
      1,
      NaN,
      NaN,
      NaN
    ],
    [
      4500,
      1,
      NaN,
      NaN,
      NaN
    ],
    [
      4600,
      1,
      NaN,
      NaN,
      NaN
    ],
    [
      4700,
      1,
      NaN,
      NaN,
      NaN
    ],
    [
      4800,
      1,
      NaN,
      NaN,
      NaN
    ],
    [
      4900,
      1,
      NaN,
      NaN,
      NaN
    ],
    [
      5000,
      1,
      NaN,
      NaN,
      NaN
    ],
    [
      5100,
      1,
      NaN,
      NaN,
      NaN
    ],
    [
      5200,
      1,
      NaN,
      NaN,
      NaN
    ],
    [
      5300,
      1,
      NaN,
      NaN,
      NaN
    ],
    [
      5400,
      1,
      NaN,
      NaN,
      NaN
    ],
    [
      5500,
      1,
      NaN,
      NaN,
      NaN
    ],
    [
      5600,
      1,
      NaN,
      NaN,
      NaN
    ],
    [
      5700,
      1,
      NaN,
      NaN,
      NaN
    ],
    [
      5800,
      1,
      NaN,
      NaN,
      NaN
    ],
    [
      5900,
      1,
      NaN,
      NaN,
      NaN
    ],
    [
      6000,
      1,
      NaN,
      NaN,
      NaN
    ],
    [
      6100,
      1,
      NaN,
      NaN,
      NaN
    ],
    [
      6200,
      1,
      NaN,
      NaN,
      NaN
    ],
    [
      6300,
      1,
      NaN,
      NaN,
      NaN
    ],
    [
      6400,
      1,
      NaN,
      NaN,
      NaN
    ],
    [
      6500,
      1,
      NaN,
      NaN,
      NaN
    ],
    [
      6600,
      1,
      NaN,
      NaN,
      NaN
    ],
    [
      6700,
      1,
      NaN,
      NaN,
      NaN
    ],
    [
      6800,
      1,
      NaN,
      NaN,
      NaN
    ],
    [
      6900,
      1,
      NaN,
      NaN,
      NaN
    ],
    [
      7000,
      1,
      NaN,
      NaN,
      NaN
    ],
    [
      7100,
      1,
      NaN,
      NaN,
      NaN
    ],
    [
      7200,
      1,
      NaN,
      NaN,
      NaN
    ],
    [
      7300,
      1,
      NaN,
      NaN,
      NaN
    ],
    [
      7400,
      1,
      NaN,
      NaN,
      NaN
    ],
    [
      7500,
      1,
      NaN,
      NaN,
      NaN
    ],
    [
      7600,
      1,
      NaN,
      NaN,
      NaN
    ],
    [
      7700,
      1,
      NaN,
      NaN,
      NaN
    ],
    [
      7800,
      1,
      NaN,
      NaN,
      NaN
    ],
    [
      7900,
      1,
      NaN,
      NaN,
      NaN
    ],
    [
      8000,
      1,
      NaN,
      NaN,
      NaN
    ],
    [
      8100,
      1,
      NaN,
      NaN,
      NaN
    ],
    [
      8200,
      1,
      NaN,
      NaN,
      NaN
    ],
    [
      8300,
      1,
      NaN,
      NaN,
      NaN
    ],
    [
      8400,
      1,
      NaN,
      NaN,
      NaN
    ],
    [
      8500,
      1,
      NaN,
      NaN,
      NaN
    ],
    [
      8600,
      1,
      NaN,
      NaN,
      NaN
    ],
    [
      8700,
      1,
      NaN,
      NaN,
      NaN
    ],
    [
      8800,
      1,
      NaN,
      NaN,
      NaN
    ],
    [
      8900,
      1,
      NaN,
      NaN,
      NaN
    ],
    [
      9000,
      1,
      NaN,
      NaN,
      NaN
    ],
    [
      9100,
      1,
      NaN,
      NaN,
      NaN
    ],
    [
      9200,
      1,
      NaN,
      NaN,
      NaN
    ],
    [
      9300,
      1,
      NaN,
      NaN,
      NaN
    ],
    [
      9400,
      1,
      NaN,
      NaN,
      NaN
    ],
    [
      9500,
      1,
      NaN,
      NaN,
      NaN
    ],
    [
      9600,
      1,
      NaN,
      NaN,
      NaN
    ],
    [
      9700,
      1,
      NaN,
      NaN,
      NaN
    ],
    [
      9800,
      1,
      NaN,
      NaN,
      NaN
    ],
    [
      9900,
      1,
      NaN,
      NaN,
      NaN
    ]
  ],
  "steps_taken": 10000,
  "elapsed_seconds": 1.95,
  "max_level": 0,
  "L1_solved": false,
  "L2_solved": false,
  "l1_step": null,
  "l2_step": null,
  "level_first_step": {},
  "arc_score": 0.0,
  "arc_per_level": {},
  "solver_level_steps": {
    "1": 18,
    "2": 28,
    "3": 47,
    "4": 64,
    "5": 93,
    "6": 121,
    "7": 135,
    "8": 156,
    "9": 185
  },
  "repr_log_enc_n": 100,
  "repr_log_enc_levels": 1,
  "I3_rho": -0.5,
  "I3_rho_pass": false,
  "I3_cv": 2.421033,
  "I3_counts_at_200": [
    198.0,
    0.0,
    0.0,
    0.0,
    2.0,
    0.0,
    0.0
  ],
  "I1_enc_within": null,
  "I1_enc_between": null,
  "I1_enc_p_value": 1.0,
  "I1_enc_pass": false,
  "I1_act_within": null,