{
  "game": "tu93",
  "condition": "lv",
  "draw": 1,
  "seed": 100,
  "use_lv": true,
  "mean_cycle_distinct": 1.0,
  "mean_max_activation": 0.013363,
  "lv_stats": [
    [
      0,
      1,
      0.084226,
      0.041121,
      0.1815
    ],
    [
      100,
      1,
      0.066267,
      0.030735,
      0.1815
    ],
    [
      200,
      1,
      0.054781,
      0.024652,
      0.1815
    ],
    [
      300,
      1,
      0.046947,
      0.020599,
      0.1815
    ],
    [
      400,
      1,
      0.041246,
      0.017703,
      0.1815
    ],
    [
      500,
      1,
      0.036901,
      0.015529,
      0.1815
    ],
    [
      600,
      1,
      0.033472,
      0.013837,
      0.1815
    ],
    [
      700,
      1,
      0.030695,
      0.012481,
      0.1815
    ],
    [
      800,
      1,
      0.028395,
      0.011372,
      0.1815
    ],
    [
      900,
      1,
      0.026458,
      0.010446,
      0.1815
    ],
    [
      1000,
      1,
      0.024803,
      0.009662,
      0.1815
    ],
    [
      1100,
      1,
      0.023371,
      0.00899,
      0.1815
    ],
    [
      1200,
      1,
      0.022119,
      0.008406,
      0.1815
    ],
    [
      1300,
      1,
      0.021014,
      0.007896,
      0.1815
    ],
    [
      1400,
      1,
      0.020031,
      0.007445,
      0.1815
    ],
    [
      1500,
      1,
      0.019152,
      0.007044,
      0.1815
    ],
    [
      1600,
      1,
      0.018359,
      0.006684,
      0.1815
    ],
    [
      1700,
      1,
      0.017641,
      0.006361,
      0.1815
    ],
    [
      1800,
      1,
      0.016987,
      0.006068,
      0.1815
    ],
    [
      1900,
      1,
      0.016388,
      0.005802,
      0.1815
    ],
    [
      2000,
      1,
      0.015839,
      0.005559,
      0.1815
    ],
    [
      2100,
      1,
      0.015332,
      0.005335,
      0.1815
    ],
    [
      2200,
      1,
      0.014864,
      0.00513,
      0.1815
    ],
    [
      2300,
      1,
      0.014429,
      0.00494,
      0.1815
    ],
    [
      2400,
      1,
      0.014024,
      0.004765,
      0.1815
    ],
    [
      2500,
      1,
      0.013647,
      0.004601,
      0.1815
    ],
    [
      2600,
      1,
      0.013293,
      0.004449,
      0.1815
    ],
    [
      2700,
      1,
      0.012962,
      0.004307,
      0.1815
    ],
    [
      2800,
      1,
      0.012651,
      0.004175,
      0.1815
    ],
    [
      2900,
      1,
      0.012358,
      0.00405,
      0.1815
    ],
    [
      3000,
      1,
      0.012081,
      0.003933,
      0.1815
    ],
    [
      3100,
      1,
      0.01182,
      0.003823,
      0.1815
    ],
    [
      3200,
      1,
      0.011573,
      0.003719,
      0.1815
    ],
    [
      3300,
      1,
      0.011338,
      0.003621,
      0.1815
    ],
    [
      3400,
      1,
      0.011116,
      0.003528,
      0.1815
    ],
    [
      3500,
      1,
      0.010904,
      0.00344,
      0.1815
    ],
    [
      3600,
      1,
      0.010702,
      0.003356,
      0.1815
    ],
    [
      3700,
      1,
      0.01051,
      0.003277,
      0.1815
    ],
    [
      3800,
      1,
      0.010327,
      0.003201,
      0.1815
    ],
    [
      3900,
      1,
      0.010152,
      0.003129,
      0.1815
    ],
    [
      4000,
      1,
      0.009984,
      0.00306,
      0.1815
    ],
    [
      4100,
      1,
      0.009823,
      0.002995,
      0.1815
    ],
    [
      4200,
      1,
      0.00967,
      0.002932,
      0.1815
    ],
    [
      4300,
      1,
      0.009522,
      0.002872,
      0.1815
    ],
    [
      4400,
      1,
      0.00938,
      0.002815,
      0.1815
    ],
    [
      4500,
      1,
      0.009244,
      0.00276,
      0.1815
    ],
    [
      4600,
      1,
      0.009113,
      0.002707,
      0.1815
    ],
    [
      4700,
      1,
      0.008987,
      0.002657,
      0.1815
    ],
    [
      4800,
      1,
      0.008865,
      0.002608,
      0.1815
    ],
    [
      4900,
      1,
      0.008748,
      0.002561,
      0.1815
    ],
    [
      5000,
      1,
      0.008635,
      0.002516,
      0.1815
    ],
    [
      5100,
      1,
      0.008526,
      0.002473,
      0.1815
    ],
    [
      5200,
      1,
      0.00842,
      0.002431,
      0.1815
    ],
    [
      5300,
      1,
      0.008318,
      0.00239,
      0.1815
    ],
    [
      5400,
      1,
      0.00822,
      0.002352,
      0.1815
    ],
    [
      5500,
      1,
      0.008125,
      0.002314,
      0.1815
    ],
    [
      5600,
      1,
      0.008032,
      0.002278,
      0.1815
    ],
    [
      5700,
      1,
      0.007943,
      0.002243,
      0.1815
    ],
    [
      5800,
      1,
      0.007856,
      0.002209,
      0.1815
    ],
    [
      5900,
      1,
      0.007772,
      0.002176,
      0.1815
    ],
    [
      6000,
      1,
      0.00769,
      0.002144,
      0.1815
    ],
    [
      6100,
      1,
      0.007611,
      0.002113,
      0.1815
    ],
    [
      6200,
      1,
      0.007534,
      0.002083,
      0.1815
    ],
    [
      6300,
      1,
      0.007459,
      0.002054,
      0.1815
    ],
    [
      6400,
      1,
      0.007386,
      0.002026,
      0.1815
    ],
    [
      6500,
      1,
      0.007316,
      0.001999,
      0.1815
    ],
    [
      6600,
      1,
      0.007247,
      0.001973,
      0.1815
    ],
    [
      6700,
      1,
      0.00718,
      0.001947,
      0.1815
    ],
    [
      6800,
      1,
      0.007115,
      0.001922,
      0.1815
    ],
    [
      6900,
      1,
      0.007051,
      0.001897,
      0.1815
    ],
    [
      7000,
      1,
      0.00699,
      0.001874,
      0.1815
    ],
    [
      7100,
      1,
      0.006929,
      0.001851,
      0.1815
    ],
    [
      7200,
      1,
      0.00687,
      0.001828,
      0.1815
    ],
    [
      7300,
      1,
      0.006813,
      0.001807,
      0.1815
    ],
    [
      7400,
      1,
      0.006757,
      0.001785,
      0.1815
    ],
    [
      7500,
      1,
      0.006703,
      0.001765,
      0.1815
    ],
    [
      7600,
      1,
      0.006649,
      0.001745,
      0.1815
    ],
    [
      7700,
      1,
      0.006597,
      0.001725,
      0.1815
    ],
    [
      7800,
      1,
      0.006547,
      0.001706,
      0.1815
    ],
    [
      7900,
      1,
      0.006497,
      0.001687,
      0.1815
    ],
    [
      8000,
      1,
      0.006448,
      0.001669,
      0.1815
    ],
    [
      8100,
      1,
      0.006401,
      0.001651,
      0.1815
    ],
    [
      8200,
      1,
      0.006355,
      0.001634,
      0.1815
    ],
    [
      8300,
      1,
      0.006309,
      0.001617,
      0.1815
    ],
    [
      8400,
      1,
      0.006265,
      0.0016,
      0.1815
    ],
    [
      8500,
      1,
      0.006221,
      0.001584,
      0.1815
    ],
    [
      8600,
      1,
      0.006179,
      0.001568,
      0.1815
    ],
    [
      8700,
      1,
      0.006137,
      0.001553,
      0.1815
    ],
    [
      8800,
      1,
      0.006096,
      0.001537,
      0.1815
    ],
    [
      8900,
      1,
      0.006056,
      0.001523,
      0.1815
    ],
    [
      9000,
      1,
      0.006017,
      0.001508,
      0.1815
    ],
    [
      9100,
      1,
      0.005979,
      0.001494,
      0.1815
    ],
    [
      9200,
      1,
      0.005941,
      0.00148,
      0.1815
    ],
    [
      9300,
      1,
      0.005905,
      0.001466,
      0.1815
    ],
    [
      9400,
      1,
      0.005868,
      0.001453,
      0.1815
    ],
    [
      9500,
      1,
      0.005833,
      0.00144,
      0.1815
    ],
    [
      9600,
      1,
      0.005798,
      0.001427,
      0.1815
    ],
    [
      9700,
      1,
      0.005764,
      0.001415,
      0.1815
    ],
    [
      9800,
      1,
      0.005731,
      0.001403,
      0.1815
    ],
    [
      9900,
      1,
      0.005698,
