{
  "game": "vc33",
  "condition": "lv",
  "draw": 5,
  "seed": 500,
  "use_lv": true,
  "mean_cycle_distinct": 1.05,
  "mean_max_activation": 0.013561,
  "lv_stats": [
    [
      0,
      1,
      0.099681,
      0.050174,
      0.296
    ],
    [
      100,
      6,
      0.082745,
      0.038559,
      0.296
    ],
    [
      200,
      1,
      0.068491,
      0.031305,
      0.296
    ],
    [
      300,
      1,
      0.058281,
      0.026347,
      0.296
    ],
    [
      400,
      1,
      0.0507,
      0.022746,
      0.296
    ],
    [
      500,
      1,
      0.044865,
      0.02001,
      0.296
    ],
    [
      600,
      1,
      0.040238,
      0.017863,
      0.296
    ],
    [
      700,
      1,
      0.036481,
      0.016131,
      0.296
    ],
    [
      800,
      1,
      0.03337,
      0.014706,
      0.296
    ],
    [
      900,
      1,
      0.030752,
      0.013512,
      0.296
    ],
    [
      1000,
      1,
      0.028517,
      0.012497,
      0.296
    ],
    [
      1100,
      1,
      0.026587,
      0.011625,
      0.296
    ],
    [
      1200,
      1,
      0.024904,
      0.010866,
      0.296
    ],
    [
      1300,
      1,
      0.023423,
      0.0102,
      0.296
    ],
    [
      1400,
      1,
      0.022109,
      0.009611,
      0.296
    ],
    [
      1500,
      1,
      0.020936,
      0.009086,
      0.296
    ],
    [
      1600,
      1,
      0.019882,
      0.008616,
      0.296
    ],
    [
      1700,
      1,
      0.01893,
      0.008192,
      0.296
    ],
    [
      1800,
      1,
      0.018066,
      0.007808,
      0.296
    ],
    [
      1900,
      1,
      0.017278,
      0.007458,
      0.296
    ],
    [
      2000,
      1,
      0.016556,
      0.007138,
      0.296
    ],
    [
      2100,
      1,
      0.015892,
      0.006844,
      0.296
    ],
    [
      2200,
      1,
      0.01528,
      0.006574,
      0.296
    ],
    [
      2300,
      1,
      0.014714,
      0.006324,
      0.296
    ],
    [
      2400,
      1,
      0.014188,
      0.006093,
      0.296
    ],
    [
      2500,
      1,
      0.013699,
      0.005878,
      0.296
    ],
    [
      2600,
      1,
      0.013243,
      0.005677,
      0.296
    ],
    [
      2700,
      1,
      0.012816,
      0.00549,
      0.296
    ],
    [
      2800,
      1,
      0.012416,
      0.005314,
      0.296
    ],
    [
      2900,
      1,
      0.012041,
      0.00515,
      0.296
    ],
    [
      3000,
      1,
      0.011688,
      0.004995,
      0.296
    ],
    [
      3100,
      1,
      0.011355,
      0.00485,
      0.296
    ],
    [
      3200,
      1,
      0.01104,
      0.004712,
      0.296
    ],
    [
      3300,
      1,
      0.010743,
      0.004583,
      0.296
    ],
    [
      3400,
      1,
      0.010461,
      0.00446,
      0.296
    ],
    [
      3500,
      1,
      0.010193,
      0.004343,
      0.296
    ],
    [
      3600,
      1,
      0.009939,
      0.004233,
      0.296
    ],
    [
      3700,
      1,
      0.009698,
      0.004128,
      0.296
    ],
    [
      3800,
      1,
      0.009468,
      0.004028,
      0.296
    ],
    [
      3900,
      1,
      0.009248,
      0.003933,
      0.296
    ],
    [
      4000,
      1,
      0.009039,
      0.003842,
      0.296
    ],
    [
      4100,
      1,
      0.008839,
      0.003755,
      0.296
    ],
    [
      4200,
      1,
      0.008648,
      0.003672,
      0.296
    ],
    [
      4300,
      1,
      0.008464,
      0.003593,
      0.296
    ],
    [
      4400,
      1,
      0.008289,
      0.003517,
      0.296
    ],
    [
      4500,
      1,
      0.00812,
      0.003444,
      0.296
    ],
    [
      4600,
      1,
      0.007958,
      0.003374,
      0.296
    ],
    [
      4700,
      1,
      0.007803,
      0.003307,
      0.296
    ],
    [
      4800,
      1,
      0.007654,
      0.003243,
      0.296
    ],
    [
      4900,
      1,
      0.00751,
      0.003181,
      0.296
    ],
    [
      5000,
      1,
      0.007371,
      0.003121,
      0.296
    ],
    [
      5100,
      1,
      0.007238,
      0.003064,
      0.296
    ],
    [
      5200,
      1,
      0.007109,
      0.003008,
      0.296
    ],
    [
      5300,
      1,
      0.006984,
      0.002955,
      0.296
    ],
    [
      5400,
      1,
      0.006864,
      0.002903,
      0.296
    ],
    [
      5500,
      1,
      0.006748,
      0.002853,
      0.296
    ],
    [
      5600,
      1,
      0.006636,
      0.002805,
      0.296
    ],
    [
      5700,
      1,
      0.006528,
      0.002759,
      0.296
    ],
    [
      5800,
      1,
      0.006423,
      0.002714,
      0.296
    ],
    [
      5900,
      1,
      0.006321,
      0.00267,
      0.296
    ],
    [
      6000,
      1,
      0.006223,
      0.002628,
      0.296
    ],
    [
      6100,
      1,
      0.006127,
      0.002587,
      0.296
    ],
    [
      6200,
      1,
      0.006035,
      0.002547,
      0.296
    ],
    [
      6300,
      1,
      0.005945,
      0.002509,
      0.296
    ],
    [
      6400,
      1,
      0.005858,
      0.002472,
      0.296
    ],
    [
      6500,
      1,
      0.005773,
      0.002435,
      0.296
    ],
    [
      6600,
      1,
      0.005691,
      0.0024,
      0.296
    ],
    [
      6700,
      1,
      0.005611,
      0.002366,
      0.296
    ],
    [
      6800,
      1,
      0.005533,
      0.002333,
      0.296
    ],
    [
      6900,
      1,
      0.005457,
      0.002301,
      0.296
    ],
    [
      7000,
      1,
      0.005384,
      0.002269,
      0.296
    ],
    [
      7100,
      1,
      0.005312,
      0.002239,
      0.296
    ],
    [
      7200,
      1,
      0.005242,
      0.002209,
      0.296
    ],
    [
      7300,
      1,
      0.005174,
      0.00218,
      0.296
    ],
    [
      7400,
      1,
      0.005108,
      0.002152,
      0.296
    ],
    [
      7500,
      1,
      0.005043,
      0.002124,
      0.296
    ],
    [
      7600,
      1,
      0.00498,
      0.002097,
      0.296
    ],
    [
      7700,
      1,
      0.004919,
      0.002071,
      0.296
    ],
    [
      7800,
      1,
      0.004859,
      0.002046,
      0.296
    ],
    [
      7900,
      1,
      0.0048,
      0.002021,
      0.296
    ],
    [
      8000,
      1,
      0.004743,
      0.001996,
      0.296
    ],
    [
      8100,
      1,
      0.004687,
      0.001973,
      0.296
    ],
    [
      8200,
      1,
      0.004633,
      0.00195,
      0.296
    ],
    [
      8300,
      1,
      0.00458,
      0.001927,
      0.296
    ],
    [
      8400,
      1,
      0.004528,
      0.001905,
      0.296
    ],
    [
      8500,
      1,
      0.004477,
      0.001883,
      0.296
    ],
    [
      8600,
      1,
      0.004427,
      0.001862,
      0.296
    ],
    [
      8700,
      1,
      0.004378,
      0.001842,
      0.296
    ],
    [
      8800,
      1,
      0.004331,
      0.001821,
      0.296
    ],
    [
      8900,
      1,
      0.004284,
      0.001802,
      0.296
    ],
    [
      9000,
      1,
      0.004238,
      0.001782,
      0.296
    ],
    [
      9100,
      1,
      0.004194,
      0.001763,
      0.296
    ],
    [
      9200,
      1,
      0.00415,
      0.001745,
      0.296
    ],
    [
      9300,
      1,
      0.004107,
      0.001727,
      0.296
    ],
    [
      9400,
      1,
      0.004065,
      0.001709,
      0.296
    ],
    [
      9500,
      1,
      0.004024,
      0.001691,
      0.296
    ],
    [
      9600,
      1,
      0.003984,
      0.001674,
      0.296
    ],
    [
      9700,
      1,
      0.003944,
      0.001658,
      0.296
    ],
    [
      9800,
      1,
      0.003905,
      0.001641,
      0.296
    ],
    [
      9900,
      1,
      0.003867,
      0.001625,
      0.296
    ]
  ],
  "steps_taken": 10000,
  "elapsed_seconds": 6.05,