{
  "game": "vc33",
  "condition": "lv",
  "draw": 1,
  "seed": 100,
  "use_lv": true,
  "mean_cycle_distinct": 1.02,
  "mean_max_activation": 0.014559,
  "lv_stats": [
    [
      0,
      1,
      0.099635,
      0.049535,
      0.2836
    ],
    [
      100,
      3,
      0.086806,
      0.037726,
      0.2836
    ],
    [
      200,
      1,
      0.0724,
      0.030476,
      0.2836
    ],
    [
      300,
      1,
      0.061857,
      0.025564,
      0.2836
    ],
    [
      400,
      1,
      0.053963,
      0.022016,
      0.2836
    ],
    [
      500,
      1,
      0.047858,
      0.019333,
      0.2836
    ],
    [
      600,
      1,
      0.043003,
      0.017233,
      0.2836
    ],
    [
      700,
      1,
      0.039051,
      0.015545,
      0.2836
    ],
    [
      800,
      1,
      0.035772,
      0.014158,
      0.2836
    ],
    [
      900,
      1,
      0.033007,
      0.012998,
      0.2836
    ],
    [
      1000,
      1,
      0.030644,
      0.012014,
      0.2836
    ],
    [
      1100,
      1,
      0.028602,
      0.011169,
      0.2836
    ],
    [
      1200,
      1,
      0.026818,
      0.010435,
      0.2836
    ],
    [
      1300,
      1,
      0.025246,
      0.009791,
      0.2836
    ],
    [
      1400,
      1,
      0.023851,
      0.009222,
      0.2836
    ],
    [
      1500,
      1,
      0.022605,
      0.008716,
      0.2836
    ],
    [
      1600,
      1,
      0.021483,
      0.008262,
      0.2836
    ],
    [
      1700,
      1,
      0.020469,
      0.007853,
      0.2836
    ],
    [
      1800,
      1,
      0.019548,
      0.007483,
      0.2836
    ],
    [
      1900,
      1,
      0.018707,
      0.007146,
      0.2836
    ],
    [
      2000,
      1,
      0.017937,
      0.006838,
      0.2836
    ],
    [
      2100,
      1,
      0.017228,
      0.006555,
      0.2836
    ],
    [
      2200,
      1,
      0.016574,
      0.006295,
      0.2836
    ],
    [
      2300,
      1,
      0.015968,
      0.006055,
      0.2836
    ],
    [
      2400,
      1,
      0.015405,
      0.005833,
      0.2836
    ],
    [
      2500,
      1,
      0.014882,
      0.005626,
      0.2836
    ],
    [
      2600,
      1,
      0.014393,
      0.005433,
      0.2836
    ],
    [
      2700,
      1,
      0.013935,
      0.005253,
      0.2836
    ],
    [
      2800,
      1,
      0.013506,
      0.005085,
      0.2836
    ],
    [
      2900,
      1,
      0.013103,
      0.004927,
      0.2836
    ],
    [
      3000,
      1,
      0.012723,
      0.004779,
      0.2836
    ],
    [
      3100,
      1,
      0.012365,
      0.004639,
      0.2836
    ],
    [
      3200,
      1,
      0.012027,
      0.004507,
      0.2836
    ],
    [
      3300,
      1,
      0.011707,
      0.004383,
      0.2836
    ],
    [
      3400,
      1,
      0.011404,
      0.004265,
      0.2836
    ],
    [
      3500,
      1,
      0.011116,
      0.004153,
      0.2836
    ],
    [
      3600,
      1,
      0.010842,
      0.004047,
      0.2836
    ],
    [
      3700,
      1,
      0.010582,
      0.003947,
      0.2836
    ],
    [
      3800,
      1,
      0.010334,
      0.003851,
      0.2836
    ],
    [
      3900,
      1,
      0.010097,
      0.003759,
      0.2836
    ],
    [
      4000,
      1,
      0.009871,
      0.003672,
      0.2836
    ],
    [
      4100,
      1,
      0.009655,
      0.003589,
      0.2836
    ],
    [
      4200,
      1,
      0.009449,
      0.00351,
      0.2836
    ],
    [
      4300,
      1,
      0.009251,
      0.003434,
      0.2836
    ],
    [
      4400,
      1,
      0.009061,
      0.003361,
      0.2836
    ],
    [
      4500,
      1,
      0.008879,
      0.003291,
      0.2836
    ],
    [
      4600,
      1,
      0.008704,
      0.003224,
      0.2836
    ],
    [
      4700,
      1,
      0.008535,
      0.00316,
      0.2836
    ],
    [
      4800,
      1,
      0.008374,
      0.003098,
      0.2836
    ],
    [
      4900,
      1,
      0.008218,
      0.003039,
      0.2836
    ],
    [
      5000,
      1,
      0.008068,
      0.002982,
      0.2836
    ],
    [
      5100,
      1,
      0.007923,
      0.002927,
      0.2836
    ],
    [
      5200,
      1,
      0.007784,
      0.002874,
      0.2836
    ],
    [
      5300,
      1,
      0.007649,
      0.002823,
      0.2836
    ],
    [
      5400,
      1,
      0.007519,
      0.002773,
      0.2836
    ],
    [
      5500,
      1,
      0.007393,
      0.002726,
      0.2836
    ],
    [
      5600,
      1,
      0.007271,
      0.002679,
      0.2836
    ],
    [
      5700,
      1,
      0.007154,
      0.002635,
      0.2836
    ],
    [
      5800,
      1,
      0.00704,
      0.002592,
      0.2836
    ],
    [
      5900,
      1,
      0.006929,
      0.00255,
      0.2836
    ],
    [
      6000,
      1,
      0.006822,
      0.00251,
      0.2836
    ],
    [
      6100,
      1,
      0.006719,
      0.002471,
      0.2836
    ],
    [
      6200,
      1,
      0.006618,
      0.002433,
      0.2836
    ],
    [
      6300,
      1,
      0.00652,
      0.002396,
      0.2836
    ],
    [
      6400,
      1,
      0.006425,
      0.00236,
      0.2836
    ],
    [
      6500,
      1,
      0.006333,
      0.002326,
      0.2836
    ],
    [
      6600,
      1,
      0.006244,
      0.002292,
      0.2836
    ],
    [
      6700,
      1,
      0.006157,
      0.002259,
      0.2836
    ],
    [
      6800,
      1,
      0.006072,
      0.002228,
      0.2836
    ],
    [
      6900,
      1,
      0.00599,
      0.002197,
      0.2836
    ],
    [
      7000,
      1,
      0.00591,
      0.002167,
      0.2836
    ],
    [
      7100,
      1,
      0.005831,
      0.002137,
      0.2836
    ],
    [
      7200,
      1,
      0.005755,
      0.002109,
      0.2836
    ],
    [
      7300,
      1,
      0.005681,
      0.002081,
      0.2836
    ],
    [
      7400,
      1,
      0.005609,
      0.002054,
      0.2836
    ],
    [
      7500,
      1,
      0.005539,
      0.002028,
      0.2836
    ],
    [
      7600,
      1,
      0.00547,
      0.002002,
      0.2836
    ],
    [
      7700,
      1,
      0.005403,
      0.001977,
      0.2836
    ],
    [
      7800,
      1,
      0.005337,
      0.001953,
      0.2836
    ],
    [
      7900,
      1,
      0.005274,
      0.001929,
      0.2836
    ],
    [
      8000,
      1,
      0.005211,
      0.001906,
      0.2836
    ],
    [
      8100,
      1,
      0.00515,
      0.001883,
      0.2836
    ],
    [
      8200,
      1,
      0.005091,
      0.001861,
      0.2836
    ],
    [
      8300,
      1,
      0.005033,
      0.001839,
      0.2836
    ],
    [
      8400,
      1,
      0.004976,
      0.001818,
      0.2836
    ],
    [
      8500,
      1,
      0.00492,
      0.001798,
      0.2836
    ],
    [
      8600,
      1,
      0.004866,
      0.001778,
      0.2836
    ],
    [
      8700,
      1,
      0.004812,
      0.001758,
      0.2836
    ],
    [
      8800,
      1,
      0.00476,
      0.001738,
      0.2836
    ],
    [
      8900,
      1,
      0.004709,
      0.00172,
      0.2836
    ],
    [
      9000,
      1,
      0.004659,
      0.001701,
      0.2836
    ],
    [
      9100,
      1,
      0.00461,
      0.001683,
      0.2836
    ],
    [
      9200,
      1,
      0.004563,
      0.001665,
      0.2836
    ],
    [
      9300,
      1,
      0.004516,
      0.001648,
      0.2836
    ],
    [
      9400,
      1,
      0.00447,
      0.001631,
      0.2836
    ],
    [
      9500,
      1,
      0.004425,
      0.001614,
      0.2836
    ],
    [
      9600,
      1,
      0.00438,
      0.001598,
      0.2836
    ],
    [
      9700,
      1,
      0.004337,
      0.001582,
      0.2836
    ],
    [
      9800,
      1,
      0.004295,
      0.001566,
      0.2836
    ],
    [
      9900,
      1,
