{
  "game": "vc33",
  "condition": "lv",
  "draw": 4,
  "seed": 400,
  "use_lv": true,
  "mean_cycle_distinct": 1.3,
  "mean_max_activation": 0.008107,
  "lv_stats": [
    [
      0,
      1,
      0.099346,
      0.049634,
      0.2685
    ],
    [
      100,
      4,
      0.066322,
      0.030598,
      0.2685
    ],
    [
      200,
      3,
      0.048745,
      0.022135,
      0.2685
    ],
    [
      300,
      3,
      0.038577,
      0.017342,
      0.2685
    ],
    [
      400,
      2,
      0.031953,
      0.014257,
      0.2685
    ],
    [
      500,
      2,
      0.027286,
      0.012105,
      0.2685
    ],
    [
      600,
      2,
      0.02382,
      0.010517,
      0.2685
    ],
    [
      700,
      2,
      0.021143,
      0.009298,
      0.2685
    ],
    [
      800,
      2,
      0.019013,
      0.008332,
      0.2685
    ],
    [
      900,
      2,
      0.017277,
      0.007548,
      0.2685
    ],
    [
      1000,
      2,
      0.015834,
      0.006899,
      0.2685
    ],
    [
      1100,
      2,
      0.014616,
      0.006353,
      0.2685
    ],
    [
      1200,
      2,
      0.013573,
      0.005887,
      0.2685
    ],
    [
      1300,
      2,
      0.012671,
      0.005485,
      0.2685
    ],
    [
      1400,
      2,
      0.011883,
      0.005134,
      0.2685
    ],
    [
      1500,
      2,
      0.011187,
      0.004825,
      0.2685
    ],
    [
      1600,
      2,
      0.010569,
      0.004551,
      0.2685
    ],
    [
      1700,
      2,
      0.010017,
      0.004307,
      0.2685
    ],
    [
      1800,
      2,
      0.00952,
      0.004088,
      0.2685
    ],
    [
      1900,
      2,
      0.00907,
      0.00389,
      0.2685
    ],
    [
      2000,
      2,
      0.008662,
      0.00371,
      0.2685
    ],
    [
      2100,
      2,
      0.008288,
      0.003546,
      0.2685
    ],
    [
      2200,
      2,
      0.007946,
      0.003396,
      0.2685
    ],
    [
      2300,
      2,
      0.007632,
      0.003258,
      0.2685
    ],
    [
      2400,
      2,
      0.007341,
      0.003131,
      0.2685
    ],
    [
      2500,
      2,
      0.007072,
      0.003013,
      0.2685
    ],
    [
      2600,
      2,
      0.006822,
      0.002904,
      0.2685
    ],
    [
      2700,
      1,
      0.00659,
      0.002803,
      0.2685
    ],
    [
      2800,
      1,
      0.006373,
      0.002708,
      0.2685
    ],
    [
      2900,
      1,
      0.006169,
      0.00262,
      0.2685
    ],
    [
      3000,
      1,
      0.005979,
      0.002537,
      0.2685
    ],
    [
      3100,
      1,
      0.0058,
      0.002459,
      0.2685
    ],
    [
      3200,
      1,
      0.005631,
      0.002386,
      0.2685
    ],
    [
      3300,
      1,
      0.005472,
      0.002317,
      0.2685
    ],
    [
      3400,
      1,
      0.005322,
      0.002252,
      0.2685
    ],
    [
      3500,
      1,
      0.00518,
      0.002191,
      0.2685
    ],
    [
      3600,
      1,
      0.005045,
      0.002133,
      0.2685
    ],
    [
      3700,
      1,
      0.004918,
      0.002077,
      0.2685
    ],
    [
      3800,
      1,
      0.004796,
      0.002025,
      0.2685
    ],
    [
      3900,
      1,
      0.004681,
      0.001975,
      0.2685
    ],
    [
      4000,
      1,
      0.004571,
      0.001928,
      0.2685
    ],
    [
      4100,
      1,
      0.004466,
      0.001882,
      0.2685
    ],
    [
      4200,
      1,
      0.004366,
      0.001839,
      0.2685
    ],
    [
      4300,
      1,
      0.00427,
      0.001798,
      0.2685
    ],
    [
      4400,
      1,
      0.004178,
      0.001759,
      0.2685
    ],
    [
      4500,
      1,
      0.00409,
      0.001721,
      0.2685
    ],
    [
      4600,
      1,
      0.004006,
      0.001685,
      0.2685
    ],
    [
      4700,
      1,
      0.003925,
      0.00165,
      0.2685
    ],
    [
      4800,
      1,
      0.003848,
      0.001617,
      0.2685
    ],
    [
      4900,
      1,
      0.003773,
      0.001585,
      0.2685
    ],
    [
      5000,
      1,
      0.003702,
      0.001554,
      0.2685
    ],
    [
      5100,
      1,
      0.003633,
      0.001525,
      0.2685
    ],
    [
      5200,
      1,
      0.003566,
      0.001496,
      0.2685
    ],
    [
      5300,
      1,
      0.003502,
      0.001469,
      0.2685
    ],
    [
      5400,
      1,
      0.00344,
      0.001442,
      0.2685
    ],
    [
      5500,
      1,
      0.003381,
      0.001417,
      0.2685
    ],
    [
      5600,
      1,
      0.003323,
      0.001392,
      0.2685
    ],
    [
      5700,
      1,
      0.003267,
      0.001369,
      0.2685
    ],
    [
      5800,
      1,
      0.003214,
      0.001346,
      0.2685
    ],
    [
      5900,
      1,
      0.003162,
      0.001323,
      0.2685
    ],
    [
      6000,
      1,
      0.003111,
      0.001302,
      0.2685
    ],
    [
      6100,
      1,
      0.003062,
      0.001281,
      0.2685
    ],
    [
      6200,
      1,
      0.003015,
      0.001261,
      0.2685
    ],
    [
      6300,
      1,
      0.002969,
      0.001241,
      0.2685
    ],
    [
      6400,
      1,
      0.002925,
      0.001223,
      0.2685
    ],
    [
      6500,
      1,
      0.002882,
      0.001204,
      0.2685
    ],
    [
      6600,
      1,
      0.00284,
      0.001186,
      0.2685
    ],
    [
      6700,
      1,
      0.002799,
      0.001169,
      0.2685
    ],
    [
      6800,
      1,
      0.002759,
      0.001152,
      0.2685
    ],
    [
      6900,
      1,
      0.002721,
      0.001136,
      0.2685
    ],
    [
      7000,
      1,
      0.002684,
      0.00112,
      0.2685
    ],
    [
      7100,
      1,
      0.002647,
      0.001105,
      0.2685
    ],
    [
      7200,
      1,
      0.002612,
      0.00109,
      0.2685
    ],
    [
      7300,
      1,
      0.002577,
      0.001075,
      0.2685
    ],
    [
      7400,
      1,
      0.002544,
      0.001061,
      0.2685
    ],
    [
      7500,
      1,
      0.002511,
      0.001047,
      0.2685
    ],
    [
      7600,
      1,
      0.002479,
      0.001033,
      0.2685
    ],
    [
      7700,
      1,
      0.002448,
      0.00102,
      0.2685
    ],
    [
      7800,
      1,
      0.002418,
      0.001008,
      0.2685
    ],
    [
      7900,
      1,
      0.002388,
      0.000995,
      0.2685
    ],
    [
      8000,
      1,
      0.002359,
      0.000983,
      0.2685
    ],
    [
      8100,
      1,
      0.002331,
      0.000971,
      0.2685
    ],
    [
      8200,
      1,
      0.002304,
      0.000959,
      0.2685
    ],
    [
      8300,
      1,
      0.002277,
      0.000948,
      0.2685
    ],
    [
      8400,
      1,
      0.002251,
      0.000937,
      0.2685
    ],
    [
      8500,
      1,
      0.002225,
      0.000926,
      0.2685
    ],
    [
      8600,
      1,
      0.0022,
      0.000915,
      0.2685
    ],
    [
      8700,
      1,
      0.002176,
      0.000905,
      0.2685
    ],
    [
      8800,
      1,
      0.002152,
      0.000895,
      0.2685
    ],
    [
      8900,
      1,
      0.002128,
      0.000885,
      0.2685
    ],
    [
      9000,
      1,
      0.002105,
      0.000875,
      0.2685
    ],
    [
      9100,
      1,
      0.002083,
      0.000866,
      0.2685
    ],
    [
      9200,
      1,
      0.002061,
      0.000857,
      0.2685
    ],
    [
      9300,
      1,
      0.002039,
      0.000848,
      0.2685
    ],
    [
      9400,
      1,
      0.002018,
      0.000839,
      0.2685
    ],
    [
      9500,
      1,
      0.001998,
      0.00083,
      0.2685
    ],
    [
      9600,
      1,
      0.001977,
      0.000822,
      0.2685
    ],
    [
      9700,
      1,
      0.001957,
      0.000813,
      0.2685
    ],
    [
      9800,
      1,
      0.001938,
      0.000805,
      0.2685
    ],
    [
      9900,
      1,
      0.001919,
