{
  "game": "vc33",
  "condition": "lv",
  "draw": 2,
  "seed": 200,
  "use_lv": true,
  "mean_cycle_distinct": 1.05,
  "mean_max_activation": 0.009115,
  "lv_stats": [
    [
      0,
      1,
      0.099446,
      0.049712,
      0.2673
    ],
    [
      100,
      6,
      0.070561,
      0.032379,
      0.2673
    ],
    [
      200,
      1,
      0.053353,
      0.024017,
      0.2673
    ],
    [
      300,
      1,
      0.042883,
      0.01909,
      0.2673
    ],
    [
      400,
      1,
      0.035867,
      0.015842,
      0.2673
    ],
    [
      500,
      1,
      0.030838,
      0.013539,
      0.2673
    ],
    [
      600,
      1,
      0.027057,
      0.01182,
      0.2673
    ],
    [
      700,
      1,
      0.02411,
      0.010489,
      0.2673
    ],
    [
      800,
      1,
      0.021747,
      0.009428,
      0.2673
    ],
    [
      900,
      1,
      0.01981,
      0.008562,
      0.2673
    ],
    [
      1000,
      1,
      0.018193,
      0.007841,
      0.2673
    ],
    [
      1100,
      1,
      0.016823,
      0.007233,
      0.2673
    ],
    [
      1200,
      1,
      0.015647,
      0.006712,
      0.2673
    ],
    [
      1300,
      1,
      0.014626,
      0.006261,
      0.2673
    ],
    [
      1400,
      1,
      0.013731,
      0.005867,
      0.2673
    ],
    [
      1500,
      1,
      0.01294,
      0.005519,
      0.2673
    ],
    [
      1600,
      1,
      0.012237,
      0.005211,
      0.2673
    ],
    [
      1700,
      1,
      0.011607,
      0.004935,
      0.2673
    ],
    [
      1800,
      1,
      0.011039,
      0.004687,
      0.2673
    ],
    [
      1900,
      1,
      0.010524,
      0.004462,
      0.2673
    ],
    [
      2000,
      1,
      0.010056,
      0.004258,
      0.2673
    ],
    [
      2100,
      1,
      0.009628,
      0.004072,
      0.2673
    ],
    [
      2200,
      1,
      0.009235,
      0.003902,
      0.2673
    ],
    [
      2300,
      1,
      0.008874,
      0.003745,
      0.2673
    ],
    [
      2400,
      1,
      0.00854,
      0.0036,
      0.2673
    ],
    [
      2500,
      1,
      0.00823,
      0.003466,
      0.2673
    ],
    [
      2600,
      1,
      0.007942,
      0.003342,
      0.2673
    ],
    [
      2700,
      1,
      0.007674,
      0.003226,
      0.2673
    ],
    [
      2800,
      1,
      0.007423,
      0.003118,
      0.2673
    ],
    [
      2900,
      1,
      0.007189,
      0.003017,
      0.2673
    ],
    [
      3000,
      1,
      0.006969,
      0.002923,
      0.2673
    ],
    [
      3100,
      1,
      0.006762,
      0.002834,
      0.2673
    ],
    [
      3200,
      1,
      0.006567,
      0.00275,
      0.2673
    ],
    [
      3300,
      1,
      0.006383,
      0.002671,
      0.2673
    ],
    [
      3400,
      1,
      0.006209,
      0.002597,
      0.2673
    ],
    [
      3500,
      1,
      0.006045,
      0.002527,
      0.2673
    ],
    [
      3600,
      1,
      0.005889,
      0.00246,
      0.2673
    ],
    [
      3700,
      1,
      0.005741,
      0.002397,
      0.2673
    ],
    [
      3800,
      1,
      0.0056,
      0.002337,
      0.2673
    ],
    [
      3900,
      1,
      0.005466,
      0.002279,
      0.2673
    ],
    [
      4000,
      1,
      0.005338,
      0.002225,
      0.2673
    ],
    [
      4100,
      1,
      0.005217,
      0.002173,
      0.2673
    ],
    [
      4200,
      1,
      0.0051,
      0.002124,
      0.2673
    ],
    [
      4300,
      1,
      0.004989,
      0.002076,
      0.2673
    ],
    [
      4400,
      1,
      0.004883,
      0.002031,
      0.2673
    ],
    [
      4500,
      1,
      0.004781,
      0.001988,
      0.2673
    ],
    [
      4600,
      1,
      0.004683,
      0.001946,
      0.2673
    ],
    [
      4700,
      1,
      0.004589,
      0.001906,
      0.2673
    ],
    [
      4800,
      1,
      0.004499,
      0.001868,
      0.2673
    ],
    [
      4900,
      1,
      0.004412,
      0.001831,
      0.2673
    ],
    [
      5000,
      1,
      0.004329,
      0.001796,
      0.2673
    ],
    [
      5100,
      1,
      0.004249,
      0.001762,
      0.2673
    ],
    [
      5200,
      1,
      0.004171,
      0.001729,
      0.2673
    ],
    [
      5300,
      1,
      0.004097,
      0.001698,
      0.2673
    ],
    [
      5400,
      1,
      0.004025,
      0.001667,
      0.2673
    ],
    [
      5500,
      1,
      0.003955,
      0.001638,
      0.2673
    ],
    [
      5600,
      1,
      0.003888,
      0.00161,
      0.2673
    ],
    [
      5700,
      1,
      0.003823,
      0.001582,
      0.2673
    ],
    [
      5800,
      1,
      0.003761,
      0.001556,
      0.2673
    ],
    [
      5900,
      1,
      0.0037,
      0.00153,
      0.2673
    ],
    [
      6000,
      1,
      0.003641,
      0.001506,
      0.2673
    ],
    [
      6100,
      1,
      0.003585,
      0.001482,
      0.2673
    ],
    [
      6200,
      1,
      0.003529,
      0.001459,
      0.2673
    ],
    [
      6300,
      1,
      0.003476,
      0.001436,
      0.2673
    ],
    [
      6400,
      1,
      0.003424,
      0.001414,
      0.2673
    ],
    [
      6500,
      1,
      0.003374,
      0.001393,
      0.2673
    ],
    [
      6600,
      1,
      0.003325,
      0.001373,
      0.2673
    ],
    [
      6700,
      1,
      0.003277,
      0.001353,
      0.2673
    ],
    [
      6800,
      1,
      0.003231,
      0.001333,
      0.2673
    ],
    [
      6900,
      1,
      0.003186,
      0.001314,
      0.2673
    ],
    [
      7000,
      1,
      0.003143,
      0.001296,
      0.2673
    ],
    [
      7100,
      1,
      0.0031,
      0.001278,
      0.2673
    ],
    [
      7200,
      1,
      0.003059,
      0.001261,
      0.2673
    ],
    [
      7300,
      1,
      0.003019,
      0.001244,
      0.2673
    ],
    [
      7400,
      1,
      0.00298,
      0.001228,
      0.2673
    ],
    [
      7500,
      1,
      0.002942,
      0.001212,
      0.2673
    ],
    [
      7600,
      1,
      0.002904,
      0.001196,
      0.2673
    ],
    [
      7700,
      1,
      0.002868,
      0.001181,
      0.2673
    ],
    [
      7800,
      1,
      0.002833,
      0.001166,
      0.2673
    ],
    [
      7900,
      1,
      0.002798,
      0.001152,
      0.2673
    ],
    [
      8000,
      1,
      0.002764,
      0.001138,
      0.2673
    ],
    [
      8100,
      1,
      0.002732,
      0.001124,
      0.2673
    ],
    [
      8200,
      1,
      0.002699,
      0.001111,
      0.2673
    ],
    [
      8300,
      1,
      0.002668,
      0.001097,
      0.2673
    ],
    [
      8400,
      1,
      0.002637,
      0.001085,
      0.2673
    ],
    [
      8500,
      1,
      0.002607,
      0.001072,
      0.2673
    ],
    [
      8600,
      1,
      0.002578,
      0.00106,
      0.2673
    ],
    [
      8700,
      1,
      0.00255,
      0.001048,
      0.2673
    ],
    [
      8800,
      1,
      0.002522,
      0.001036,
      0.2673
    ],
    [
      8900,
      1,
      0.002494,
      0.001025,
      0.2673
    ],
    [
      9000,
      1,
      0.002467,
      0.001014,
      0.2673
    ],
    [
      9100,
      1,
      0.002441,
      0.001003,
      0.2673
    ],
    [
      9200,
      1,
      0.002415,
      0.000992,
      0.2673
    ],
    [
      9300,
      1,
      0.00239,
      0.000982,
      0.2673
    ],
    [
      9400,
      1,
      0.002366,
      0.000971,
      0.2673
    ],
    [
      9500,
      1,
      0.002341,
      0.000961,
      0.2673
    ],
    [
      9600,
      1,
      0.002318,
      0.000952,
      0.2673
    ],
    [
      9700,
      1,
      0.002295,
      0.000942,
      0.2673
    ],
    [
      9800,
      1,
      0.002272,
      0.000933,
      0.2673
    ],
    [
      9900,
      1,
      0.00225,
