{
  "game": "vc33",
  "condition": "lv",
  "draw": 3,
  "seed": 300,
  "use_lv": true,
  "mean_cycle_distinct": 1.06,
  "mean_max_activation": 0.00835,
  "lv_stats": [
    [
      0,
      1,
      0.099383,
      0.05035,
      0.2703
    ],
    [
      100,
      4,
      0.066553,
      0.031682,
      0.2703
    ],
    [
      200,
      3,
      0.049544,
      0.023126,
      0.2703
    ],
    [
      300,
      2,
      0.039472,
      0.018211,
      0.2703
    ],
    [
      400,
      1,
      0.032825,
      0.015021,
      0.2703
    ],
    [
      500,
      1,
      0.028109,
      0.012782,
      0.2703
    ],
    [
      600,
      1,
      0.024589,
      0.011125,
      0.2703
    ],
    [
      700,
      1,
      0.02186,
      0.009848,
      0.2703
    ],
    [
      800,
      1,
      0.019682,
      0.008834,
      0.2703
    ],
    [
      900,
      1,
      0.017902,
      0.00801,
      0.2703
    ],
    [
      1000,
      1,
      0.016421,
      0.007326,
      0.2703
    ],
    [
      1100,
      1,
      0.015168,
      0.00675,
      0.2703
    ],
    [
      1200,
      1,
      0.014095,
      0.006258,
      0.2703
    ],
    [
      1300,
      1,
      0.013166,
      0.005832,
      0.2703
    ],
    [
      1400,
      1,
      0.012352,
      0.005461,
      0.2703
    ],
    [
      1500,
      1,
      0.011634,
      0.005135,
      0.2703
    ],
    [
      1600,
      1,
      0.010996,
      0.004845,
      0.2703
    ],
    [
      1700,
      1,
      0.010425,
      0.004586,
      0.2703
    ],
    [
      1800,
      1,
      0.009911,
      0.004353,
      0.2703
    ],
    [
      1900,
      1,
      0.009445,
      0.004143,
      0.2703
    ],
    [
      2000,
      1,
      0.009022,
      0.003953,
      0.2703
    ],
    [
      2100,
      1,
      0.008635,
      0.003779,
      0.2703
    ],
    [
      2200,
      1,
      0.008281,
      0.003619,
      0.2703
    ],
    [
      2300,
      1,
      0.007954,
      0.003473,
      0.2703
    ],
    [
      2400,
      1,
      0.007653,
      0.003338,
      0.2703
    ],
    [
      2500,
      1,
      0.007374,
      0.003213,
      0.2703
    ],
    [
      2600,
      1,
      0.007114,
      0.003097,
      0.2703
    ],
    [
      2700,
      1,
      0.006873,
      0.002989,
      0.2703
    ],
    [
      2800,
      1,
      0.006647,
      0.002889,
      0.2703
    ],
    [
      2900,
      1,
      0.006436,
      0.002794,
      0.2703
    ],
    [
      3000,
      1,
      0.006238,
      0.002706,
      0.2703
    ],
    [
      3100,
      1,
      0.006052,
      0.002624,
      0.2703
    ],
    [
      3200,
      1,
      0.005877,
      0.002546,
      0.2703
    ],
    [
      3300,
      1,
      0.005711,
      0.002472,
      0.2703
    ],
    [
      3400,
      1,
      0.005555,
      0.002403,
      0.2703
    ],
    [
      3500,
      1,
      0.005407,
      0.002338,
      0.2703
    ],
    [
      3600,
      1,
      0.005267,
      0.002276,
      0.2703
    ],
    [
      3700,
      1,
      0.005134,
      0.002217,
      0.2703
    ],
    [
      3800,
      1,
      0.005008,
      0.002161,
      0.2703
    ],
    [
      3900,
      1,
      0.004888,
      0.002108,
      0.2703
    ],
    [
      4000,
      1,
      0.004773,
      0.002058,
      0.2703
    ],
    [
      4100,
      1,
      0.004664,
      0.002009,
      0.2703
    ],
    [
      4200,
      1,
      0.004559,
      0.001963,
      0.2703
    ],
    [
      4300,
      1,
      0.004459,
      0.001919,
      0.2703
    ],
    [
      4400,
      1,
      0.004364,
      0.001877,
      0.2703
    ],
    [
      4500,
      1,
      0.004272,
      0.001837,
      0.2703
    ],
    [
      4600,
      1,
      0.004185,
      0.001799,
      0.2703
    ],
    [
      4700,
      1,
      0.0041,
      0.001762,
      0.2703
    ],
    [
      4800,
      1,
      0.00402,
      0.001726,
      0.2703
    ],
    [
      4900,
      1,
      0.003942,
      0.001692,
      0.2703
    ],
    [
      5000,
      1,
      0.003867,
      0.00166,
      0.2703
    ],
    [
      5100,
      1,
      0.003795,
      0.001628,
      0.2703
    ],
    [
      5200,
      1,
      0.003726,
      0.001598,
      0.2703
    ],
    [
      5300,
      1,
      0.003659,
      0.001569,
      0.2703
    ],
    [
      5400,
      1,
      0.003595,
      0.00154,
      0.2703
    ],
    [
      5500,
      1,
      0.003532,
      0.001513,
      0.2703
    ],
    [
      5600,
      1,
      0.003472,
      0.001487,
      0.2703
    ],
    [
      5700,
      1,
      0.003414,
      0.001462,
      0.2703
    ],
    [
      5800,
      1,
      0.003358,
      0.001437,
      0.2703
    ],
    [
      5900,
      1,
      0.003304,
      0.001414,
      0.2703
    ],
    [
      6000,
      1,
      0.003251,
      0.001391,
      0.2703
    ],
    [
      6100,
      1,
      0.0032,
      0.001368,
      0.2703
    ],
    [
      6200,
      1,
      0.003151,
      0.001347,
      0.2703
    ],
    [
      6300,
      1,
      0.003103,
      0.001326,
      0.2703
    ],
    [
      6400,
      1,
      0.003056,
      0.001306,
      0.2703
    ],
    [
      6500,
      1,
      0.003011,
      0.001286,
      0.2703
    ],
    [
      6600,
      1,
      0.002968,
      0.001267,
      0.2703
    ],
    [
      6700,
      1,
      0.002925,
      0.001249,
      0.2703
    ],
    [
      6800,
      1,
      0.002884,
      0.001231,
      0.2703
    ],
    [
      6900,
      1,
      0.002844,
      0.001214,
      0.2703
    ],
    [
      7000,
      1,
      0.002805,
      0.001197,
      0.2703
    ],
    [
      7100,
      1,
      0.002767,
      0.00118,
      0.2703
    ],
    [
      7200,
      1,
      0.00273,
      0.001164,
      0.2703
    ],
    [
      7300,
      1,
      0.002694,
      0.001148,
      0.2703
    ],
    [
      7400,
      1,
      0.002659,
      0.001133,
      0.2703
    ],
    [
      7500,
      1,
      0.002624,
      0.001119,
      0.2703
    ],
    [
      7600,
      1,
      0.002591,
      0.001104,
      0.2703
    ],
    [
      7700,
      1,
      0.002559,
      0.00109,
      0.2703
    ],
    [
      7800,
      1,
      0.002527,
      0.001076,
      0.2703
    ],
    [
      7900,
      1,
      0.002496,
      0.001063,
      0.2703
    ],
    [
      8000,
      1,
      0.002466,
      0.00105,
      0.2703
    ],
    [
      8100,
      1,
      0.002436,
      0.001037,
      0.2703
    ],
    [
      8200,
      1,
      0.002408,
      0.001025,
      0.2703
    ],
    [
      8300,
      1,
      0.00238,
      0.001013,
      0.2703
    ],
    [
      8400,
      1,
      0.002352,
      0.001001,
      0.2703
    ],
    [
      8500,
      1,
      0.002325,
      0.000989,
      0.2703
    ],
    [
      8600,
      1,
      0.002299,
      0.000978,
      0.2703
    ],
    [
      8700,
      1,
      0.002274,
      0.000967,
      0.2703
    ],
    [
      8800,
      1,
      0.002249,
      0.000956,
      0.2703
    ],
    [
      8900,
      1,
      0.002224,
      0.000946,
      0.2703
    ],
    [
      9000,
      1,
      0.0022,
      0.000935,
      0.2703
    ],
    [
      9100,
      1,
      0.002177,
      0.000925,
      0.2703
    ],
    [
      9200,
      1,
      0.002154,
      0.000915,
      0.2703
    ],
    [
      9300,
      1,
      0.002131,
      0.000906,
      0.2703
    ],
    [
      9400,
      1,
      0.002109,
      0.000896,
      0.2703
    ],
    [
      9500,
      1,
      0.002087,
      0.000887,
      0.2703
    ],
    [
      9600,
      1,
      0.002066,
      0.000878,
      0.2703
    ],
    [
      9700,
      1,
      0.002046,
      0.000869,
      0.2703
    ],
    [
      9800,
      1,
      0.002025,
      0.00086,
      0.2703
    ],
    [
      9900,
      1,
