{
  "step": 1364,
  "n_draws": 10,
  "draw_seeds": [
    13600,
    13601,
    13602,
    13603,
    13604,
    13605,
    13606,
    13607,
    13608,
    13609
  ],
  "rhae_per_draw": [
    0.0,
    0.001153,
    0.000129,
    0.0,
    0.0,
    0.0,
    0.0,
    5.9e-05,
    0.0,
    0.0
  ],
  "chain_mean_rhae": 0.0001341,
  "nonzero_draws": 3,
  "mlp_tp_baseline": 4.59e-05,
  "max_steps_used": 2000,
  "ms_per_step": 0.09
}