{
  "step": 1390,
  "n_draws": 50,
  "draw_seeds": [
    14330,
    14331,
    14332,
    14333,
    14334,
    14335,
    14336,
    14337,
    14338,
    14339,
    14340,
    14341,
    14342,
    14343,
    14344,
    14345,
    14346,
    14347,
    14348,
    14349,
    14350,
    14351,
    14352,
    14353,
    14354,
    14355,
    14356,
    14357,
    14358,
    14359,
    14360,
    14361,
    14362,
    14363,
    14364,
    14365,
    14366,
    14367,
    14368,
    14369,
    14370,
    14371,
    14372,
    14373,
    14374,
    14375,
    14376,
    14377,
    14378,
    14379
  ],
  "max_steps_used": 2000,
  "ms_per_step": 0.01,
  "mlp_tp_baseline": 4.59e-05,
  "diag_draws": [
    4,
    21,
    26
  ],
  "conditions": {
    "SLOT": {
      "chain_mean": 1.66e-05,
      "nz": 6,
      "rhae_list": [
        0.0,
        0.0,
        0.0,
        0.0,
        0.0,
        0.000721,
        0.0,
        0.0,
        9e-06,
        0.0,
        0.0,
        0.0,
        0.0,
        0.0,
        0.0,
        2.6e-05,
        0.0,
        0.0,
        0.0,
        0.0,
        0.0,
        0.0,
        0.0,
        5.3e-05,
        0.0,
        0.0,
        1.3e-05,
        0.0,
        0.0,
        0.0,
        0.0,
        0.0,
        0.0,
        0.0,
        0.0,
        0.0,
        0.0,
        0.0,
        0.0,
        0.0,
        0.0,
        0.0,
        0.0,
        0.0,
        0.0,
        9e-06,
        0.0,
        0.0,
        0.0,
        0.0
      ]
    },
    "RANDOM": {
      "chain_mean": 2.2e-06,
      "nz": 7,
      "rhae_list": [
        0.0,
        0.0,
        0.0,
        0.0,
        0.0,
        0.0,
        0.0,
        0.0,
        2e-05,
        0.0,
        0.0,
        0.0,
        0.0,
        0.0,
        0.0,
        0.0,
        0.0,
        0.0,
        1.4e-05,
        0.0,
        1.2e-05,
        1.8e-05,
        0.0,
        9e-06,
        0.0,
        0.0,
        2.8e-05,
        0.0,
        0.0,
        0.0,
        0.0,
        0.0,
        0.0,
        0.0,
        0.0,
        0.0,
        0.0,
        0.0,
        0.0,
        0.0,
        0.0,
        0.0,
        0.0,
        0.0,
        0.0,
        0.0,
        0.0,
        0.0,
        0.0,
        9e-06
      ]
    }
  },
  "paired_wins": 4,
  "paired_losses": 6,
  "paired_ties": 40,
  "p_value": 0.828125,
  "verdict": "SLOT_WORSE"
}