{
  "step": 1377,
  "n_draws": 100,
  "draw_seeds": [
    13830,
    13831,
    13832,
    13833,
    13834,
    13835,
    13836,
    13837,
    13838,
    13839,
    13840,
    13841,
    13842,
    13843,
    13844,
    13845,
    13846,
    13847,
    13848,
    13849,
    13850,
    13851,
    13852,
    13853,
    13854,
    13855,
    13856,
    13857,
    13858,
    13859,
    13860,
    13861,
    13862,
    13863,
    13864,
    13865,
    13866,
    13867,
    13868,
    13869,
    13870,
    13871,
    13872,
    13873,
    13874,
    13875,
    13876,
    13877,
    13878,
    13879,
    13880,
    13881,
    13882,
    13883,
    13884,
    13885,
    13886,
    13887,
    13888,
    13889,
    13890,
    13891,
    13892,
    13893,
    13894,
    13895,
    13896,
    13897,
    13898,
    13899,
    13900,
    13901,
    13902,
    13903,
    13904,
    13905,
    13906,
    13907,
    13908,
    13909,
    13910,
    13911,
    13912,
    13913,
    13914,
    13915,
    13916,
    13917,
    13918,
    13919,
    13920,
    13921,
    13922,
    13923,
    13924,
    13925,
    13926,
    13927,
    13928,
    13929
  ],
  "max_steps_used": 2000,
  "ms_per_step": 0.1,
  "mlp_tp_baseline": 4.59e-05,
  "conditions": {
    "COUNT": {
      "chain_mean_rhae": 6.2e-05,
      "nonzero_draws": 19,
      "rhae_per_draw": [
        0.0,
        0.000241,
        0.0,
        0.0,
        0.0,
        1.5e-05,
        0.0,
        0.0,
        0.0,
        0.0,
        0.0,
        0.0,
        0.0,
        1e-05,
        0.0,
        1.6e-05,
        5e-05,
        0.0,
        0.0,
        0.0,
        0.0,
        0.0,
        0.0,
        0.0,
        0.0,
        0.0,
        0.0,
        0.004507,
        0.0,
        0.0,
        0.0,
        0.0,
        0.0,
        0.0,
        0.000125,
        0.0,
        0.0,
        0.0,
        0.000117,
        9.7e-05,
        0.0,
        4.9e-05,
        0.0,
        0.0,
        0.0,
        0.0,
        0.0,
        0.000118,
        0.0,
        0.0,
        0.0,
        0.0,
        0.0,
        0.0,
        0.0,
        0.0,
        0.0,
        0.0,
        0.0,
        0.0,
        0.0,
        0.0,
        0.000105,
        0.0,
        0.0,
        0.0,
        1.8e-05,
        0.0,
        0.0,
        0.0,
        0.0,
        0.0,
        0.0,
        4.3e-05,
        0.0,
        0.0,
        0.0,
        0.0,
        0.0,
        0.0,
        0.0,
        0.0,
        0.0,
        0.0,
        0.0,
        0.0,
        0.0,
        0.0,
        2.9e-05,
        0.000565,
        0.0,
        4.6e-05,
        0.0,
        0.0,
        0.0,
        1.4e-05,
        0.0,
        0.0,
        3.5e-05,
        0.0
      ]
    },
    "RAND": {
      "chain_mean_rhae": 6.2e-05,
      "nonzero_draws": 19,
      "rhae_per_draw": [
        0.0,
        0.000241,
        0.0,
        0.0,
        0.0,
        1.5e-05,
        0.0,
        0.0,
        0.0,
        0.0,
        0.0,
        0.0,
        0.0,
        1e-05,
        0.0,
        1.6e-05,
        5e-05,
        0.0,
        0.0,
        0.0,
        0.0,
        0.0,
        0.0,
        0.0,
        0.0,
        0.0,
        0.0,
        0.004507,
        0.0,
        0.0,
        0.0,
        0.0,
        0.0,
        0.0,
        0.000125,
        0.0,
        0.0,
        0.0,
        0.000117,
        9.7e-05,
        0.0,
        4.9e-05,
        0.0,
        0.0,
        0.0,
        0.0,
        0.0,
        0.000118,
        0.0,
        0.0,
        0.0,
        0.0,
        0.0,
        0.0,
        0.0,
        0.0,
        0.0,
        0.0,
        0.0,
        0.0,
        0.0,
        0.0,
        0.000105,
        0.0,
        0.0,
        0.0,
        1.8e-05,
        0.0,
        0.0,
        0.0,
        0.0,
        0.0,
        0.0,
        4.3e-05,
        0.0,
        0.0,
        0.0,
        0.0,
        0.0,
        0.0,
        0.0,
        0.0,
        0.0,
        0.0,
        0.0,
        0.0,
        0.0,
        0.0,
        2.9e-05,
        0.000565,
        0.0,
        4.6e-05,
        0.0,
        0.0,
        0.0,
        1.4e-05,
        0.0,
        0.0,
        3.5e-05,
        0.0
      ]
    }
  },
  "paired_count_vs_rand": {
    "count_wins": 0,
    "rand_wins": 0,
    "ties": 100,
    "p_value": 1.0,
    "verdict": "NOT_SIGNIFICANT"
  }
}