{
  "step": 1385,
  "n_draws": 30,
  "draw_seeds": [
    14140,
    14141,
    14142,
    14143,
    14144,
    14145,
    14146,
    14147,
    14148,
    14149,
    14150,
    14151,
    14152,
    14153,
    14154,
    14155,
    14156,
    14157,
    14158,
    14159,
    14160,
    14161,
    14162,
    14163,
    14164,
    14165,
    14166,
    14167,
    14168,
    14169
  ],
  "max_steps_used": 2000,
  "ms_per_step": 0.33,
  "mlp_tp_baseline": 4.59e-05,
  "action_blind_ratio": 1.0371,
  "conditions": {
    "SPATIAL-DIFF": {
      "chain_mean": 7.32e-05,
      "nz": 7,
      "rhae_list": [
        0.0,
        0.0,
        0.0,
        0.0,
        5.3e-05,
        0.0,
        0.0,
        0.0,
        0.0,
        0.0,
        0.0,
        0.0,
        0.0,
        5.9e-05,
        1e-05,
        0.0,
        0.0,
        3.2e-05,
        0.0,
        0.0,
        0.000113,
        0.0,
        0.001913,
        0.0,
        1.6e-05,
        0.0,
        0.0,
        0.0,
        0.0,
        0.0
      ],
      "pred_mean": 0.001648
    },
    "ONEHOT-DIFF": {
      "chain_mean": 7.34e-05,
      "nz": 7,
      "rhae_list": [
        0.0,
        0.0,
        0.0,
        0.0,
        5.3e-05,
        1.6e-05,
        0.0,
        0.0,
        0.0,
        0.0,
        0.0,
        0.0,
        0.0,
        5.9e-05,
        0.0,
        0.0,
        0.0,
        3.2e-05,
        0.0,
        0.0,
        0.000113,
        0.0,
        0.001913,
        0.0,
        1.6e-05,
        0.0,
        0.0,
        0.0,
        0.0,
        0.0
      ],
      "pred_mean": 0.001658
    }
  },
  "paired_wins": 1,
  "paired_losses": 1,
  "paired_ties": 28,
  "p_value": 0.75,
  "verdict": "KILL"
}