{
  "results": {
    "config": {
      "dim": 64,
      "num_heads": 4,
      "num_layers": 4,
      "field_size": 16,
      "window_size": 4,
      "bits": 8,
      "num_steps": 100
    },
    "structured": {
      "fp32": [
        1.412217617034912,
        1.3999419212341309,
        1.3928508758544922,
        1.3925244808197021,
        1.380466341972351,
        1.3772313594818115,
        1.3646352291107178,
        1.3570871353149414,
        1.353890299797058,
        1.3505678176879883,
        1.337057113647461,
        1.3365620374679565,
        1.3301937580108643,
        1.3251187801361084,
        1.324202060699463,
        1.3196489810943604,
        1.3144125938415527,
        1.3069130182266235,
        1.3048837184906006,
        1.3014681339263916,
        1.2949585914611816,
        1.2938358783721924,
        1.2888209819793701,
        1.2813853025436401,
        1.2822182178497314,
        1.2730603218078613,
        1.2729215621948242,
        1.2709870338439941,
        1.2695307731628418,
        1.2597665786743164,
        1.2564417123794556,
        1.255316972732544,
        1.2459402084350586,
        1.2514631748199463,
        1.2409600019454956,
        1.242173671722412,
        1.2395031452178955,
        1.2316627502441406,
        1.223334550857544,
        1.2306303977966309,
        1.2250148057937622,
        1.224280595779419,
        1.2157326936721802,
        1.2172307968139648,
        1.2089917659759521,
        1.209720253944397,
        1.2105872631072998,
        1.2048096656799316,
        1.200530767440796,
        1.2016355991363525,
        1.2008326053619385,
        1.1957006454467773,
        1.1892731189727783,
        1.1950807571411133,
        1.1872814893722534,
        1.1868072748184204,
        1.1805213689804077,
        1.1799688339233398,
        1.1799824237823486,
        1.1814827919006348,
        1.1712274551391602,
        1.170678734779358,
        1.1660475730895996,
        1.1688051223754883,
        1.1649236679077148,
        1.166715145111084,
        1.158634066581726,
        1.1533160209655762,
        1.1559288501739502,
        1.156132698059082,
        1.148206114768982,
        1.1511131525039673,
        1.1490678787231445,
        1.1497678756713867,
        1.140622854232788,
        1.1404259204864502,
        1.1404728889465332,
        1.1420315504074097,
        1.1379904747009277,
        1.134350299835205,
        1.1353988647460938,
        1.1373096704483032,
        1.1325244903564453,
        1.1349565982818604,
        1.131999135017395,
        1.127816915512085,
        1.1233406066894531,
        1.1255810260772705,
        1.1183092594146729,
        1.1235253810882568,
        1.1203656196594238,
        1.1195029020309448,
        1.1170365810394287,
        1.119337797164917,
        1.1127712726593018,
        1.1128408908843994,
        1.1107133626937866,
        1.1132569313049316,
        1.1072661876678467,
        1.1058804988861084
      ],
      "q8": [
        1.1025837659835815,
        1.1065998077392578,
        1.1070213317871094,
        1.108424425125122,
        1.1029523611068726,
        1.1061915159225464,
        1.1049755811691284,
        1.1026465892791748,
        1.1115944385528564,
        1.1070797443389893,
        1.1051594018936157,
        1.107055902481079,
        1.1006262302398682,
        1.1032527685165405,
        1.1061055660247803,
        1.1061909198760986,
        1.1062617301940918,
        1.101635456085205,
        1.1070107221603394,
        1.1051428318023682,
        1.1032437086105347,
        1.1007848978042603,
        1.104921579360962,
        1.1021158695220947,
        1.1066175699234009,
        1.1050481796264648,
        1.1033908128738403,
        1.1047906875610352,
        1.103621482849121,
        1.104572057723999,
        1.108665943145752,
        1.1026557683944702,
        1.102762222290039,
        1.1050280332565308,
        1.105331301689148,
        1.1046863794326782,
        1.1051149368286133,
        1.1084462404251099,
        1.1062326431274414,
        1.1070237159729004,
        1.1106007099151611,
        1.1062045097351074,
        1.1069167852401733,
        1.1009840965270996,
        1.0984325408935547,
        1.1047477722167969,
        1.1012558937072754,
        1.1043494939804077,
        1.1048626899719238,
        1.1073479652404785,
        1.102646827697754,
        1.1007136106491089,
        1.1016316413879395,
        1.1058101654052734,
        1.1046679019927979,
        1.105879545211792,
        1.104017972946167,
        1.1046582460403442,
        1.1050987243652344,
        1.1036922931671143,
        1.10066556930542,
        1.1019105911254883,
        1.1002006530761719,
        1.1023668050765991,
        1.1029906272888184,
        1.1065677404403687,
        1.105393409729004,
        1.105242133140564,
        1.101424217224121,
        1.104302167892456,
        1.1026736497879028,
        1.1018186807632446,
        1.1063933372497559,
        1.106215476989746,
        1.1013898849487305,
        1.1054627895355225,
        1.103760004043579,
        1.102031946182251,
        1.102846384048462,
        1.1028727293014526,
        1.109241247177124,
        1.102625846862793,
        1.1021990776062012,
        1.1021745204925537,
        1.1008270978927612,
        1.1001936197280884,
        1.1025580167770386,
        1.1034477949142456,
        1.0977041721343994,
        1.1020469665527344,
        1.1034719944000244,
        1.1027997732162476,
        1.1041431427001953,
        1.0995179414749146,
        1.1045560836791992,
        1.101062297821045,
        1.1035847663879395,
        1.1032609939575195,
        1.103285312652588,
        1.101820945739746
      ]
    },