{
  "step": 1375,
  "n_draws": 30,
  "draw_seeds": [
    13770,
    13771,
    13772,
    13773,
    13774,
    13775,
    13776,
    13777,
    13778,
    13779,
    13780,
    13781,
    13782,
    13783,
    13784,
    13785,
    13786,
    13787,
    13788,
    13789,
    13790,
    13791,
    13792,
    13793,
    13794,
    13795,
    13796,
    13797,
    13798,
    13799
  ],
  "max_steps_used": 2000,
  "ms_per_step": 0.1,
  "mlp_tp_baseline": 4.59e-05,
  "conditions": {
    "COUNT-PERSIST": {
      "chain_mean_rhae": 0.0,
      "nonzero_draws": 0,
      "rhae_per_draw": [
        0.0,
        0.0,
        0.0,
        0.0,
        0.0,
        0.0,
        0.0,
        0.0,
        0.0,
        0.0,
        0.0,
        0.0,
        0.0,
        0.0,
        0.0,
        0.0,
        0.0,
        0.0,
        0.0,
        0.0,
        0.0,
        0.0,
        0.0,
        0.0,
        0.0,
        0.0,
        0.0,
        0.0,
        0.0,
        0.0
      ]
    },
    "COUNT-RESET": {
      "chain_mean_rhae": 0.0003391,
      "nonzero_draws": 8,
      "rhae_per_draw": [
        1.1e-05,
        0.000625,
        0.0,
        0.0,
        5.9e-05,
        0.0,
        0.000107,
        0.0,
        0.000653,
        0.0,
        0.0,
        0.0,
        0.0,
        0.0,
        0.0,
        1.2e-05,
        0.0,
        0.0,
        0.0,
        0.0,
        3.5e-05,
        0.0,
        0.0,
        0.0,
        0.0,
        0.0,
        0.0,
        0.0,
        0.0,
        0.008672
      ]
    },
    "RAND-RESET": {
      "chain_mean_rhae": 7.77e-05,
      "nonzero_draws": 4,
      "rhae_per_draw": [
        4.7e-05,
        0.0,
        0.0,
        0.0,
        3.2e-05,
        0.0,
        0.0,
        0.0,
        1.2e-05,
        0.0,
        0.0,
        0.0,
        0.0,
        0.0,
        0.0,
        0.0,
        0.0,
        0.0,
        0.0,
        0.0,
        0.0,
        0.0,
        0.0,
        0.0,
        0.0,
        0.0,
        0.0,
        0.0,
        0.00224,
        0.0
      ]
    }
  },
  "paired_count_persist_vs_count_reset": {
    "cp_wins": 0,
    "cr_wins": 8,
    "ties": 22,
    "p_value": 1.0,
    "verdict": "NOT_SIGNIFICANT"
  },
  "paired_count_reset_vs_rand_reset": {
    "cr_wins": 7,
    "rr_wins": 2,
    "ties": 21,
    "p_value": 0.089844,
    "verdict": "SIGNAL"
  }
}