{
  "step": 1386,
  "n_draws": 30,
  "draw_seeds": [
    14170,
    14171,
    14172,
    14173,
    14174,
    14175,
    14176,
    14177,
    14178,
    14179,
    14180,
    14181,
    14182,
    14183,
    14184,
    14185,
    14186,
    14187,
    14188,
    14189,
    14190,
    14191,
    14192,
    14193,
    14194,
    14195,
    14196,
    14197,
    14198,
    14199
  ],
  "max_steps_used": 2000,
  "ms_per_step": 0.29,
  "mlp_tp_baseline": 4.59e-05,
  "conditions": {
    "HEBBIAN": {
      "chain_mean": 3.2e-06,
      "nz": 5,
      "rhae_list": [
        0.0,
        1e-05,
        0.0,
        0.0,
        1.9e-05,
        0.0,
        1.4e-05,
        0.0,
        0.0,
        0.0,
        0.0,
        0.0,
        0.0,
        0.0,
        0.0,
        0.0,
        0.0,
        0.0,
        0.0,
        9e-06,
        0.0,
        0.0,
        0.0,
        0.0,
        0.0,
        0.0,
        0.0,
        0.0,
        0.0,
        4.5e-05
      ],
      "pred_mean": 0.001346,
      "total_transitions": 4763
    },
    "FROZEN": {
      "chain_mean": 1.28e-05,
      "nz": 5,
      "rhae_list": [
        0.0,
        0.0,
        9.3e-05,
        0.0,
        0.0,
        0.0,
        0.000187,
        0.0,
        0.0,
        0.0,
        0.0,
        0.0,
        0.0,
        0.0,
        0.0,
        0.0,
        0.0,
        0.0,
        0.0,
        9e-06,
        8.1e-05,
        0.0,
        1.4e-05,
        0.0,
        0.0,
        0.0,
        0.0,
        0.0,
        0.0,
        0.0
      ],
      "pred_mean": 0.00137,
      "total_transitions": 0
    }
  },
  "paired_wins": 3,
  "paired_losses": 4,
  "paired_ties": 23,
  "p_value": 0.773438,
  "verdict": "KILL"
}