{
  "step": 1350,
  "n_draws": 5,
  "draw_seeds": [
    13490,
    13491,
    13492,
    13493,
    13494
  ],
  "rhae_per_draw": {
    "reflex": [
      0.0,
      0.0,
      1e-05,
      0.000521,
      2.7e-05
    ],
    "ent": [
      0.0,
      0.0,
      0.0,
      0.0,
      0.0
    ]
  },
  "chain_mean": {
    "reflex": 0.0001116,
    "ent": 0.0
  }
}