{
  "step": 1389,
  "n_draws": 50,
  "draw_seeds": [
    14280,
    14281,
    14282,
    14283,
    14284,
    14285,
    14286,
    14287,
    14288,
    14289,
    14290,
    14291,
    14292,
    14293,
    14294,
    14295,
    14296,
    14297,
    14298,
    14299,
    14300,
    14301,
    14302,
    14303,
    14304,
    14305,
    14306,
    14307,
    14308,
    14309,
    14310,
    14311,
    14312,
    14313,
    14314,
    14315,
    14316,
    14317,
    14318,
    14319,
    14320,
    14321,
    14322,
    14323,
    14324,
    14325,
    14326,
    14327,
    14328,
    14329
  ],
  "max_steps_used": 2000,
  "ms_per_step": 0.02,
  "mlp_tp_baseline": 4.59e-05,
  "conditions": {
    "INTERVENTION-SAME": {
      "chain_mean": 0.0001164,
      "nz": 10,
      "rhae_list": [
        0.0,
        0.0,
        1.2e-05,
        0.0,
        0.0,
        0.0,
        2.8e-05,
        0.000183,
        0.001677,
        0.0,
        6e-05,
        0.0,
        0.0,
        0.0,
        0.0,
        0.0,
        0.0,
        0.0,
        0.0,
        0.0,
        0.0,
        0.0,
        0.0,
        0.0,
        0.0,
        3.2e-05,
        6.4e-05,
        0.0,
        0.0,
        0.0,
        0.0,
        0.0,
        0.0,
        0.0,
        0.003082,
        0.0,
        0.000219,
        0.0,
        0.0,
        0.0,
        0.0,
        0.000464,
        0.0,
        0.0,
        0.0,
        0.0,
        0.0,
        0.0,
        0.0,
        0.0
      ]
    },
    "RANDOM-SAME": {
      "chain_mean": 0.000552,
      "nz": 12,
      "rhae_list": [
        0.0,
        0.0,
        0.0,
        1.2e-05,
        0.0,
        0.0,
        9e-06,
        0.003633,
        0.0,
        6.8e-05,
        0.0,
        0.0,
        0.0,
        0.0,
        0.0,
        0.0,
        0.0,
        0.023084,
        0.0,
        0.0,
        0.0,
        0.0,
        1.8e-05,
        0.0,
        0.0,
        0.0,
        0.0,
        0.0,
        4.1e-05,
        0.0,
        0.0,
        0.0,
        0.0,
        0.0,
        0.0,
        0.0,
        0.0,
        0.0,
        3.2e-05,
        0.0,
        0.0,
        0.000312,
        1.9e-05,
        0.000361,
        0.0,
        0.0,
        1.1e-05,
        0.0,
        0.0,
        0.0
      ]
    }
  },
  "paired_wins": 9,
  "paired_losses": 10,
  "paired_ties": 31,
  "p_value": 0.676197,
  "verdict": "INTERVENTION_WORSE"
}