{
  "game": "cd82",
  "condition": "softmax",
  "draw": 5,
  "seed": 500,
  "use_softmax": true,
  "mean_temperature": 10020.6916,
  "T_trajectory": [
    [
      0,
      100000000.0,
      0.0
    ],
    [
      100,
      9.83,
      0.101701
    ],
    [
      200,
      15.49,
      0.06457
    ],
    [
      300,
      13.34,
      0.07495
    ],
    [
      400,
      10.27,
      0.097348
    ],
    [
      500,
      10.56,
      0.09472
    ],
    [
      600,
      13.03,
      0.076743
    ],
    [
      700,
      12.13,
      0.082448
    ],
    [
      800,
      13.1,
      0.07635
    ],
    [
      900,
      14.51,
      0.068936
    ],
    [
      1000,
      15.92,
      0.062809
    ],
    [
      1100,
      16.17,
      0.061826
    ],
    [
      1200,
      14.6,
      0.068487
    ],
    [
      1300,
      10.65,
      0.093926
    ],
    [
      1400,
      16.16,
      0.061882
    ],
    [
      1500,
      11.35,
      0.08808
    ],
    [
      1600,
      17.62,
      0.056758
    ],
    [
      1700,
      10.64,
      0.093973
    ],
    [
      1800,
      17.29,
      0.057822
    ],
    [
      1900,
      18.16,
      0.055052
    ],
    [
      2000,
      19.04,
      0.05253
    ],
    [
      2100,
      12.34,
      0.081067
    ],
    [
      2200,
      20.28,
      0.0493
    ],
    [
      2300,
      10.94,
      0.091389
    ],
    [
      2400,
      10.64,
      0.093946
    ],
    [
      2500,
      18.83,
      0.053117
    ],
    [
      2600,
      10.61,
      0.094241
    ],
    [
      2700,
      18.15,
      0.055095
    ],
    [
      2800,
      19.58,
      0.051066
    ],
    [
      2900,
      11.79,
      0.084794
    ],
    [
      3000,
      18.28,
      0.054716
    ],
    [
      3100,
      18.53,
      0.053953
    ],
    [
      3200,
      10.71,
      0.09335
    ],
    [
      3300,
      18.96,
      0.052733
    ],
    [
      3400,
      19.49,
      0.051305
    ],
    [
      3500,
      20.57,
      0.048622
    ],
    [
      3600,
      18.94,
      0.0528
    ],
    [
      3700,
      19.11,
      0.052324
    ],
    [
      3800,
      10.76,
      0.092943
    ],
    [
      3900,
      10.57,
      0.094605
    ],
    [
      4000,
      14.12,
      0.070835
    ],
    [
      4100,
      10.58,
      0.094547
    ],
    [
      4200,
      18.6,
      0.053769
    ],
    [
      4300,
      19.01,
      0.052617
    ],
    [
      4400,
      19.41,
      0.051513
    ],
    [
      4500,
      12.77,
      0.078293
    ],
    [
      4600,
      20.05,
      0.049874
    ],
    [
      4700,
      20.46,
      0.048887
    ],
    [
      4800,
      20.86,
      0.047938
    ],
    [
      4900,
      21.27,
      0.047025
    ],
    [
      5000,
      10.51,
      0.095171
    ],
    [
      5100,
      21.13,
      0.047319
    ],
    [
      5200,
      21.52,
      0.046468
    ],
    [
      5300,
      21.91,
      0.045646
    ],
    [
      5400,
      10.49,
      0.095342
    ],
    [
      5500,
      10.51,
      0.095152
    ],
    [
      5600,
      20.96,
      0.047705
    ],
    [
      5700,
      13.02,
      0.076795
    ],
    [
      5800,
      20.61,
      0.048525
    ],
    [
      5900,
      20.94,
      0.047756
    ],
    [
      6000,
      21.27,
      0.047012
    ],
    [
      6100,
      16.23,
      0.061632
    ],
    [
      6200,
      21.89,
      0.045675
    ],
    [
      6300,
      22.23,
      0.044994
    ],
    [
      6400,
      22.56,
      0.044332
    ],
    [
      6500,
      11.39,
      0.087796
    ],
    [
      6600,
      10.45,
      0.095679
    ],
    [
      6700,
      22.25,
      0.044941
    ],
    [
      6800,
      10.46,
      0.09557
    ],
    [
      6900,
      21.69,
      0.046097
    ],
    [
      7000,
      21.99,
      0.045479
    ],
    [
      7100,
      10.45,
      0.095668
    ],
    [
      7200,
      21.48,
      0.046551
    ],
    [
      7300,
      8.25,
      0.121188
    ],
    [
      7400,
      20.81,
      0.048053
    ],
    [
      7500,
      21.07,
      0.047454
    ],
    [
      7600,
      21.46,
      0.046602
    ],
    [
      7700,
      21.31,
      0.046926
    ],
    [
      7800,
      21.57,
      0.046362
    ],
    [
      7900,
      25.82,
      0.038733
    ],
    [
      8000,
      21.21,
      0.047156
    ],
    [
      8100,
      10.51,
      0.095127
    ],
    [
      8200,
      10.82,
      0.09241
    ],
    [
      8300,
      12.48,
      0.080125
    ],
    [
      8400,
      10.45,
      0.095702
    ],
    [
      8500,
      10.47,
      0.095501
    ],
    [
      8600,
      12.88,
      0.077663
    ],
    [
      8700,
      12.86,
      0.077743
    ],
    [
      8800,
      19.03,
      0.052553
    ],
    [
      8900,
      19.9,
      0.050249
    ],
    [
      9000,
      20.11,
      0.049728
    ],
    [
      9100,
      20.16,
      0.049594
    ],
    [
      9200,
      10.46,
      0.095609
    ],
    [
      9300,
      10.47,
      0.095533
    ],
    [
      9400,
      10.48,
      0.095431
    ],
    [
      9500,
      19.05,
      0.0525
    ],
    [
      9600,
      19.11,
      0.052333
    ],
    [
      9700,
      19.29,
      0.051832
    ],
    [
      9800,
      10.47,
      0.095518
    ],
    [
      9900,
      10.48,
      0.095441
    ]
  ],
  "steps_taken": 10000,
  "elapsed_seconds": 6.02,
  "max_level": 0,
  "L1_solved": false,
  "L2_solved": false,
  "l1_step": null,
  "l2_step": null,
  "level_first_step": {},
  "arc_score": 0.0,
  "arc_per_level": {},
  "solver_level_steps": {
    "1": 24,
    "2": 78,
    "3": 94,
    "4": 108,
    "5": 124,
    "6": 140
  },
  "repr_log_enc_n": 100,
  "repr_log_enc_levels": 1,
  "I3_rho": 0.3929,
  "I3_rho_pass": false,
  "I3_cv": 4.509501,
  "I3_counts_at_200": [
    0.0,
    0.0,
    0.0,
    0.0,
    0.0,
    0.0,
    0.0
  ],
  "I1_enc_within": null,
  "I1_enc_between": null,
  "I1_enc_p_value": 1.0,
  "I1_enc_pass": false,
  "I1_act_within": null,
  "I1_act_between": null,
  "I1_act_p_value": 1.0,
  "I1_act_pass": false,
  "I4_entropy_100": 4.6052,
  "I4_entropy_5000": 7.8268,
  "I4_reduction_pct": -69.96,
  "I4_pass": false,
  "I5_level_actions": null,
  "I5_pass": null,
  "R3_jacobian_diff": 0.082,
  "R3_n_obs_used": 100,
  "R3_pass": true,
  "SAL_rho": -0.3571,
  "SAL_pass": false,
  "SAL_n_actions_visited": 5,
  "pe_snapshots": {
    "100": {
      "mean": 0.000586,
      "max": 0.097549,
      "top7": [
        0.0,
        0.0,
        0.0,
        0.0,
        0.0,
        0.0,
        0.0
      ]
    },
    "1000": {
      "mean": 0.001515,
      "max": 0.097549,
      "top7": [
        0.0,
        0.0,
        0.0,
        0.0,
        0.0,
        0.0,
        0.0
      ]
    },
    "5000": {
      "mean": 0.00389,
      "max": 0.277225,
      "top7": [
        0.003075,
        0.0,
        0.122638,
        0.0,
        0.001377,
        0.0,
        0.0
      ]
    }
  }
}