{
  "game": "cd82",
  "condition": "softmax",
  "draw": 4,
  "seed": 400,
  "use_softmax": true,
  "mean_temperature": 10040.6092,
  "T_trajectory": [
    [
      0,
      100000000.0,
      0.0
    ],
    [
      100,
      13.79,
      0.072498
    ],
    [
      200,
      105.52,
      0.009477
    ],
    [
      300,
      15.16,
      0.065974
    ],
    [
      400,
      34.74,
      0.028786
    ],
    [
      500,
      15.3,
      0.06534
    ],
    [
      600,
      35.02,
      0.028552
    ],
    [
      700,
      40.59,
      0.024638
    ],
    [
      800,
      40.12,
      0.024927
    ],
    [
      900,
      15.29,
      0.065422
    ],
    [
      1000,
      30.06,
      0.033263
    ],
    [
      1100,
      13.42,
      0.074525
    ],
    [
      1200,
      28.68,
      0.034872
    ],
    [
      1300,
      30.98,
      0.032277
    ],
    [
      1400,
      33.28,
      0.030053
    ],
    [
      1500,
      35.56,
      0.028124
    ],
    [
      1600,
      37.83,
      0.026437
    ],
    [
      1700,
      40.08,
      0.024949
    ],
    [
      1800,
      42.33,
      0.023626
    ],
    [
      1900,
      41.57,
      0.024059
    ],
    [
      2000,
      16.06,
      0.062262
    ],
    [
      2100,
      12.94,
      0.077259
    ],
    [
      2200,
      16.61,
      0.060203
    ],
    [
      2300,
      44.3,
      0.022576
    ],
    [
      2400,
      46.1,
      0.02169
    ],
    [
      2500,
      47.9,
      0.020877
    ],
    [
      2600,
      47.29,
      0.021147
    ],
    [
      2700,
      48.99,
      0.020414
    ],
    [
      2800,
      43.84,
      0.022809
    ],
    [
      2900,
      15.3,
      0.065346
    ],
    [
      3000,
      15.32,
      0.065256
    ],
    [
      3100,
      35.52,
      0.028154
    ],
    [
      3200,
      36.61,
      0.027313
    ],
    [
      3300,
      37.7,
      0.026522
    ],
    [
      3400,
      38.79,
      0.025778
    ],
    [
      3500,
      39.88,
      0.025077
    ],
    [
      3600,
      40.96,
      0.024415
    ],
    [
      3700,
      42.04,
      0.023788
    ],
    [
      3800,
      43.11,
      0.023195
    ],
    [
      3900,
      44.18,
      0.022633
    ],
    [
      4000,
      45.25,
      0.022098
    ],
    [
      4100,
      45.37,
      0.022042
    ],
    [
      4200,
      46.41,
      0.021547
    ],
    [
      4300,
      15.27,
      0.065479
    ],
    [
      4400,
      15.32,
      0.065257
    ],
    [
      4500,
      42.25,
      0.023671
    ],
    [
      4600,
      40.98,
      0.024403
    ],
    [
      4700,
      41.82,
      0.02391
    ],
    [
      4800,
      15.35,
      0.065147
    ],
    [
      4900,
      39.3,
      0.025443
    ],
    [
      5000,
      40.07,
      0.024958
    ],
    [
      5100,
      40.83,
      0.024492
    ],
    [
      5200,
      13.04,
      0.076692
    ],
    [
      5300,
      40.55,
      0.024662
    ],
    [
      5400,
      40.24,
      0.024852
    ],
    [
      5500,
      40.95,
      0.024421
    ],
    [
      5600,
      15.33,
      0.065244
    ],
    [
      5700,
      40.41,
      0.024748
    ],
    [
      5800,
      12.81,
      0.078071
    ],
    [
      5900,
      39.65,
      0.02522
    ],
    [
      6000,
      15.29,
      0.065391
    ],
    [
      6100,
      38.1,
      0.026247
    ],
    [
      6200,
      15.3,
      0.065346
    ],
    [
      6300,
      37.05,
      0.02699
    ],
    [
      6400,
      37.61,
      0.026586
    ],
    [
      6500,
      38.17,
      0.026195
    ],
    [
      6600,
      38.74,
      0.025816
    ],
    [
      6700,
      15.31,
      0.065322
    ],
    [
      6800,
      37.77,
      0.026474
    ],
    [
      6900,
      15.74,
      0.06352
    ],
    [
      7000,
      15.31,
      0.065309
    ],
    [
      7100,
      37.22,
      0.026866
    ],
    [
      7200,
      37.72,
      0.026509
    ],
    [
      7300,
      15.31,
      0.06532
    ],
    [
      7400,
      15.32,
      0.06526
    ],
    [
      7500,
      36.05,
      0.027741
    ],
    [
      7600,
      15.38,
      0.065014
    ],
    [
      7700,
      36.53,
      0.027371
    ],
    [
      7800,
      15.33,
      0.065233
    ],
    [
      7900,
      15.33,
      0.065231
    ],
    [
      8000,
      35.83,
      0.027912
    ],
    [
      8100,
      36.26,
      0.027582
    ],
    [
      8200,
      15.33,
      0.065233
    ],
    [
      8300,
      36.63,
      0.0273
    ],
    [
      8400,
      37.05,
      0.026989
    ],
    [
      8500,
      15.34,
      0.065203
    ],
    [
      8600,
      36.02,
      0.027764
    ],
    [
      8700,
      36.42,
      0.027458
    ],
    [
      8800,
      36.82,
      0.027159
    ],
    [
      8900,
      37.22,
      0.026867
    ],
    [
      9000,
      37.62,
      0.026582
    ],
    [
      9100,
      38.02,
      0.026303
    ],
    [
      9200,
      15.85,
      0.06309
    ],
    [
      9300,
      38.69,
      0.025847
    ],
    [
      9400,
      39.09,
      0.025584
    ],
    [
      9500,
      15.33,
      0.065221
    ],
    [
      9600,
      37.57,
      0.026615
    ],
    [
      9700,
      37.95,
      0.026352
    ],
    [
      9800,
      38.32,
      0.026095
    ],
    [
      9900,
      38.7,
      0.025843
    ]
  ],
  "steps_taken": 10000,
  "elapsed_seconds": 6.42,
  "max_level": 0,
  "L1_solved": false,
  "L2_solved": false,
  "l1_step": null,
  "l2_step": null,
  "level_first_step": {},
  "arc_score": 0.0,
  "arc_per_level": {},
  "solver_level_steps": {
    "1": 24,
    "2": 78,
    "3": 94,
    "4": 108,
    "5": 124,
    "6": 140
  },
  "repr_log_enc_n": 100,
  "repr_log_enc_levels": 1,
  "I3_rho": 0.6071,
  "I3_rho_pass": true,
  "I3_cv": 4.509501,
  "I3_counts_at_200": [
    0.0,
    0.0,
    1.0,
    0.0,
    0.0,
    0.0,
    0.0
  ],
  "I1_enc_within": null,
  "I1_enc_between": null,
  "I1_enc_p_value": 1.0,
  "I1_enc_pass": false,
  "I1_act_within": null,
  "I1_act_between": null,
  "I1_act_p_value": 1.0,
  "I1_act_pass": false,
  "I4_entropy_100": 4.5913,
  "I4_entropy_5000": 7.8385,
  "I4_reduction_pct": -70.73,
  "I4_pass": false,
  "I5_level_actions": null,
  "I5_pass": null,
  "R3_jacobian_diff": 0.0404,
  "R3_n_obs_used": 100,
  "R3_pass": false,
  "SAL_rho": -0.6429,
  "SAL_pass": false,
  "SAL_n_actions_visited": 7,
  "pe_snapshots": {
    "100": {
      "mean": 0.000226,
      "max": 0.080174,
      "top7": [
        0.0,
        0.0,
        0.080174,
        0.0,
        0.0,
        0.0,
        0.0
      ]
    },
    "1000": {
      "mean": 0.001425,
      "max": 0.097097,
      "top7": [
        0.001529,
        0.0,
        0.080174,
        0.0,
        0.0,
        0.0,
        0.003475
      ]
    },
    "5000": {
      "mean": 0.004826,
      "max": 0.276337,
      "top7": [
        0.018442,
        0.001599,
        0.227799,
        0.0,
        0.124788,
        0.001205,
        0.004612
      ]
    }
  }
}