{
  "game": "cd82",
  "condition": "softmax",
  "draw": 1,
  "seed": 100,
  "use_softmax": true,
  "mean_temperature": 10025.2101,
  "T_trajectory": [
    [
      0,
      100000000.0,
      0.0
    ],
    [
      100,
      12.33,
      0.081132
    ],
    [
      200,
      62.68,
      0.015954
    ],
    [
      300,
      12.56,
      0.079621
    ],
    [
      400,
      28.45,
      0.035154
    ],
    [
      500,
      35.36,
      0.028282
    ],
    [
      600,
      12.44,
      0.080393
    ],
    [
      700,
      32.85,
      0.030441
    ],
    [
      800,
      34.3,
      0.029159
    ],
    [
      900,
      11.29,
      0.088567
    ],
    [
      1000,
      12.5,
      0.080023
    ],
    [
      1100,
      22.04,
      0.045381
    ],
    [
      1200,
      24.0,
      0.041663
    ],
    [
      1300,
      25.97,
      0.0385
    ],
    [
      1400,
      12.52,
      0.079904
    ],
    [
      1500,
      12.53,
      0.079827
    ],
    [
      1600,
      21.65,
      0.046188
    ],
    [
      1700,
      22.98,
      0.043524
    ],
    [
      1800,
      12.52,
      0.079885
    ],
    [
      1900,
      23.79,
      0.04203
    ],
    [
      2000,
      23.24,
      0.043032
    ],
    [
      2100,
      24.21,
      0.0413
    ],
    [
      2200,
      25.35,
      0.039451
    ],
    [
      2300,
      26.48,
      0.037758
    ],
    [
      2400,
      27.62,
      0.036203
    ],
    [
      2500,
      27.28,
      0.036658
    ],
    [
      2600,
      12.49,
      0.08007
    ],
    [
      2700,
      13.23,
      0.075585
    ],
    [
      2800,
      12.49,
      0.080041
    ],
    [
      2900,
      12.51,
      0.079942
    ],
    [
      3000,
      24.25,
      0.041231
    ],
    [
      3100,
      12.53,
      0.079828
    ],
    [
      3200,
      12.54,
      0.079768
    ],
    [
      3300,
      22.36,
      0.04472
    ],
    [
      3400,
      13.88,
      0.07205
    ],
    [
      3500,
      13.82,
      0.072339
    ],
    [
      3600,
      24.44,
      0.040919
    ],
    [
      3700,
      12.52,
      0.079856
    ],
    [
      3800,
      23.16,
      0.043171
    ],
    [
      3900,
      23.76,
      0.042082
    ],
    [
      4000,
      12.52,
      0.079893
    ],
    [
      4100,
      12.53,
      0.079829
    ],
    [
      4200,
      9.92,
      0.100789
    ],
    [
      4300,
      12.55,
      0.079678
    ],
    [
      4400,
      22.76,
      0.043931
    ],
    [
      4500,
      23.27,
      0.042973
    ],
    [
      4600,
      23.78,
      0.042055
    ],
    [
      4700,
      14.97,
      0.06681
    ],
    [
      4800,
      23.64,
      0.0423
    ],
    [
      4900,
      13.16,
      0.07596
    ],
    [
      5000,
      12.54,
      0.079741
    ],
    [
      5100,
      12.55,
      0.079682
    ],
    [
      5200,
      22.44,
      0.044561
    ],
    [
      5300,
      22.86,
      0.043737
    ],
    [
      5400,
      12.54,
      0.079729
    ],
    [
      5500,
      23.19,
      0.043129
    ],
    [
      5600,
      23.6,
      0.042373
    ],
    [
      5700,
      12.53,
      0.079804
    ],
    [
      5800,
      23.5,
      0.042549
    ],
    [
      5900,
      23.9,
      0.04184
    ],
    [
      6000,
      10.06,
      0.099404
    ],
    [
      6100,
      12.57,
      0.079528
    ],
    [
      6200,
      22.52,
      0.044408
    ],
    [
      6300,
      13.48,
      0.074196
    ],
    [
      6400,
      12.56,
      0.079605
    ],
    [
      6500,
      23.03,
      0.043427
    ],
    [
      6600,
      23.37,
      0.042783
    ],
    [
      6700,
      23.72,
      0.042158
    ],
    [
      6800,
      12.59,
      0.079442
    ],
    [
      6900,
      23.99,
      0.041678
    ],
    [
      7000,
      24.12,
      0.04146
    ],
    [
      7100,
      12.55,
      0.079684
    ],
    [
      7200,
      23.15,
      0.043198
    ],
    [
      7300,
      23.46,
      0.042618
    ],
    [
      7400,
      23.78,
      0.042054
    ],
    [
      7500,
      24.09,
      0.041503
    ],
    [
      7600,
      24.41,
      0.040967
    ],
    [
      7700,
      12.52,
      0.079853
    ],
    [
      7800,
      24.26,
      0.041218
    ],
    [
      7900,
      23.74,
      0.04212
    ],
    [
      8000,
      23.81,
      0.041995
    ],
    [
      8100,
      12.55,
      0.079698
    ],
    [
      8200,
      22.7,
      0.044046
    ],
    [
      8300,
      22.97,
      0.043526
    ],
    [
      8400,
      23.25,
      0.043017
    ],
    [
      8500,
      23.52,
      0.042521
    ],
    [
      8600,
      12.54,
      0.07977
    ],
    [
      8700,
      12.55,
      0.07967
    ],
    [
      8800,
      22.34,
      0.044754
    ],
    [
      8900,
      12.56,
      0.079643
    ],
    [
      9000,
      22.09,
      0.04528
    ],
    [
      9100,
      22.33,
      0.044793
    ],
    [
      9200,
      12.55,
      0.079671
    ],
    [
      9300,
      22.22,
      0.045012
    ],
    [
      9400,
      22.45,
      0.044543
    ],
    [
      9500,
      12.55,
      0.079677
    ],
    [
      9600,
      22.26,
      0.044927
    ],
    [
      9700,
      15.04,
      0.06647
    ],
    [
      9800,
      22.32,
      0.044806
    ],
    [
      9900,
      12.55,
      0.07971
    ]
  ],
  "steps_taken": 10000,
  "elapsed_seconds": 6.33,
  "max_level": 0,
  "L1_solved": false,
  "L2_solved": false,
  "l1_step": null,
  "l2_step": null,
  "level_first_step": {},
  "arc_score": 0.0,
  "arc_per_level": {},
  "solver_level_steps": {
    "1": 24,
    "2": 78,
    "3": 94,
    "4": 108,
    "5": 124,
    "6": 140
  },
  "repr_log_enc_n": 100,
  "repr_log_enc_levels": 1,
  "I3_rho": 0.4286,
  "I3_rho_pass": false,
  "I3_cv": 4.509501,
  "I3_counts_at_200": [
    0.0,
    0.0,
    0.0,
    0.0,
    0.0,
    1.0,
    0.0
  ],
  "I1_enc_within": null,
  "I1_enc_between": null,
  "I1_enc_p_value": 1.0,
  "I1_enc_pass": false,
  "I1_act_within": null,
  "I1_act_between": null,
  "I1_act_p_value": 1.0,
  "I1_act_pass": false,
  "I4_entropy_100": 4.5774,
  "I4_entropy_5000": 7.8479,
  "I4_reduction_pct": -71.45,
  "I4_pass": false,
  "I5_level_actions": null,
  "I5_pass": null,
  "R3_jacobian_diff": 0.0624,
  "R3_n_obs_used": 100,
  "R3_pass": true,
  "SAL_rho": -0.1429,
  "SAL_pass": false,
  "SAL_n_actions_visited": 7,
  "pe_snapshots": {
    "100": {
      "mean": 0.00035,
      "max": 0.098794,
      "top7": [
        0.0,
        0.0,
        0.0,
        0.0,
        0.0,
        0.0,
        0.0
      ]
    },
    "1000": {
      "mean": 0.001839,
      "max": 0.188982,
      "top7": [
        0.0,
        0.00268,
        0.0,
        0.044609,
        0.0,
        0.008132,
        0.0
      ]
    },
    "5000": {
      "mean": 0.005813,
      "max": 0.43907,
      "top7": [
        0.002943,
        0.00268,
        0.157009,
        0.122709,
        0.124758,
        0.008132,
        0.0
      ]
    }
  }
}