{
  "game": "cd82",
  "condition": "softmax",
  "draw": 2,
  "seed": 200,
  "use_softmax": true,
  "mean_temperature": 10033.9177,
  "T_trajectory": [
    [
      0,
      100000000.0,
      0.0
    ],
    [
      100,
      289.91,
      0.003449
    ],
    [
      200,
      289.49,
      0.003454
    ],
    [
      300,
      289.35,
      0.003456
    ],
    [
      400,
      10.23,
      0.097733
    ],
    [
      500,
      10.21,
      0.097949
    ],
    [
      600,
      51.66,
      0.019358
    ],
    [
      700,
      10.68,
      0.0936
    ],
    [
      800,
      27.65,
      0.03617
    ],
    [
      900,
      27.63,
      0.036197
    ],
    [
      1000,
      10.78,
      0.092756
    ],
    [
      1100,
      23.52,
      0.042516
    ],
    [
      1200,
      10.87,
      0.092015
    ],
    [
      1300,
      18.58,
      0.053809
    ],
    [
      1400,
      10.9,
      0.09178
    ],
    [
      1500,
      11.02,
      0.090748
    ],
    [
      1600,
      10.6,
      0.094303
    ],
    [
      1700,
      10.89,
      0.091838
    ],
    [
      1800,
      10.93,
      0.091489
    ],
    [
      1900,
      16.96,
      0.058947
    ],
    [
      2000,
      9.39,
      0.1065
    ],
    [
      2100,
      9.3,
      0.107549
    ],
    [
      2200,
      16.96,
      0.058962
    ],
    [
      2300,
      11.0,
      0.090898
    ],
    [
      2400,
      11.02,
      0.09076
    ],
    [
      2500,
      16.53,
      0.060511
    ],
    [
      2600,
      11.74,
      0.085167
    ],
    [
      2700,
      10.99,
      0.091013
    ],
    [
      2800,
      11.0,
      0.090928
    ],
    [
      2900,
      17.06,
      0.058628
    ],
    [
      3000,
      17.63,
      0.056727
    ],
    [
      3100,
      18.2,
      0.054945
    ],
    [
      3200,
      18.77,
      0.053271
    ],
    [
      3300,
      14.07,
      0.071063
    ],
    [
      3400,
      19.5,
      0.051279
    ],
    [
      3500,
      20.06,
      0.049847
    ],
    [
      3600,
      20.62,
      0.048492
    ],
    [
      3700,
      21.18,
      0.047209
    ],
    [
      3800,
      18.81,
      0.053155
    ],
    [
      3900,
      10.82,
      0.092422
    ],
    [
      4000,
      21.48,
      0.046565
    ],
    [
      4100,
      21.59,
      0.046322
    ],
    [
      4200,
      22.1,
      0.045241
    ],
    [
      4300,
      18.5,
      0.054043
    ],
    [
      4400,
      9.44,
      0.105914
    ],
    [
      4500,
      22.4,
      0.04465
    ],
    [
      4600,
      22.88,
      0.043699
    ],
    [
      4700,
      23.37,
      0.042788
    ],
    [
      4800,
      23.86,
      0.041914
    ],
    [
      4900,
      24.35,
      0.041075
    ],
    [
      5000,
      10.71,
      0.093368
    ],
    [
      5100,
      24.75,
      0.040406
    ],
    [
      5200,
      25.22,
      0.039644
    ],
    [
      5300,
      25.7,
      0.03891
    ],
    [
      5400,
      13.19,
      0.075803
    ],
    [
      5500,
      10.68,
      0.093668
    ],
    [
      5600,
      24.85,
      0.040246
    ],
    [
      5700,
      25.28,
      0.039553
    ],
    [
      5800,
      25.72,
      0.038883
    ],
    [
      5900,
      26.15,
      0.038235
    ],
    [
      6000,
      10.62,
      0.094184
    ],
    [
      6100,
      11.33,
      0.088254
    ],
    [
      6200,
      10.67,
      0.093737
    ],
    [
      6300,
      24.34,
      0.041092
    ],
    [
      6400,
      24.71,
      0.040461
    ],
    [
      6500,
      25.09,
      0.03985
    ],
    [
      6600,
      10.65,
      0.093936
    ],
    [
      6700,
      24.72,
      0.04046
    ],
    [
      6800,
      10.64,
      0.093983
    ],
    [
      6900,
      24.79,
      0.040338
    ],
    [
      7000,
      25.14,
      0.039771
    ],
    [
      7100,
      10.64,
      0.09397
    ],
    [
      7200,
      24.61,
      0.040631
    ],
    [
      7300,
      24.95,
      0.040084
    ],
    [
      7400,
      25.28,
      0.039552
    ],
    [
      7500,
      10.63,
      0.094082
    ],
    [
      7600,
      24.8,
      0.040316
    ],
    [
      7700,
      10.65,
      0.093868
    ],
    [
      7800,
      24.1,
      0.041495
    ],
    [
      7900,
      24.4,
      0.040979
    ],
    [
      8000,
      23.97,
      0.041718
    ],
    [
      8100,
      24.0,
      0.04166
    ],
    [
      8200,
      24.13,
      0.041448
    ],
    [
      8300,
      10.66,
      0.093806
    ],
    [
      8400,
      23.6,
      0.042381
    ],
    [
      8500,
      23.39,
      0.042746
    ],
    [
      8600,
      23.66,
      0.042258
    ],
    [
      8700,
      23.93,
      0.041781
    ],
    [
      8800,
      10.63,
      0.094072
    ],
    [
      8900,
      24.05,
      0.041583
    ],
    [
      9000,
      23.47,
      0.042601
    ],
    [
      9100,
      23.73,
      0.04214
    ],
    [
      9200,
      23.99,
      0.041691
    ],
    [
      9300,
      11.35,
      0.088117
    ],
    [
      9400,
      10.65,
      0.093939
    ],
    [
      9500,
      10.66,
      0.093791
    ],
    [
      9600,
      10.68,
      0.093672
    ],
    [
      9700,
      22.42,
      0.044609
    ],
    [
      9800,
      22.28,
      0.044884
    ],
    [
      9900,
      11.91,
      0.08397
    ]
  ],
  "steps_taken": 10000,
  "elapsed_seconds": 6.28,
  "max_level": 0,
  "L1_solved": false,
  "L2_solved": false,
  "l1_step": null,
  "l2_step": null,
  "level_first_step": {},
  "arc_score": 0.0,
  "arc_per_level": {},
  "solver_level_steps": {
    "1": 24,
    "2": 78,
    "3": 94,
    "4": 108,
    "5": 124,
    "6": 140
  },
  "repr_log_enc_n": 100,
  "repr_log_enc_levels": 1,
  "I3_rho": -0.1071,
  "I3_rho_pass": false,
  "I3_cv": 4.577232,
  "I3_counts_at_200": [
    0.0,
    1.0,
    0.0,
    0.0,
    0.0,
    0.0,
    0.0
  ],
  "I1_enc_within": null,
  "I1_enc_between": null,
  "I1_enc_p_value": 1.0,
  "I1_enc_pass": false,
  "I1_act_within": null,
  "I1_act_between": null,
  "I1_act_p_value": 1.0,
  "I1_act_pass": false,
  "I4_entropy_100": 4.5774,
  "I4_entropy_5000": 7.8383,
  "I4_reduction_pct": -71.24,
  "I4_pass": false,
  "I5_level_actions": null,
  "I5_pass": null,
  "R3_jacobian_diff": 0.064,
  "R3_n_obs_used": 100,
  "R3_pass": true,
  "SAL_rho": 0.3929,
  "SAL_pass": true,
  "SAL_n_actions_visited": 7,
  "pe_snapshots": {
    "100": {
      "mean": 3.1e-05,
      "max": 0.003608,
      "top7": [
        0.0,
        0.0,
        0.0,
        0.0,
        0.0,
        0.0,
        0.0
      ]
    },
    "1000": {
      "mean": 0.001105,
      "max": 0.188995,
      "top7": [
        0.0,
        0.000967,
        0.0,
        0.0,
        0.0,
        0.0,
        0.0
      ]
    },
    "5000": {
      "mean": 0.004387,
      "max": 0.276634,
      "top7": [
        0.000994,
        0.003519,
        0.197488,
        0.079902,
        0.0,
        0.0,
        0.0
      ]
    }
  }
}