{
  "game": "cd82",
  "condition": "softmax",
  "draw": 3,
  "seed": 300,
  "use_softmax": true,
  "mean_temperature": 10033.7879,
  "T_trajectory": [
    [
      0,
      100000000.0,
      0.0
    ],
    [
      100,
      279.67,
      0.003576
    ],
    [
      200,
      281.2,
      0.003556
    ],
    [
      300,
      281.67,
      0.00355
    ],
    [
      400,
      10.98,
      0.091035
    ],
    [
      500,
      13.05,
      0.076646
    ],
    [
      600,
      13.09,
      0.0764
    ],
    [
      700,
      13.05,
      0.076656
    ],
    [
      800,
      12.82,
      0.077997
    ],
    [
      900,
      14.85,
      0.067344
    ],
    [
      1000,
      12.93,
      0.077316
    ],
    [
      1100,
      17.09,
      0.05852
    ],
    [
      1200,
      18.6,
      0.053773
    ],
    [
      1300,
      19.22,
      0.052042
    ],
    [
      1400,
      20.66,
      0.048395
    ],
    [
      1500,
      22.12,
      0.045214
    ],
    [
      1600,
      23.58,
      0.042416
    ],
    [
      1700,
      25.04,
      0.039938
    ],
    [
      1800,
      26.51,
      0.037729
    ],
    [
      1900,
      12.81,
      0.078091
    ],
    [
      2000,
      24.98,
      0.040036
    ],
    [
      2100,
      12.84,
      0.077907
    ],
    [
      2200,
      23.51,
      0.042537
    ],
    [
      2300,
      12.81,
      0.078069
    ],
    [
      2400,
      23.93,
      0.04179
    ],
    [
      2500,
      12.85,
      0.077794
    ],
    [
      2600,
      12.89,
      0.077569
    ],
    [
      2700,
      20.18,
      0.049566
    ],
    [
      2800,
      20.91,
      0.047828
    ],
    [
      2900,
      12.85,
      0.077813
    ],
    [
      3000,
      21.41,
      0.046713
    ],
    [
      3100,
      12.85,
      0.077799
    ],
    [
      3200,
      21.07,
      0.047466
    ],
    [
      3300,
      21.72,
      0.04605
    ],
    [
      3400,
      22.36,
      0.044715
    ],
    [
      3500,
      23.01,
      0.043453
    ],
    [
      3600,
      12.81,
      0.078094
    ],
    [
      3700,
      17.79,
      0.056224
    ],
    [
      3800,
      22.9,
      0.043669
    ],
    [
      3900,
      21.32,
      0.0469
    ],
    [
      4000,
      12.84,
      0.077871
    ],
    [
      4100,
      20.85,
      0.047963
    ],
    [
      4200,
      21.35,
      0.04684
    ],
    [
      4300,
      12.82,
      0.078025
    ],
    [
      4400,
      21.58,
      0.046334
    ],
    [
      4500,
      22.07,
      0.045319
    ],
    [
      4600,
      22.55,
      0.044347
    ],
    [
      4700,
      23.03,
      0.043415
    ],
    [
      4800,
      23.52,
      0.042521
    ],
    [
      4900,
      14.21,
      0.070376
    ],
    [
      5000,
      22.26,
      0.044924
    ],
    [
      5100,
      21.74,
      0.045993
    ],
    [
      5200,
      21.93,
      0.045607
    ],
    [
      5300,
      12.87,
      0.077723
    ],
    [
      5400,
      22.43,
      0.044584
    ],
    [
      5500,
      22.63,
      0.044193
    ],
    [
      5600,
      22.03,
      0.045403
    ],
    [
      5700,
      22.24,
      0.04497
    ],
    [
      5800,
      12.76,
      0.078351
    ],
    [
      5900,
      12.8,
      0.078138
    ],
    [
      6000,
      21.13,
      0.047329
    ],
    [
      6100,
      12.81,
      0.078094
    ],
    [
      6200,
      20.82,
      0.048039
    ],
    [
      6300,
      20.94,
      0.047767
    ],
    [
      6400,
      21.27,
      0.047019
    ],
    [
      6500,
      12.8,
      0.078126
    ],
    [
      6600,
      20.83,
      0.047998
    ],
    [
      6700,
      21.14,
      0.047293
    ],
    [
      6800,
      13.22,
      0.075665
    ],
    [
      6900,
      16.9,
      0.059183
    ],
    [
      7000,
      21.81,
      0.045845
    ],
    [
      7100,
      12.79,
      0.078211
    ],
    [
      7200,
      20.56,
      0.048643
    ],
    [
      7300,
      20.84,
      0.047988
    ],
    [
      7400,
      12.8,
      0.078138
    ],
    [
      7500,
      20.43,
      0.048956
    ],
    [
      7600,
      20.69,
      0.048323
    ],
    [
      7700,
      15.48,
      0.064602
    ],
    [
      7800,
      13.14,
      0.076117
    ],
    [
      7900,
      12.79,
      0.07819
    ],
    [
      8000,
      12.81,
      0.078062
    ],
    [
      8100,
      12.82,
      0.078021
    ],
    [
      8200,
      12.82,
      0.077984
    ],
    [
      8300,
      19.29,
      0.051847
    ],
    [
      8400,
      16.42,
      0.060896
    ],
    [
      8500,
      12.82,
      0.078007
    ],
    [
      8600,
      12.83,
      0.07795
    ],
    [
      8700,
      18.82,
      0.053143
    ],
    [
      8800,
      12.83,
      0.077936
    ],
    [
      8900,
      12.84,
      0.077897
    ],
    [
      9000,
      18.22,
      0.054875
    ],
    [
      9100,
      12.84,
      0.07791
    ],
    [
      9200,
      12.84,
      0.077884
    ],
    [
      9300,
      17.77,
      0.05628
    ],
    [
      9400,
      12.84,
      0.077859
    ],
    [
      9500,
      17.78,
      0.056239
    ],
    [
      9600,
      17.96,
      0.055668
    ],
    [
      9700,
      18.15,
      0.055108
    ],
    [
      9800,
      12.84,
      0.077898
    ],
    [
      9900,
      12.84,
      0.077889
    ]
  ],
  "steps_taken": 10000,
  "elapsed_seconds": 6.31,
  "max_level": 0,
  "L1_solved": false,
  "L2_solved": false,
  "l1_step": null,
  "l2_step": null,
  "level_first_step": {},
  "arc_score": 0.0,
  "arc_per_level": {},
  "solver_level_steps": {
    "1": 24,
    "2": 78,
    "3": 94,
    "4": 108,
    "5": 124,
    "6": 140
  },
  "repr_log_enc_n": 100,
  "repr_log_enc_levels": 1,
  "I3_rho": 0.3929,
  "I3_rho_pass": false,
  "I3_cv": 4.53219,
  "I3_counts_at_200": [
    0.0,
    0.0,
    0.0,
    0.0,
    0.0,
    0.0,
    0.0
  ],
  "I1_enc_within": null,
  "I1_enc_between": null,
  "I1_enc_p_value": 1.0,
  "I1_enc_pass": false,
  "I1_act_within": null,
  "I1_act_between": null,
  "I1_act_p_value": 1.0,
  "I1_act_pass": false,
  "I4_entropy_100": 4.5636,
  "I4_entropy_5000": 7.8589,
  "I4_reduction_pct": -72.21,
  "I4_pass": false,
  "I5_level_actions": null,
  "I5_pass": null,
  "R3_jacobian_diff": 0.0562,
  "R3_n_obs_used": 100,
  "R3_pass": true,
  "SAL_rho": -0.3571,
  "SAL_pass": false,
  "SAL_n_actions_visited": 7,
  "pe_snapshots": {
    "100": {
      "mean": 3e-05,
      "max": 0.003483,
      "top7": [
        0.0,
        0.0,
        0.0,
        0.0,
        0.0,
        0.0,
        0.0
      ]
    },
    "1000": {
      "mean": 0.001754,
      "max": 0.189052,
      "top7": [
        0.0,
        0.0,
        0.0,
        0.13365,
        0.0,
        0.0,
        0.0
      ]
    },
    "5000": {
      "mean": 0.004254,
      "max": 0.277463,
      "top7": [
        0.003431,
        0.00128,
        0.045119,
        0.13365,
        0.0,
        0.0,
        0.0
      ]
    }
  }
}