{
  "game": "cn04",
  "condition": "softmax",
  "draw": 3,
  "seed": 300,
  "use_softmax": true,
  "mean_temperature": 26140.2267,
  "T_trajectory": [
    [
      0,
      100000000.0,
      0.0
    ],
    [
      100,
      8.19,
      0.122126
    ],
    [
      200,
      15.88,
      0.062965
    ],
    [
      300,
      7.37,
      0.13565
    ],
    [
      400,
      14.18,
      0.070534
    ],
    [
      500,
      18.3,
      0.054659
    ],
    [
      600,
      8.62,
      0.115991
    ],
    [
      700,
      6.93,
      0.144377
    ],
    [
      800,
      6.59,
      0.151667
    ],
    [
      900,
      7.43,
      0.134641
    ],
    [
      1000,
      7.51,
      0.133143
    ],
    [
      1100,
      9.56,
      0.104581
    ],
    [
      1200,
      8.49,
      0.117749
    ],
    [
      1300,
      15.1,
      0.066232
    ],
    [
      1400,
      6.54,
      0.152828
    ],
    [
      1500,
      7.66,
      0.130502
    ],
    [
      1600,
      15.5,
      0.06453
    ],
    [
      1700,
      16.46,
      0.060758
    ],
    [
      1800,
      7.75,
      0.129018
    ],
    [
      1900,
      6.57,
      0.152256
    ],
    [
      2000,
      6.67,
      0.14991
    ],
    [
      2100,
      9.46,
      0.105711
    ],
    [
      2200,
      14.97,
      0.066812
    ],
    [
      2300,
      12.64,
      0.0791
    ],
    [
      2400,
      8.96,
      0.111614
    ],
    [
      2500,
      11.41,
      0.087638
    ],
    [
      2600,
      7.78,
      0.128482
    ],
    [
      2700,
      7.38,
      0.135499
    ],
    [
      2800,
      6.51,
      0.153588
    ],
    [
      2900,
      10.06,
      0.099391
    ],
    [
      3000,
      8.78,
      0.113846
    ],
    [
      3100,
      13.94,
      0.071746
    ],
    [
      3200,
      6.36,
      0.157193
    ],
    [
      3300,
      7.66,
      0.130611
    ],
    [
      3400,
      13.97,
      0.071604
    ],
    [
      3500,
      5.53,
      0.180981
    ],
    [
      3600,
      8.8,
      0.113648
    ],
    [
      3700,
      13.7,
      0.072996
    ],
    [
      3800,
      10.79,
      0.092683
    ],
    [
      3900,
      7.66,
      0.130521
    ],
    [
      4000,
      12.28,
      0.081447
    ],
    [
      4100,
      14.33,
      0.06976
    ],
    [
      4200,
      8.75,
      0.11435
    ],
    [
      4300,
      14.29,
      0.069981
    ],
    [
      4400,
      10.33,
      0.096824
    ],
    [
      4500,
      6.82,
      0.146525
    ],
    [
      4600,
      13.73,
      0.072808
    ],
    [
      4700,
      14.23,
      0.07028
    ],
    [
      4800,
      7.68,
      0.130138
    ],
    [
      4900,
      6.33,
      0.15788
    ],
    [
      5000,
      14.6,
      0.068481
    ],
    [
      5100,
      5.68,
      0.176029
    ],
    [
      5200,
      10.05,
      0.099526
    ],
    [
      5300,
      14.25,
      0.07016
    ],
    [
      5400,
      6.56,
      0.152516
    ],
    [
      5500,
      12.14,
      0.082373
    ],
    [
      5600,
      14.05,
      0.071164
    ],
    [
      5700,
      6.67,
      0.149938
    ],
    [
      5800,
      5.66,
      0.176646
    ],
    [
      5900,
      5.86,
      0.170789
    ],
    [
      6000,
      5.26,
      0.190132
    ],
    [
      6100,
      11.99,
      0.083377
    ],
    [
      6200,
      14.08,
      0.071039
    ],
    [
      6300,
      5.28,
      0.189246
    ],
    [
      6400,
      9.58,
      0.104425
    ],
    [
      6500,
      5.41,
      0.184877
    ],
    [
      6600,
      7.54,
      0.132663
    ],
    [
      6700,
      13.76,
      0.072649
    ],
    [
      6800,
      6.87,
      0.145595
    ],
    [
      6900,
      8.01,
      0.124796
    ],
    [
      7000,
      5.27,
      0.18972
    ],
    [
      7100,
      13.76,
      0.072689
    ],
    [
      7200,
      5.28,
      0.189265
    ],
    [
      7300,
      13.35,
      0.074895
    ],
    [
      7400,
      5.24,
      0.190687
    ],
    [
      7500,
      5.97,
      0.167627
    ],
    [
      7600,
      4.73,
      0.211588
    ],
    [
      7700,
      4.46,
      0.224202
    ],
    [
      7800,
      7.68,
      0.13026
    ],
    [
      7900,
      5.7,
      0.175415
    ],
    [
      8000,
      4.27,
      0.234019
    ],
    [
      8100,
      4.98,
      0.200633
    ],
    [
      8200,
      4.38,
      0.22828
    ],
    [
      8300,
      6.14,
      0.162769
    ],
    [
      8400,
      7.29,
      0.137188
    ],
    [
      8500,
      12.95,
      0.077205
    ],
    [
      8600,
      4.99,
      0.200528
    ],
    [
      8700,
      6.06,
      0.164956
    ],
    [
      8800,
      4.47,
      0.223713
    ],
    [
      8900,
      9.41,
      0.106272
    ],
    [
      9000,
      4.71,
      0.212369
    ],
    [
      9100,
      4.67,
      0.214136
    ],
    [
      9200,
      5.09,
      0.19637
    ],
    [
      9300,
      7.28,
      0.137436
    ],
    [
      9400,
      13.15,
      0.076044
    ],
    [
      9500,
      5.36,
      0.186566
    ],
    [
      9600,
      5.33,
      0.187713
    ],
    [
      9700,
      6.12,
      0.163286
    ],
    [
      9800,
      3.96,
      0.252752
    ],
    [
      9900,
      7.28,
      0.137449
    ]
  ],
  "steps_taken": 10000,
  "elapsed_seconds": 4.44,
  "max_level": 0,
  "L1_solved": false,
  "L2_solved": false,
  "l1_step": null,
  "l2_step": null,
  "level_first_step": {},
  "arc_score": 0.0,
  "arc_per_level": {},
  "solver_level_steps": {
    "1": 9,
    "2": 28,
    "3": 48,
    "4": 68,
    "5": 107
  },
  "repr_log_enc_n": 100,
  "repr_log_enc_levels": 1,
  "I3_rho": -0.6786,
  "I3_rho_pass": false,
  "I3_cv": 4.509501,
  "I3_counts_at_200": [
    0.0,
    0.0,
    0.0,
    0.0,
    0.0,
    0.0,
    0.0
  ],
  "I1_enc_within": null,
  "I1_enc_between": null,
  "I1_enc_p_value": 1.0,
  "I1_enc_pass": false,
  "I1_act_within": null,
  "I1_act_between": null,
  "I1_act_p_value": 1.0,
  "I1_act_pass": false,
  "I4_entropy_100": 4.5774,
  "I4_entropy_5000": 7.8408,
  "I4_reduction_pct": -71.29,
  "I4_pass": false,
  "I5_level_actions": null,
  "I5_pass": null,
  "R3_jacobian_diff": 0.0558,
  "R3_n_obs_used": 100,
  "R3_pass": true,
  "SAL_rho": -0.2143,
  "SAL_pass": false,
  "SAL_n_actions_visited": 7,
  "pe_snapshots": {
    "100": {
      "mean": 0.00103,
      "max": 0.108949,
      "top7": [
        0.0,
        0.0,
        0.0,
        0.0,
        0.0,
        0.0,
        0.0
      ]
    },
    "1000": {
      "mean": 0.005842,
      "max": 0.223683,
      "top7": [
        0.0,
        0.0,
        0.0,
        0.122617,
        0.0,
        0.0,
        0.0
      ]
    },
    "5000": {
      "mean": 0.020463,
      "max": 0.403153,
      "top7": [
        0.076547,
        0.04258,
        0.035562,
        0.122617,
        0.0,
        0.0,
        0.0
      ]
    }
  }
}