{
  "game": "cn04",
  "condition": "softmax",
  "draw": 4,
  "seed": 400,
  "use_softmax": true,
  "mean_temperature": 10008.2847,
  "T_trajectory": [
    [
      0,
      100000000.0,
      0.0
    ],
    [
      100,
      9.82,
      0.101792
    ],
    [
      200,
      12.14,
      0.082341
    ],
    [
      300,
      8.34,
      0.119854
    ],
    [
      400,
      11.7,
      0.085456
    ],
    [
      500,
      9.42,
      0.106206
    ],
    [
      600,
      8.21,
      0.121808
    ],
    [
      700,
      8.07,
      0.123926
    ],
    [
      800,
      8.32,
      0.120155
    ],
    [
      900,
      7.76,
      0.128856
    ],
    [
      1000,
      8.02,
      0.124621
    ],
    [
      1100,
      12.61,
      0.079291
    ],
    [
      1200,
      8.75,
      0.114314
    ],
    [
      1300,
      7.84,
      0.127482
    ],
    [
      1400,
      7.72,
      0.129484
    ],
    [
      1500,
      8.27,
      0.120948
    ],
    [
      1600,
      10.17,
      0.098285
    ],
    [
      1700,
      8.56,
      0.116853
    ],
    [
      1800,
      8.36,
      0.119571
    ],
    [
      1900,
      6.93,
      0.144362
    ],
    [
      2000,
      12.85,
      0.077828
    ],
    [
      2100,
      8.13,
      0.123052
    ],
    [
      2200,
      8.57,
      0.116667
    ],
    [
      2300,
      12.51,
      0.079951
    ],
    [
      2400,
      8.41,
      0.118953
    ],
    [
      2500,
      8.75,
      0.114262
    ],
    [
      2600,
      6.91,
      0.144628
    ],
    [
      2700,
      8.45,
      0.118289
    ],
    [
      2800,
      7.38,
      0.135579
    ],
    [
      2900,
      12.85,
      0.077825
    ],
    [
      3000,
      7.97,
      0.125416
    ],
    [
      3100,
      7.99,
      0.125165
    ],
    [
      3200,
      12.22,
      0.081848
    ],
    [
      3300,
      8.26,
      0.121035
    ],
    [
      3400,
      6.24,
      0.160328
    ],
    [
      3500,
      6.32,
      0.158315
    ],
    [
      3600,
      7.79,
      0.128423
    ],
    [
      3700,
      7.85,
      0.12744
    ],
    [
      3800,
      7.67,
      0.13034
    ],
    [
      3900,
      7.86,
      0.1272
    ],
    [
      4000,
      12.29,
      0.081385
    ],
    [
      4100,
      7.56,
      0.132196
    ],
    [
      4200,
      7.78,
      0.128476
    ],
    [
      4300,
      6.21,
      0.160912
    ],
    [
      4400,
      10.92,
      0.091581
    ],
    [
      4500,
      7.58,
      0.131998
    ],
    [
      4600,
      5.7,
      0.175308
    ],
    [
      4700,
      5.67,
      0.176454
    ],
    [
      4800,
      7.43,
      0.134547
    ],
    [
      4900,
      5.55,
      0.180029
    ],
    [
      5000,
      7.41,
      0.134951
    ],
    [
      5100,
      7.41,
      0.134989
    ],
    [
      5200,
      6.53,
      0.153097
    ],
    [
      5300,
      5.43,
      0.184178
    ],
    [
      5400,
      7.08,
      0.141305
    ],
    [
      5500,
      6.89,
      0.145055
    ],
    [
      5600,
      7.16,
      0.139594
    ],
    [
      5700,
      7.35,
      0.136002
    ],
    [
      5800,
      11.84,
      0.084426
    ],
    [
      5900,
      5.42,
      0.184605
    ],
    [
      6000,
      6.74,
      0.148436
    ],
    [
      6100,
      7.01,
      0.142723
    ],
    [
      6200,
      5.32,
      0.187968
    ],
    [
      6300,
      6.94,
      0.144009
    ],
    [
      6400,
      6.92,
      0.144506
    ],
    [
      6500,
      6.35,
      0.157478
    ],
    [
      6600,
      7.2,
      0.138832
    ],
    [
      6700,
      5.2,
      0.192324
    ],
    [
      6800,
      6.8,
      0.147022
    ],
    [
      6900,
      7.4,
      0.135224
    ],
    [
      7000,
      6.77,
      0.147728
    ],
    [
      7100,
      11.04,
      0.090561
    ],
    [
      7200,
      6.68,
      0.149627
    ],
    [
      7300,
      5.08,
      0.196686
    ],
    [
      7400,
      10.57,
      0.094598
    ],
    [
      7500,
      6.71,
      0.148973
    ],
    [
      7600,
      6.3,
      0.158624
    ],
    [
      7700,
      4.94,
      0.202451
    ],
    [
      7800,
      7.41,
      0.134883
    ],
    [
      7900,
      6.53,
      0.153249
    ],
    [
      8000,
      7.32,
      0.136624
    ],
    [
      8100,
      7.31,
      0.136734
    ],
    [
      8200,
      6.47,
      0.154501
    ],
    [
      8300,
      10.6,
      0.09433
    ],
    [
      8400,
      6.59,
      0.15169
    ],
    [
      8500,
      10.31,
      0.096975
    ],
    [
      8600,
      5.78,
      0.1731
    ],
    [
      8700,
      7.08,
      0.141155
    ],
    [
      8800,
      6.13,
      0.163257
    ],
    [
      8900,
      10.2,
      0.098046
    ],
    [
      9000,
      6.37,
      0.157035
    ],
    [
      9100,
      7.11,
      0.140744
    ],
    [
      9200,
      10.32,
      0.0969
    ],
    [
      9300,
      6.91,
      0.144648
    ],
    [
      9400,
      4.6,
      0.217245
    ],
    [
      9500,
      5.67,
      0.176332
    ],
    [
      9600,
      6.88,
      0.145425
    ],
    [
      9700,
      6.47,
      0.154466
    ],
    [
      9800,
      10.01,
      0.099895
    ],
    [
      9900,
      5.79,
      0.172667
    ]
  ],
  "steps_taken": 10000,
  "elapsed_seconds": 4.7,
  "max_level": 0,
  "L1_solved": false,
  "L2_solved": false,
  "l1_step": null,
  "l2_step": null,
  "level_first_step": {},
  "arc_score": 0.0,
  "arc_per_level": {},
  "solver_level_steps": {
    "1": 9,
    "2": 28,
    "3": 48,
    "4": 68,
    "5": 107
  },
  "repr_log_enc_n": 100,
  "repr_log_enc_levels": 1,
  "I3_rho": -0.6786,
  "I3_rho_pass": false,
  "I3_cv": 4.486697,
  "I3_counts_at_200": [
    0.0,
    0.0,
    1.0,
    0.0,
    0.0,
    0.0,
    0.0
  ],
  "I1_enc_within": null,
  "I1_enc_between": null,
  "I1_enc_p_value": 1.0,
  "I1_enc_pass": false,
  "I1_act_within": null,
  "I1_act_between": null,
  "I1_act_p_value": 1.0,
  "I1_act_pass": false,
  "I4_entropy_100": 4.5913,
  "I4_entropy_5000": 7.8541,
  "I4_reduction_pct": -71.07,
  "I4_pass": false,
  "I5_level_actions": null,
  "I5_pass": null,
  "R3_jacobian_diff": 0.0623,
  "R3_n_obs_used": 100,
  "R3_pass": true,
  "SAL_rho": -0.1786,
  "SAL_pass": false,
  "SAL_n_actions_visited": 7,
  "pe_snapshots": {
    "100": {
      "mean": 0.000919,
      "max": 0.094674,
      "top7": [
        0.0,
        0.0,
        0.061893,
        0.0,
        0.0,
        0.0,
        0.0
      ]
    },
    "1000": {
      "mean": 0.005622,
      "max": 0.268149,
      "top7": [
        0.05556,
        0.0,
        0.061893,
        0.0,
        0.0,
        0.0,
        0.022111
      ]
    },
    "5000": {
      "mean": 0.020361,
      "max": 0.483778,
      "top7": [
        0.059986,
        0.057074,
        0.155476,
        0.0,
        0.017805,
        0.0052,
        0.025659
      ]
    }
  }
}