{
  "game": "cn04",
  "condition": "softmax",
  "draw": 5,
  "seed": 500,
  "use_softmax": true,
  "mean_temperature": 26047.0329,
  "T_trajectory": [
    [
      0,
      100000000.0,
      0.0
    ],
    [
      100,
      13.86,
      0.072148
    ],
    [
      200,
      6.11,
      0.163799
    ],
    [
      300,
      7.42,
      0.134792
    ],
    [
      400,
      7.49,
      0.133573
    ],
    [
      500,
      7.56,
      0.132356
    ],
    [
      600,
      7.6,
      0.131605
    ],
    [
      700,
      12.82,
      0.078009
    ],
    [
      800,
      12.77,
      0.078305
    ],
    [
      900,
      6.38,
      0.156814
    ],
    [
      1000,
      10.41,
      0.096018
    ],
    [
      1100,
      7.02,
      0.142444
    ],
    [
      1200,
      6.54,
      0.153019
    ],
    [
      1300,
      6.84,
      0.146126
    ],
    [
      1400,
      6.44,
      0.155377
    ],
    [
      1500,
      7.28,
      0.137269
    ],
    [
      1600,
      6.27,
      0.159602
    ],
    [
      1700,
      13.67,
      0.073134
    ],
    [
      1800,
      7.34,
      0.136197
    ],
    [
      1900,
      7.75,
      0.129021
    ],
    [
      2000,
      12.04,
      0.083085
    ],
    [
      2100,
      7.46,
      0.134031
    ],
    [
      2200,
      6.35,
      0.157358
    ],
    [
      2300,
      7.59,
      0.131738
    ],
    [
      2400,
      9.55,
      0.104717
    ],
    [
      2500,
      5.76,
      0.173488
    ],
    [
      2600,
      6.34,
      0.157624
    ],
    [
      2700,
      8.77,
      0.114008
    ],
    [
      2800,
      7.72,
      0.12958
    ],
    [
      2900,
      14.38,
      0.069539
    ],
    [
      3000,
      6.51,
      0.153544
    ],
    [
      3100,
      6.19,
      0.161503
    ],
    [
      3200,
      11.03,
      0.090674
    ],
    [
      3300,
      9.04,
      0.110628
    ],
    [
      3400,
      6.04,
      0.165541
    ],
    [
      3500,
      6.07,
      0.164831
    ],
    [
      3600,
      7.67,
      0.130307
    ],
    [
      3700,
      5.15,
      0.194216
    ],
    [
      3800,
      5.98,
      0.167114
    ],
    [
      3900,
      7.42,
      0.134753
    ],
    [
      4000,
      7.39,
      0.135245
    ],
    [
      4100,
      6.91,
      0.144798
    ],
    [
      4200,
      6.1,
      0.16402
    ],
    [
      4300,
      6.19,
      0.161567
    ],
    [
      4400,
      7.77,
      0.128726
    ],
    [
      4500,
      6.67,
      0.150037
    ],
    [
      4600,
      13.63,
      0.073358
    ],
    [
      4700,
      7.4,
      0.135095
    ],
    [
      4800,
      7.11,
      0.140636
    ],
    [
      4900,
      4.96,
      0.201805
    ],
    [
      5000,
      14.44,
      0.069274
    ],
    [
      5100,
      8.97,
      0.111511
    ],
    [
      5200,
      5.88,
      0.17013
    ],
    [
      5300,
      5.84,
      0.171256
    ],
    [
      5400,
      7.49,
      0.133512
    ],
    [
      5500,
      13.96,
      0.071633
    ],
    [
      5600,
      8.85,
      0.112975
    ],
    [
      5700,
      6.02,
      0.166068
    ],
    [
      5800,
      14.11,
      0.070847
    ],
    [
      5900,
      7.19,
      0.139132
    ],
    [
      6000,
      7.96,
      0.125604
    ],
    [
      6100,
      6.47,
      0.154591
    ],
    [
      6200,
      5.43,
      0.184264
    ],
    [
      6300,
      8.58,
      0.116547
    ],
    [
      6400,
      4.27,
      0.233986
    ],
    [
      6500,
      4.34,
      0.230449
    ],
    [
      6600,
      7.1,
      0.140884
    ],
    [
      6700,
      13.88,
      0.072043
    ],
    [
      6800,
      6.37,
      0.157041
    ],
    [
      6900,
      8.1,
      0.123396
    ],
    [
      7000,
      4.23,
      0.23631
    ],
    [
      7100,
      13.95,
      0.071698
    ],
    [
      7200,
      7.32,
      0.136695
    ],
    [
      7300,
      15.37,
      0.06507
    ],
    [
      7400,
      5.04,
      0.198486
    ],
    [
      7500,
      6.92,
      0.144471
    ],
    [
      7600,
      4.3,
      0.232755
    ],
    [
      7700,
      13.69,
      0.073034
    ],
    [
      7800,
      8.06,
      0.124021
    ],
    [
      7900,
      13.64,
      0.073297
    ],
    [
      8000,
      10.01,
      0.099894
    ],
    [
      8100,
      5.38,
      0.185901
    ],
    [
      8200,
      5.12,
      0.195427
    ],
    [
      8300,
      12.67,
      0.078903
    ],
    [
      8400,
      6.55,
      0.152752
    ],
    [
      8500,
      4.07,
      0.245565
    ],
    [
      8600,
      4.51,
      0.221855
    ],
    [
      8700,
      7.79,
      0.128314
    ],
    [
      8800,
      4.32,
      0.231667
    ],
    [
      8900,
      5.17,
      0.193354
    ],
    [
      9000,
      4.98,
      0.201003
    ],
    [
      9100,
      4.88,
      0.205099
    ],
    [
      9200,
      4.86,
      0.205686
    ],
    [
      9300,
      7.36,
      0.135947
    ],
    [
      9400,
      13.18,
      0.075892
    ],
    [
      9500,
      4.5,
      0.22216
    ],
    [
      9600,
      7.66,
      0.130558
    ],
    [
      9700,
      7.14,
      0.140047
    ],
    [
      9800,
      3.86,
      0.258914
    ],
    [
      9900,
      7.04,
      0.142065
    ]
  ],
  "steps_taken": 10000,
  "elapsed_seconds": 4.62,
  "max_level": 0,
  "L1_solved": false,
  "L2_solved": false,
  "l1_step": null,
  "l2_step": null,
  "level_first_step": {},
  "arc_score": 0.0,
  "arc_per_level": {},
  "solver_level_steps": {
    "1": 9,
    "2": 28,
    "3": 48,
    "4": 68,
    "5": 107
  },
  "repr_log_enc_n": 100,
  "repr_log_enc_levels": 1,
  "I3_rho": -0.6786,
  "I3_rho_pass": false,
  "I3_cv": 4.509501,
  "I3_counts_at_200": [
    0.0,
    0.0,
    0.0,
    0.0,
    0.0,
    0.0,
    0.0
  ],
  "I1_enc_within": null,
  "I1_enc_between": null,
  "I1_enc_p_value": 1.0,
  "I1_enc_pass": false,
  "I1_act_within": null,
  "I1_act_between": null,
  "I1_act_p_value": 1.0,
  "I1_act_pass": false,
  "I4_entropy_100": 4.6052,
  "I4_entropy_5000": 7.824,
  "I4_reduction_pct": -69.9,
  "I4_pass": false,
  "I5_level_actions": null,
  "I5_pass": null,
  "R3_jacobian_diff": 0.0495,
  "R3_n_obs_used": 100,
  "R3_pass": false,
  "SAL_rho": 0.25,
  "SAL_pass": true,
  "SAL_n_actions_visited": 5,
  "pe_snapshots": {
    "100": {
      "mean": 0.001039,
      "max": 0.135794,
      "top7": [
        0.0,
        0.0,
        0.0,
        0.0,
        0.0,
        0.0,
        0.0
      ]
    },
    "1000": {
      "mean": 0.005649,
      "max": 0.272356,
      "top7": [
        0.0,
        0.0,
        0.0,
        0.0,
        0.0,
        0.0,
        0.0
      ]
    },
    "5000": {
      "mean": 0.019417,
      "max": 0.560487,
      "top7": [
        0.058744,
        0.0,
        0.099394,
        0.0,
        0.007295,
        0.0,
        0.0
      ]
    }
  }
}