{
  "game": "cn04",
  "condition": "softmax",
  "draw": 2,
  "seed": 200,
  "use_softmax": true,
  "mean_temperature": 26049.4263,
  "T_trajectory": [
    [
      0,
      100000000.0,
      0.0
    ],
    [
      100,
      11.59,
      0.086302
    ],
    [
      200,
      16.21,
      0.061691
    ],
    [
      300,
      9.17,
      0.109033
    ],
    [
      400,
      7.59,
      0.131794
    ],
    [
      500,
      15.54,
      0.064348
    ],
    [
      600,
      8.28,
      0.120734
    ],
    [
      700,
      7.54,
      0.132662
    ],
    [
      800,
      13.2,
      0.075776
    ],
    [
      900,
      6.22,
      0.16073
    ],
    [
      1000,
      12.34,
      0.081051
    ],
    [
      1100,
      6.48,
      0.15443
    ],
    [
      1200,
      8.14,
      0.122793
    ],
    [
      1300,
      6.47,
      0.154614
    ],
    [
      1400,
      6.46,
      0.154688
    ],
    [
      1500,
      5.88,
      0.170164
    ],
    [
      1600,
      11.78,
      0.084896
    ],
    [
      1700,
      12.3,
      0.081319
    ],
    [
      1800,
      6.18,
      0.16174
    ],
    [
      1900,
      6.11,
      0.163621
    ],
    [
      2000,
      6.08,
      0.164435
    ],
    [
      2100,
      5.21,
      0.192066
    ],
    [
      2200,
      12.33,
      0.081106
    ],
    [
      2300,
      12.54,
      0.079776
    ],
    [
      2400,
      7.76,
      0.128841
    ],
    [
      2500,
      11.63,
      0.085978
    ],
    [
      2600,
      5.98,
      0.167266
    ],
    [
      2700,
      7.62,
      0.131182
    ],
    [
      2800,
      12.06,
      0.08291
    ],
    [
      2900,
      9.96,
      0.100393
    ],
    [
      3000,
      7.61,
      0.13147
    ],
    [
      3100,
      5.65,
      0.177041
    ],
    [
      3200,
      5.67,
      0.176403
    ],
    [
      3300,
      6.66,
      0.150217
    ],
    [
      3400,
      6.97,
      0.143557
    ],
    [
      3500,
      12.14,
      0.082381
    ],
    [
      3600,
      6.23,
      0.160406
    ],
    [
      3700,
      11.96,
      0.083637
    ],
    [
      3800,
      12.31,
      0.081225
    ],
    [
      3900,
      5.68,
      0.175959
    ],
    [
      4000,
      12.13,
      0.082453
    ],
    [
      4100,
      10.8,
      0.092623
    ],
    [
      4200,
      5.79,
      0.172701
    ],
    [
      4300,
      6.05,
      0.165197
    ],
    [
      4400,
      9.02,
      0.110898
    ],
    [
      4500,
      4.89,
      0.204446
    ],
    [
      4600,
      12.17,
      0.082202
    ],
    [
      4700,
      4.96,
      0.201564
    ],
    [
      4800,
      6.23,
      0.160442
    ],
    [
      4900,
      4.96,
      0.201442
    ],
    [
      5000,
      4.75,
      0.210674
    ],
    [
      5100,
      4.66,
      0.214631
    ],
    [
      5200,
      4.61,
      0.217119
    ],
    [
      5300,
      4.67,
      0.214121
    ],
    [
      5400,
      6.02,
      0.166175
    ],
    [
      5500,
      4.67,
      0.214158
    ],
    [
      5600,
      4.62,
      0.216652
    ],
    [
      5700,
      5.9,
      0.169629
    ],
    [
      5800,
      4.6,
      0.21747
    ],
    [
      5900,
      4.56,
      0.219513
    ],
    [
      6000,
      6.39,
      0.156454
    ],
    [
      6100,
      4.43,
      0.225595
    ],
    [
      6200,
      4.48,
      0.223429
    ],
    [
      6300,
      7.4,
      0.135163
    ],
    [
      6400,
      11.28,
      0.088615
    ],
    [
      6500,
      5.58,
      0.179266
    ],
    [
      6600,
      5.46,
      0.183105
    ],
    [
      6700,
      4.36,
      0.22956
    ],
    [
      6800,
      4.22,
      0.236903
    ],
    [
      6900,
      5.39,
      0.185514
    ],
    [
      7000,
      8.72,
      0.114636
    ],
    [
      7100,
      4.13,
      0.241867
    ],
    [
      7200,
      4.41,
      0.226795
    ],
    [
      7300,
      4.14,
      0.241534
    ],
    [
      7400,
      4.13,
      0.242289
    ],
    [
      7500,
      6.92,
      0.144568
    ],
    [
      7600,
      10.87,
      0.092001
    ],
    [
      7700,
      4.09,
      0.244623
    ],
    [
      7800,
      5.29,
      0.189022
    ],
    [
      7900,
      8.03,
      0.124556
    ],
    [
      8000,
      3.95,
      0.253165
    ],
    [
      8100,
      5.27,
      0.189733
    ],
    [
      8200,
      10.61,
      0.094295
    ],
    [
      8300,
      4.09,
      0.244492
    ],
    [
      8400,
      7.33,
      0.136392
    ],
    [
      8500,
      7.81,
      0.128072
    ],
    [
      8600,
      3.88,
      0.257797
    ],
    [
      8700,
      3.83,
      0.261344
    ],
    [
      8800,
      5.14,
      0.194521
    ],
    [
      8900,
      10.76,
      0.092975
    ],
    [
      9000,
      4.21,
      0.23729
    ],
    [
      9100,
      3.91,
      0.255772
    ],
    [
      9200,
      10.12,
      0.098795
    ],
    [
      9300,
      3.95,
      0.253397
    ],
    [
      9400,
      3.68,
      0.271766
    ],
    [
      9500,
      3.65,
      0.27379
    ],
    [
      9600,
      4.72,
      0.21189
    ],
    [
      9700,
      3.8,
      0.262812
    ],
    [
      9800,
      3.57,
      0.279813
    ],
    [
      9900,
      4.75,
      0.210654
    ]
  ],
  "steps_taken": 10000,
  "elapsed_seconds": 6.45,
  "max_level": 0,
  "L1_solved": false,
  "L2_solved": false,
  "l1_step": null,
  "l2_step": null,
  "level_first_step": {},
  "arc_score": 0.0,
  "arc_per_level": {},
  "solver_level_steps": {
    "1": 9,
    "2": 28,
    "3": 48,
    "4": 68,
    "5": 107
  },
  "repr_log_enc_n": 100,
  "repr_log_enc_levels": 1,
  "I3_rho": 0.0357,
  "I3_rho_pass": false,
  "I3_cv": 4.577232,
  "I3_counts_at_200": [
    0.0,
    1.0,
    0.0,
    0.0,
    0.0,
    0.0,
    0.0
  ],
  "I1_enc_within": null,
  "I1_enc_between": null,
  "I1_enc_p_value": 1.0,
  "I1_enc_pass": false,
  "I1_act_within": null,
  "I1_act_between": null,
  "I1_act_p_value": 1.0,
  "I1_act_pass": false,
  "I4_entropy_100": 4.5774,
  "I4_entropy_5000": 7.8527,
  "I4_reduction_pct": -71.55,
  "I4_pass": false,
  "I5_level_actions": null,
  "I5_pass": null,
  "R3_jacobian_diff": 0.0607,
  "R3_n_obs_used": 100,
  "R3_pass": true,
  "SAL_rho": 0.8929,
  "SAL_pass": true,
  "SAL_n_actions_visited": 7,
  "pe_snapshots": {
    "100": {
      "mean": 0.000713,
      "max": 0.083145,
      "top7": [
        0.0,
        0.0,
        0.0,
        0.0,
        0.0,
        0.0,
        0.0
      ]
    },
    "1000": {
      "mean": 0.004772,
      "max": 0.218061,
      "top7": [
        0.0,
        0.047504,
        0.0,
        0.0,
        0.0,
        0.0,
        0.0
      ]
    },
    "5000": {
      "mean": 0.018605,
      "max": 0.471395,
      "top7": [
        0.056077,
        0.139347,
        0.083544,
        0.007042,
        0.0,
        0.0,
        0.0
      ]
    }
  }
}