{
  "game": "cn04",
  "condition": "softmax",
  "draw": 1,
  "seed": 100,
  "use_softmax": true,
  "mean_temperature": 25901.6371,
  "T_trajectory": [
    [
      0,
      100000000.0,
      0.0
    ],
    [
      100,
      12.92,
      0.077372
    ],
    [
      200,
      6.14,
      0.162919
    ],
    [
      300,
      9.12,
      0.109604
    ],
    [
      400,
      7.65,
      0.130636
    ],
    [
      500,
      9.86,
      0.101425
    ],
    [
      600,
      9.13,
      0.109486
    ],
    [
      700,
      11.35,
      0.08814
    ],
    [
      800,
      9.15,
      0.10928
    ],
    [
      900,
      8.49,
      0.117775
    ],
    [
      1000,
      12.9,
      0.077498
    ],
    [
      1100,
      7.75,
      0.12911
    ],
    [
      1200,
      10.22,
      0.097844
    ],
    [
      1300,
      9.51,
      0.105142
    ],
    [
      1400,
      8.28,
      0.12073
    ],
    [
      1500,
      7.78,
      0.128493
    ],
    [
      1600,
      7.49,
      0.133506
    ],
    [
      1700,
      6.08,
      0.164561
    ],
    [
      1800,
      8.27,
      0.120867
    ],
    [
      1900,
      5.71,
      0.175235
    ],
    [
      2000,
      6.56,
      0.15249
    ],
    [
      2100,
      9.24,
      0.108262
    ],
    [
      2200,
      12.68,
      0.07889
    ],
    [
      2300,
      5.28,
      0.189378
    ],
    [
      2400,
      9.32,
      0.107265
    ],
    [
      2500,
      5.75,
      0.173886
    ],
    [
      2600,
      7.65,
      0.130791
    ],
    [
      2700,
      7.3,
      0.136947
    ],
    [
      2800,
      10.63,
      0.094057
    ],
    [
      2900,
      6.03,
      0.165835
    ],
    [
      3000,
      8.66,
      0.115516
    ],
    [
      3100,
      6.12,
      0.163397
    ],
    [
      3200,
      8.17,
      0.122399
    ],
    [
      3300,
      8.07,
      0.12391
    ],
    [
      3400,
      7.76,
      0.128939
    ],
    [
      3500,
      11.86,
      0.084343
    ],
    [
      3600,
      7.51,
      0.133213
    ],
    [
      3700,
      8.13,
      0.122965
    ],
    [
      3800,
      12.2,
      0.081982
    ],
    [
      3900,
      6.31,
      0.158595
    ],
    [
      4000,
      7.42,
      0.134805
    ],
    [
      4100,
      5.17,
      0.193535
    ],
    [
      4200,
      5.9,
      0.169555
    ],
    [
      4300,
      12.11,
      0.082543
    ],
    [
      4400,
      6.08,
      0.164366
    ],
    [
      4500,
      6.53,
      0.153102
    ],
    [
      4600,
      5.4,
      0.185262
    ],
    [
      4700,
      5.6,
      0.178647
    ],
    [
      4800,
      6.93,
      0.144305
    ],
    [
      4900,
      12.16,
      0.082269
    ],
    [
      5000,
      6.05,
      0.165354
    ],
    [
      5100,
      8.09,
      0.1236
    ],
    [
      5200,
      4.43,
      0.225551
    ],
    [
      5300,
      6.11,
      0.163557
    ],
    [
      5400,
      8.61,
      0.116127
    ],
    [
      5500,
      5.55,
      0.180091
    ],
    [
      5600,
      11.47,
      0.087183
    ],
    [
      5700,
      7.93,
      0.126107
    ],
    [
      5800,
      7.86,
      0.127154
    ],
    [
      5900,
      11.63,
      0.086015
    ],
    [
      6000,
      7.3,
      0.136941
    ],
    [
      6100,
      11.84,
      0.084459
    ],
    [
      6200,
      4.1,
      0.2442
    ],
    [
      6300,
      6.65,
      0.150415
    ],
    [
      6400,
      11.42,
      0.087553
    ],
    [
      6500,
      5.02,
      0.199171
    ],
    [
      6600,
      5.51,
      0.181412
    ],
    [
      6700,
      4.74,
      0.21088
    ],
    [
      6800,
      5.67,
      0.176446
    ],
    [
      6900,
      7.69,
      0.130078
    ],
    [
      7000,
      6.44,
      0.155377
    ],
    [
      7100,
      4.74,
      0.210919
    ],
    [
      7200,
      7.31,
      0.136768
    ],
    [
      7300,
      9.93,
      0.100754
    ],
    [
      7400,
      3.91,
      0.255617
    ],
    [
      7500,
      7.26,
      0.137734
    ],
    [
      7600,
      9.53,
      0.104886
    ],
    [
      7700,
      10.94,
      0.091389
    ],
    [
      7800,
      7.82,
      0.127951
    ],
    [
      7900,
      5.76,
      0.173655
    ],
    [
      8000,
      4.14,
      0.241388
    ],
    [
      8100,
      5.07,
      0.197157
    ],
    [
      8200,
      8.99,
      0.111178
    ],
    [
      8300,
      4.74,
      0.211043
    ],
    [
      8400,
      7.82,
      0.127832
    ],
    [
      8500,
      3.94,
      0.253848
    ],
    [
      8600,
      4.62,
      0.216229
    ],
    [
      8700,
      7.04,
      0.141948
    ],
    [
      8800,
      3.86,
      0.258842
    ],
    [
      8900,
      3.77,
      0.264985
    ],
    [
      9000,
      4.63,
      0.21585
    ],
    [
      9100,
      3.98,
      0.251333
    ],
    [
      9200,
      4.95,
      0.202063
    ],
    [
      9300,
      6.2,
      0.161408
    ],
    [
      9400,
      7.96,
      0.125623
    ],
    [
      9500,
      3.57,
      0.280018
    ],
    [
      9600,
      4.2,
      0.237893
    ],
    [
      9700,
      4.26,
      0.234931
    ],
    [
      9800,
      3.49,
      0.286404
    ],
    [
      9900,
      4.15,
      0.241099
    ]
  ],
  "steps_taken": 10000,
  "elapsed_seconds": 4.46,
  "max_level": 0,
  "L1_solved": false,
  "L2_solved": false,
  "l1_step": null,
  "l2_step": null,
  "level_first_step": {},
  "arc_score": 0.0,
  "arc_per_level": {},
  "solver_level_steps": {
    "1": 9,
    "2": 28,
    "3": 48,
    "4": 68,
    "5": 107
  },
  "repr_log_enc_n": 100,
  "repr_log_enc_levels": 1,
  "I3_rho": -0.6429,
  "I3_rho_pass": false,
  "I3_cv": 4.599587,
  "I3_counts_at_200": [
    0.0,
    0.0,
    0.0,
    0.0,
    0.0,
    1.0,
    0.0
  ],
  "I1_enc_within": null,
  "I1_enc_between": null,
  "I1_enc_p_value": 1.0,
  "I1_enc_pass": false,
  "I1_act_within": null,
  "I1_act_between": null,
  "I1_act_p_value": 1.0,
  "I1_act_pass": false,
  "I4_entropy_100": 4.5774,
  "I4_entropy_5000": 7.8529,
  "I4_reduction_pct": -71.56,
  "I4_pass": false,
  "I5_level_actions": null,
  "I5_pass": null,
  "R3_jacobian_diff": 0.0551,
  "R3_n_obs_used": 100,
  "R3_pass": true,
  "SAL_rho": 0.1786,
  "SAL_pass": false,
  "SAL_n_actions_visited": 7,
  "pe_snapshots": {
    "100": {
      "mean": 0.000901,
      "max": 0.135797,
      "top7": [
        0.0,
        0.0,
        0.0,
        0.0,
        0.0,
        0.0,
        0.0
      ]
    },
    "1000": {
      "mean": 0.006058,
      "max": 0.258101,
      "top7": [
        0.0,
        0.056391,
        0.0,
        0.062697,
        0.0,
        0.039347,
        0.0
      ]
    },
    "5000": {
      "mean": 0.022525,
      "max": 0.599185,
      "top7": [
        0.040938,
        0.111173,
        0.068767,
        0.065826,
        0.076821,
        0.039347,
        0.0
      ]
    }
  }
}