{
  "game": "ft09",
  "condition": "softmax",
  "draw": 2,
  "seed": 200,
  "use_softmax": true,
  "mean_temperature": 41200.6584,
  "T_trajectory": [
    [
      0,
      100000000.0,
      0.0
    ],
    [
      100,
      124.01,
      0.008064
    ],
    [
      200,
      82.86,
      0.012068
    ],
    [
      300,
      61.76,
      0.016191
    ],
    [
      400,
      108.39,
      0.009226
    ],
    [
      500,
      76.6,
      0.013055
    ],
    [
      600,
      140.48,
      0.007119
    ],
    [
      700,
      69.88,
      0.014309
    ],
    [
      800,
      74.79,
      0.01337
    ],
    [
      900,
      123.07,
      0.008125
    ],
    [
      1000,
      91.22,
      0.010962
    ],
    [
      1100,
      83.77,
      0.011937
    ],
    [
      1200,
      66.2,
      0.015107
    ],
    [
      1300,
      105.65,
      0.009466
    ],
    [
      1400,
      79.98,
      0.012504
    ],
    [
      1500,
      97.56,
      0.01025
    ],
    [
      1600,
      68.54,
      0.01459
    ],
    [
      1700,
      119.07,
      0.008399
    ],
    [
      1800,
      71.24,
      0.014037
    ],
    [
      1900,
      111.75,
      0.008949
    ],
    [
      2000,
      127.59,
      0.007837
    ],
    [
      2100,
      85.27,
      0.011728
    ],
    [
      2200,
      118.84,
      0.008415
    ],
    [
      2300,
      88.23,
      0.011334
    ],
    [
      2400,
      120.2,
      0.008319
    ],
    [
      2500,
      90.03,
      0.011108
    ],
    [
      2600,
      125.42,
      0.007973
    ],
    [
      2700,
      77.6,
      0.012886
    ],
    [
      2800,
      70.37,
      0.014211
    ],
    [
      2900,
      134.95,
      0.00741
    ],
    [
      3000,
      102.35,
      0.009771
    ],
    [
      3100,
      88.4,
      0.011312
    ],
    [
      3200,
      107.44,
      0.009307
    ],
    [
      3300,
      85.79,
      0.011656
    ],
    [
      3400,
      60.25,
      0.016598
    ],
    [
      3500,
      100.95,
      0.009906
    ],
    [
      3600,
      89.02,
      0.011234
    ],
    [
      3700,
      105.02,
      0.009522
    ],
    [
      3800,
      62.7,
      0.015949
    ],
    [
      3900,
      68.16,
      0.014671
    ],
    [
      4000,
      77.19,
      0.012955
    ],
    [
      4100,
      85.5,
      0.011696
    ],
    [
      4200,
      100.21,
      0.009979
    ],
    [
      4300,
      67.08,
      0.014908
    ],
    [
      4400,
      92.92,
      0.010763
    ],
    [
      4500,
      101.67,
      0.009836
    ],
    [
      4600,
      80.73,
      0.012386
    ],
    [
      4700,
      126.71,
      0.007892
    ],
    [
      4800,
      108.94,
      0.009179
    ],
    [
      4900,
      92.69,
      0.010788
    ],
    [
      5000,
      94.5,
      0.010582
    ],
    [
      5100,
      108.63,
      0.009206
    ],
    [
      5200,
      99.62,
      0.010038
    ],
    [
      5300,
      95.43,
      0.010479
    ],
    [
      5400,
      59.37,
      0.016844
    ],
    [
      5500,
      60.52,
      0.016523
    ],
    [
      5600,
      67.44,
      0.014829
    ],
    [
      5700,
      88.11,
      0.01135
    ],
    [
      5800,
      94.73,
      0.010557
    ],
    [
      5900,
      85.63,
      0.011678
    ],
    [
      6000,
      109.03,
      0.009172
    ],
    [
      6100,
      80.25,
      0.012461
    ],
    [
      6200,
      95.78,
      0.01044
    ],
    [
      6300,
      92.06,
      0.010863
    ],
    [
      6400,
      101.48,
      0.009855
    ],
    [
      6500,
      98.25,
      0.010178
    ],
    [
      6600,
      76.66,
      0.013045
    ],
    [
      6700,
      71.2,
      0.014044
    ],
    [
      6800,
      108.28,
      0.009236
    ],
    [
      6900,
      91.17,
      0.010969
    ],
    [
      7000,
      90.61,
      0.011036
    ],
    [
      7100,
      87.09,
      0.011482
    ],
    [
      7200,
      82.62,
      0.012103
    ],
    [
      7300,
      84.54,
      0.011829
    ],
    [
      7400,
      75.47,
      0.01325
    ],
    [
      7500,
      103.43,
      0.009669
    ],
    [
      7600,
      80.05,
      0.012492
    ],
    [
      7700,
      96.27,
      0.010387
    ],
    [
      7800,
      70.64,
      0.014155
    ],
    [
      7900,
      93.65,
      0.010678
    ],
    [
      8000,
      94.13,
      0.010623
    ],
    [
      8100,
      105.98,
      0.009436
    ],
    [
      8200,
      82.45,
      0.012129
    ],
    [
      8300,
      72.32,
      0.013828
    ],
    [
      8400,
      83.14,
      0.012028
    ],
    [
      8500,
      80.02,
      0.012496
    ],
    [
      8600,
      86.36,
      0.011579
    ],
    [
      8700,
      82.86,
      0.012068
    ],
    [
      8800,
      102.03,
      0.009801
    ],
    [
      8900,
      85.56,
      0.011688
    ],
    [
      9000,
      95.47,
      0.010474
    ],
    [
      9100,
      97.45,
      0.010261
    ],
    [
      9200,
      105.72,
      0.009459
    ],
    [
      9300,
      86.67,
      0.011538
    ],
    [
      9400,
      94.73,
      0.010556
    ],
    [
      9500,
      94.25,
      0.01061
    ],
    [
      9600,
      81.35,
      0.012292
    ],
    [
      9700,
      99.85,
      0.010015
    ],
    [
      9800,
      82.93,
      0.012059
    ],
    [
      9900,
      103.6,
      0.009652
    ]
  ],
  "steps_taken": 10000,
  "elapsed_seconds": 8.84,
  "max_level": 0,
  "L1_solved": false,
  "L2_solved": false,
  "l1_step": null,
  "l2_step": null,
  "level_first_step": {},
  "arc_score": 0.0,
  "arc_per_level": {},
  "solver_level_steps": {
    "1": 4,
    "2": 11,
    "3": 25,
    "4": 41,
    "5": 62,
    "6": 75
  },
  "repr_log_enc_n": 100,
  "repr_log_enc_levels": 1,
  "I3_rho": 0.4643,
  "I3_rho_pass": false,
  "I3_cv": 4.577232,
  "I3_counts_at_200": [
    0.0,
    1.0,
    0.0,
    0.0,
    0.0,
    0.0,
    0.0
  ],
  "I1_enc_within": null,
  "I1_enc_between": null,
  "I1_enc_p_value": 1.0,
  "I1_enc_pass": false,
  "I1_act_within": null,
  "I1_act_between": null,
  "I1_act_p_value": 1.0,
  "I1_act_pass": false,
  "I4_entropy_100": 4.5774,
  "I4_entropy_5000": 7.8534,
  "I4_reduction_pct": -71.57,
  "I4_pass": false,
  "I5_level_actions": null,
  "I5_pass": null,
  "R3_jacobian_diff": 0.0335,
  "R3_n_obs_used": 100,
  "R3_pass": false,
  "SAL_rho": -0.2143,
  "SAL_pass": false,
  "SAL_n_actions_visited": 7,
  "pe_snapshots": {
    "100": {
      "mean": 4.5e-05,
      "max": 0.008092,
      "top7": [
        0.0,
        0.0,
        0.0,
        0.0,
        0.0,
        0.0,
        0.0
      ]
    },
    "1000": {
      "mean": 0.001334,
      "max": 0.018013,
      "top7": [
        0.0,
        0.006801,
        0.0,
        0.0,
        0.0,
        0.0,
        0.0
      ]
    },
    "5000": {
      "mean": 0.006711,
      "max": 0.038459,
      "top7": [
        0.005908,
        0.017783,
        0.016,
        0.006372,
        0.0,
        0.0,
        0.0
      ]
    }
  }
}