{
  "game": "ft09",
  "condition": "softmax",
  "draw": 3,
  "seed": 300,
  "use_softmax": true,
  "mean_temperature": 124037.0769,
  "T_trajectory": [
    [
      0,
      100000000.0,
      0.0
    ],
    [
      100,
      82.32,
      0.012148
    ],
    [
      200,
      85.99,
      0.011629
    ],
    [
      300,
      106.04,
      0.00943
    ],
    [
      400,
      109.66,
      0.009119
    ],
    [
      500,
      97.5,
      0.010256
    ],
    [
      600,
      103.19,
      0.00969
    ],
    [
      700,
      63.1,
      0.015848
    ],
    [
      800,
      88.36,
      0.011317
    ],
    [
      900,
      111.25,
      0.008988
    ],
    [
      1000,
      63.95,
      0.015637
    ],
    [
      1100,
      104.71,
      0.009551
    ],
    [
      1200,
      92.53,
      0.010807
    ],
    [
      1300,
      84.72,
      0.011803
    ],
    [
      1400,
      62.62,
      0.015969
    ],
    [
      1500,
      91.55,
      0.010923
    ],
    [
      1600,
      57.55,
      0.017377
    ],
    [
      1700,
      64.42,
      0.015523
    ],
    [
      1800,
      82.62,
      0.012103
    ],
    [
      1900,
      81.32,
      0.012297
    ],
    [
      2000,
      105.88,
      0.009445
    ],
    [
      2100,
      113.53,
      0.008808
    ],
    [
      2200,
      105.88,
      0.009445
    ],
    [
      2300,
      107.55,
      0.009298
    ],
    [
      2400,
      69.03,
      0.014486
    ],
    [
      2500,
      74.56,
      0.013412
    ],
    [
      2600,
      99.83,
      0.010017
    ],
    [
      2700,
      95.59,
      0.010461
    ],
    [
      2800,
      81.72,
      0.012237
    ],
    [
      2900,
      78.18,
      0.012791
    ],
    [
      3000,
      75.69,
      0.013212
    ],
    [
      3100,
      119.27,
      0.008385
    ],
    [
      3200,
      86.48,
      0.011563
    ],
    [
      3300,
      101.06,
      0.009895
    ],
    [
      3400,
      109.63,
      0.009121
    ],
    [
      3500,
      92.76,
      0.01078
    ],
    [
      3600,
      75.85,
      0.013184
    ],
    [
      3700,
      74.37,
      0.013447
    ],
    [
      3800,
      111.18,
      0.008995
    ],
    [
      3900,
      86.79,
      0.011522
    ],
    [
      4000,
      80.05,
      0.012492
    ],
    [
      4100,
      74.15,
      0.013487
    ],
    [
      4200,
      64.46,
      0.015513
    ],
    [
      4300,
      89.06,
      0.011228
    ],
    [
      4400,
      80.33,
      0.012448
    ],
    [
      4500,
      99.53,
      0.010047
    ],
    [
      4600,
      78.37,
      0.01276
    ],
    [
      4700,
      88.29,
      0.011326
    ],
    [
      4800,
      91.69,
      0.010907
    ],
    [
      4900,
      74.41,
      0.01344
    ],
    [
      5000,
      106.75,
      0.009368
    ],
    [
      5100,
      115.49,
      0.008659
    ],
    [
      5200,
      93.61,
      0.010683
    ],
    [
      5300,
      112.16,
      0.008916
    ],
    [
      5400,
      80.09,
      0.012486
    ],
    [
      5500,
      89.54,
      0.011168
    ],
    [
      5600,
      111.33,
      0.008982
    ],
    [
      5700,
      95.82,
      0.010436
    ],
    [
      5800,
      74.28,
      0.013462
    ],
    [
      5900,
      89.57,
      0.011165
    ],
    [
      6000,
      98.11,
      0.010193
    ],
    [
      6100,
      91.15,
      0.010971
    ],
    [
      6200,
      82.93,
      0.012059
    ],
    [
      6300,
      70.69,
      0.014145
    ],
    [
      6400,
      80.23,
      0.012464
    ],
    [
      6500,
      74.36,
      0.013448
    ],
    [
      6600,
      89.03,
      0.011232
    ],
    [
      6700,
      80.07,
      0.012489
    ],
    [
      6800,
      97.41,
      0.010266
    ],
    [
      6900,
      79.6,
      0.012563
    ],
    [
      7000,
      105.57,
      0.009472
    ],
    [
      7100,
      81.58,
      0.012258
    ],
    [
      7200,
      94.96,
      0.010531
    ],
    [
      7300,
      99.51,
      0.010049
    ],
    [
      7400,
      98.55,
      0.010147
    ],
    [
      7500,
      69.29,
      0.014431
    ],
    [
      7600,
      94.89,
      0.010539
    ],
    [
      7700,
      89.4,
      0.011185
    ],
    [
      7800,
      95.3,
      0.010493
    ],
    [
      7900,
      86.46,
      0.011566
    ],
    [
      8000,
      85.1,
      0.011751
    ],
    [
      8100,
      97.98,
      0.010206
    ],
    [
      8200,
      84.81,
      0.011792
    ],
    [
      8300,
      91.08,
      0.01098
    ],
    [
      8400,
      83.19,
      0.012021
    ],
    [
      8500,
      95.36,
      0.010486
    ],
    [
      8600,
      111.11,
      0.009
    ],
    [
      8700,
      86.14,
      0.011609
    ],
    [
      8800,
      84.05,
      0.011897
    ],
    [
      8900,
      81.87,
      0.012214
    ],
    [
      9000,
      77.2,
      0.012954
    ],
    [
      9100,
      91.38,
      0.010944
    ],
    [
      9200,
      96.7,
      0.010341
    ],
    [
      9300,
      92.59,
      0.010801
    ],
    [
      9400,
      96.77,
      0.010334
    ],
    [
      9500,
      93.42,
      0.010704
    ],
    [
      9600,
      87.62,
      0.011412
    ],
    [
      9700,
      74.43,
      0.013435
    ],
    [
      9800,
      76.19,
      0.013124
    ],
    [
      9900,
      83.26,
      0.01201
    ]
  ],
  "steps_taken": 10000,
  "elapsed_seconds": 8.8,
  "max_level": 0,
  "L1_solved": false,
  "L2_solved": false,
  "l1_step": null,
  "l2_step": null,
  "level_first_step": {},
  "arc_score": 0.0,
  "arc_per_level": {},
  "solver_level_steps": {
    "1": 4,
    "2": 11,
    "3": 25,
    "4": 41,
    "5": 62,
    "6": 75
  },
  "repr_log_enc_n": 100,
  "repr_log_enc_levels": 1,
  "I3_rho": 0.9643,
  "I3_rho_pass": true,
  "I3_cv": 4.53219,
  "I3_counts_at_200": [
    0.0,
    0.0,
    0.0,
    0.0,
    0.0,
    0.0,
    0.0
  ],
  "I1_enc_within": null,
  "I1_enc_between": null,
  "I1_enc_p_value": 1.0,
  "I1_enc_pass": false,
  "I1_act_within": null,
  "I1_act_between": null,
  "I1_act_p_value": 1.0,
  "I1_act_pass": false,
  "I4_entropy_100": 4.5636,
  "I4_entropy_5000": 7.8488,
  "I4_reduction_pct": -71.99,
  "I4_pass": false,
  "I5_level_actions": null,
  "I5_pass": null,
  "R3_jacobian_diff": 0.0379,
  "R3_n_obs_used": 100,
  "R3_pass": false,
  "SAL_rho": 0.3571,
  "SAL_pass": true,
  "SAL_n_actions_visited": 7,
  "pe_snapshots": {
    "100": {
      "mean": 8.6e-05,
      "max": 0.012559,
      "top7": [
        0.0,
        0.0,
        0.0,
        0.0,
        0.0,
        0.0,
        0.0
      ]
    },
    "1000": {
      "mean": 0.001298,
      "max": 0.017856,
      "top7": [
        0.005468,
        0.0,
        0.0,
        0.010755,
        0.0,
        0.0,
        0.0
      ]
    },
    "5000": {
      "mean": 0.006584,
      "max": 0.032214,
      "top7": [
        0.019198,
        0.006213,
        0.00484,
        0.010755,
        0.0,
        0.0,
        0.0
      ]
    }
  }
}