{
  "game": "ft09",
  "condition": "softmax",
  "draw": 4,
  "seed": 400,
  "use_softmax": true,
  "mean_temperature": 52265.6801,
  "T_trajectory": [
    [
      0,
      100000000.0,
      0.0
    ],
    [
      100,
      6.85,
      0.145914
    ],
    [
      200,
      9.95,
      0.100455
    ],
    [
      300,
      13.87,
      0.072093
    ],
    [
      400,
      8.06,
      0.124122
    ],
    [
      500,
      9.83,
      0.101731
    ],
    [
      600,
      11.57,
      0.086468
    ],
    [
      700,
      13.5,
      0.074095
    ],
    [
      800,
      14.76,
      0.067749
    ],
    [
      900,
      17.37,
      0.057555
    ],
    [
      1000,
      19.14,
      0.052241
    ],
    [
      1100,
      20.09,
      0.049769
    ],
    [
      1200,
      21.14,
      0.047294
    ],
    [
      1300,
      24.35,
      0.041074
    ],
    [
      1400,
      24.7,
      0.040485
    ],
    [
      1500,
      27.87,
      0.035886
    ],
    [
      1600,
      29.73,
      0.033641
    ],
    [
      1700,
      28.86,
      0.034651
    ],
    [
      1800,
      31.06,
      0.032194
    ],
    [
      1900,
      38.35,
      0.026077
    ],
    [
      2000,
      32.72,
      0.030563
    ],
    [
      2100,
      38.51,
      0.025968
    ],
    [
      2200,
      35.99,
      0.027789
    ],
    [
      2300,
      33.75,
      0.029631
    ],
    [
      2400,
      40.33,
      0.024795
    ],
    [
      2500,
      40.24,
      0.024853
    ],
    [
      2600,
      44.81,
      0.022315
    ],
    [
      2700,
      50.53,
      0.01979
    ],
    [
      2800,
      5.92,
      0.168846
    ],
    [
      2900,
      6.23,
      0.160612
    ],
    [
      3000,
      6.53,
      0.15321
    ],
    [
      3100,
      27.51,
      0.03635
    ],
    [
      3200,
      29.63,
      0.033755
    ],
    [
      3300,
      31.19,
      0.032061
    ],
    [
      3400,
      28.54,
      0.035044
    ],
    [
      3500,
      29.64,
      0.033738
    ],
    [
      3600,
      28.57,
      0.035004
    ],
    [
      3700,
      30.89,
      0.032374
    ],
    [
      3800,
      30.2,
      0.033111
    ],
    [
      3900,
      33.07,
      0.030239
    ],
    [
      4000,
      37.38,
      0.026752
    ],
    [
      4100,
      35.17,
      0.02843
    ],
    [
      4200,
      36.09,
      0.027709
    ],
    [
      4300,
      40.84,
      0.024483
    ],
    [
      4400,
      35.74,
      0.027977
    ],
    [
      4500,
      33.69,
      0.029686
    ],
    [
      4600,
      36.5,
      0.027399
    ],
    [
      4700,
      40.78,
      0.024522
    ],
    [
      4800,
      34.03,
      0.029382
    ],
    [
      4900,
      37.74,
      0.026494
    ],
    [
      5000,
      41.95,
      0.023835
    ],
    [
      5100,
      37.97,
      0.026336
    ],
    [
      5200,
      38.88,
      0.025719
    ],
    [
      5300,
      39.65,
      0.025222
    ],
    [
      5400,
      43.1,
      0.023204
    ],
    [
      5500,
      39.53,
      0.025299
    ],
    [
      5600,
      38.52,
      0.025959
    ],
    [
      5700,
      49.2,
      0.020326
    ],
    [
      5800,
      53.82,
      0.018579
    ],
    [
      5900,
      46.63,
      0.021444
    ],
    [
      6000,
      48.36,
      0.020678
    ],
    [
      6100,
      51.7,
      0.019342
    ],
    [
      6200,
      43.98,
      0.022736
    ],
    [
      6300,
      45.24,
      0.022106
    ],
    [
      6400,
      49.63,
      0.020149
    ],
    [
      6500,
      46.04,
      0.02172
    ],
    [
      6600,
      57.73,
      0.017322
    ],
    [
      6700,
      48.87,
      0.020463
    ],
    [
      6800,
      45.41,
      0.022023
    ],
    [
      6900,
      54.57,
      0.018325
    ],
    [
      7000,
      51.14,
      0.019556
    ],
    [
      7100,
      55.27,
      0.018091
    ],
    [
      7200,
      51.13,
      0.019558
    ],
    [
      7300,
      54.21,
      0.018448
    ],
    [
      7400,
      53.56,
      0.018671
    ],
    [
      7500,
      57.91,
      0.017267
    ],
    [
      7600,
      53.49,
      0.018694
    ],
    [
      7700,
      62.67,
      0.015958
    ],
    [
      7800,
      49.96,
      0.020018
    ],
    [
      7900,
      67.72,
      0.014767
    ],
    [
      8000,
      66.59,
      0.015016
    ],
    [
      8100,
      60.88,
      0.016425
    ],
    [
      8200,
      56.14,
      0.017811
    ],
    [
      8300,
      69.46,
      0.014396
    ],
    [
      8400,
      54.52,
      0.01834
    ],
    [
      8500,
      57.06,
      0.017525
    ],
    [
      8600,
      58.15,
      0.017196
    ],
    [
      8700,
      68.78,
      0.014538
    ],
    [
      8800,
      66.72,
      0.014989
    ],
    [
      8900,
      64.17,
      0.015585
    ],
    [
      9000,
      5.71,
      0.175175
    ],
    [
      9100,
      5.67,
      0.176428
    ],
    [
      9200,
      5.61,
      0.178329
    ],
    [
      9300,
      40.64,
      0.024608
    ],
    [
      9400,
      47.98,
      0.020842
    ],
    [
      9500,
      44.57,
      0.022438
    ],
    [
      9600,
      43.62,
      0.022926
    ],
    [
      9700,
      49.6,
      0.020162
    ],
    [
      9800,
      49.79,
      0.020086
    ],
    [
      9900,
      47.89,
      0.020879
    ]
  ],
  "steps_taken": 10000,
  "elapsed_seconds": 9.02,
  "max_level": 1,
  "L1_solved": true,
  "L2_solved": false,
  "l1_step": 79,
  "l2_step": null,
  "level_first_step": {
    "1": 79
  },
  "arc_score": 0.002564,
  "arc_per_level": {
    "1": 0.002564
  },
  "solver_level_steps": {
    "1": 4,
    "2": 11,
    "3": 25,
    "4": 41,
    "5": 62,
    "6": 75
  },
  "repr_log_enc_n": 100,
  "repr_log_enc_levels": 2,
  "I3_rho": 0.6429,
  "I3_rho_pass": true,
  "I3_cv": 4.554767,
  "I3_counts_at_200": [
    0.0,
    0.0,
    1.0,
    0.0,
    0.0,
    0.0,
    0.0
  ],
  "I1_enc_within": 0.2076,
  "I1_enc_between": 1.8573,
  "I1_enc_p_value": 0.0,
  "I1_enc_pass": true,
  "I1_act_within": 0.2434,
  "I1_act_between": 1.822,
  "I1_act_p_value": 0.0,
  "I1_act_pass": true,
  "I4_entropy_100": 4.5774,
  "I4_entropy_5000": 7.8377,
  "I4_reduction_pct": -71.22,
  "I4_pass": false,
  "I5_level_actions": {
    "1": 137
  },
  "I5_pass": null,
  "R3_jacobian_diff": 0.0412,
  "R3_n_obs_used": 100,
  "R3_pass": false,
  "SAL_rho": 0.2857,
  "SAL_pass": true,
  "SAL_n_actions_visited": 7,
  "pe_snapshots": {
    "100": {
      "mean": 0.000429,
      "max": 0.186368,
      "top7": [
        0.0,
        0.0,
        0.06924,
        0.0,
        0.0,
        0.0,
        0.0
      ]
    },
    "1000": {
      "mean": 0.002367,
      "max": 0.183548,
      "top7": [
        0.006458,
        0.0,
        0.06924,
        0.0,
        0.0,
        0.0,
        0.008716
      ]
    },
    "5000": {
      "mean": 0.008031,
      "max": 0.173491,
      "top7": [
        0.012312,
        0.005974,
        0.07384,
        0.0,
        0.012894,
        0.005533,
        0.014516
      ]
    }
  }
}