{
  "game": "ft09",
  "condition": "softmax",
  "draw": 5,
  "seed": 500,
  "use_softmax": true,
  "mean_temperature": 151275.4671,
  "T_trajectory": [
    [
      0,
      100000000.0,
      0.0
    ],
    [
      100,
      82.3,
      0.012151
    ],
    [
      200,
      47.79,
      0.020924
    ],
    [
      300,
      54.58,
      0.018321
    ],
    [
      400,
      80.88,
      0.012364
    ],
    [
      500,
      41.71,
      0.023972
    ],
    [
      600,
      72.22,
      0.013846
    ],
    [
      700,
      80.8,
      0.012376
    ],
    [
      800,
      54.91,
      0.018211
    ],
    [
      900,
      61.15,
      0.016353
    ],
    [
      1000,
      37.74,
      0.026499
    ],
    [
      1100,
      73.47,
      0.013612
    ],
    [
      1200,
      75.98,
      0.013162
    ],
    [
      1300,
      110.41,
      0.009057
    ],
    [
      1400,
      31.96,
      0.031292
    ],
    [
      1500,
      63.13,
      0.01584
    ],
    [
      1600,
      56.93,
      0.017566
    ],
    [
      1700,
      65.6,
      0.015244
    ],
    [
      1800,
      50.74,
      0.01971
    ],
    [
      1900,
      4.54,
      0.220435
    ],
    [
      2000,
      4.57,
      0.219032
    ],
    [
      2100,
      15.85,
      0.063088
    ],
    [
      2200,
      18.79,
      0.05323
    ],
    [
      2300,
      19.5,
      0.051289
    ],
    [
      2400,
      20.79,
      0.048094
    ],
    [
      2500,
      24.41,
      0.040963
    ],
    [
      2600,
      24.62,
      0.040624
    ],
    [
      2700,
      4.64,
      0.215503
    ],
    [
      2800,
      4.64,
      0.215479
    ],
    [
      2900,
      4.88,
      0.204943
    ],
    [
      3000,
      11.22,
      0.089158
    ],
    [
      3100,
      12.0,
      0.083341
    ],
    [
      3200,
      14.18,
      0.070528
    ],
    [
      3300,
      11.66,
      0.085766
    ],
    [
      3400,
      14.25,
      0.070187
    ],
    [
      3500,
      11.55,
      0.086606
    ],
    [
      3600,
      12.45,
      0.080316
    ],
    [
      3700,
      15.8,
      0.06329
    ],
    [
      3800,
      13.52,
      0.073983
    ],
    [
      3900,
      13.4,
      0.07462
    ],
    [
      4000,
      14.3,
      0.069954
    ],
    [
      4100,
      14.84,
      0.067394
    ],
    [
      4200,
      14.5,
      0.068977
    ],
    [
      4300,
      15.97,
      0.062636
    ],
    [
      4400,
      22.09,
      0.045271
    ],
    [
      4500,
      16.85,
      0.05936
    ],
    [
      4600,
      13.11,
      0.076303
    ],
    [
      4700,
      14.37,
      0.069567
    ],
    [
      4800,
      15.43,
      0.064826
    ],
    [
      4900,
      17.64,
      0.056674
    ],
    [
      5000,
      16.94,
      0.059027
    ],
    [
      5100,
      13.47,
      0.074265
    ],
    [
      5200,
      22.8,
      0.043864
    ],
    [
      5300,
      21.35,
      0.046835
    ],
    [
      5400,
      22.29,
      0.044866
    ],
    [
      5500,
      29.76,
      0.033598
    ],
    [
      5600,
      18.62,
      0.053718
    ],
    [
      5700,
      17.04,
      0.058683
    ],
    [
      5800,
      20.37,
      0.04909
    ],
    [
      5900,
      14.86,
      0.067284
    ],
    [
      6000,
      14.93,
      0.066995
    ],
    [
      6100,
      17.39,
      0.057498
    ],
    [
      6200,
      17.13,
      0.058374
    ],
    [
      6300,
      22.86,
      0.043753
    ],
    [
      6400,
      25.89,
      0.038623
    ],
    [
      6500,
      22.27,
      0.044899
    ],
    [
      6600,
      21.82,
      0.045838
    ],
    [
      6700,
      29.36,
      0.034059
    ],
    [
      6800,
      18.87,
      0.052985
    ],
    [
      6900,
      18.35,
      0.054501
    ],
    [
      7000,
      22.63,
      0.044184
    ],
    [
      7100,
      37.4,
      0.026735
    ],
    [
      7200,
      18.6,
      0.053756
    ],
    [
      7300,
      16.39,
      0.061002
    ],
    [
      7400,
      18.31,
      0.054627
    ],
    [
      7500,
      59.6,
      0.016778
    ],
    [
      7600,
      16.74,
      0.059753
    ],
    [
      7700,
      54.84,
      0.018234
    ],
    [
      7800,
      21.72,
      0.046047
    ],
    [
      7900,
      31.82,
      0.031431
    ],
    [
      8000,
      30.56,
      0.032727
    ],
    [
      8100,
      22.73,
      0.043997
    ],
    [
      8200,
      46.92,
      0.021311
    ],
    [
      8300,
      57.35,
      0.017438
    ],
    [
      8400,
      4.42,
      0.226218
    ],
    [
      8500,
      4.44,
      0.225248
    ],
    [
      8600,
      17.82,
      0.056116
    ],
    [
      8700,
      17.37,
      0.057572
    ],
    [
      8800,
      27.06,
      0.036959
    ],
    [
      8900,
      29.1,
      0.034362
    ],
    [
      9000,
      21.5,
      0.04651
    ],
    [
      9100,
      17.27,
      0.05792
    ],
    [
      9200,
      19.51,
      0.051247
    ],
    [
      9300,
      20.04,
      0.049888
    ],
    [
      9400,
      21.65,
      0.04618
    ],
    [
      9500,
      24.45,
      0.040904
    ],
    [
      9600,
      4.74,
      0.210794
    ],
    [
      9700,
      4.52,
      0.22115
    ],
    [
      9800,
      4.55,
      0.219923
    ],
    [
      9900,
      4.37,
      0.228876
    ]
  ],
  "steps_taken": 10000,
  "elapsed_seconds": 9.4,
  "max_level": 1,
  "L1_solved": true,
  "L2_solved": false,
  "l1_step": 1813,
  "l2_step": null,
  "level_first_step": {
    "1": 1813
  },
  "arc_score": 5e-06,
  "arc_per_level": {
    "1": 5e-06
  },
  "solver_level_steps": {
    "1": 4,
    "2": 11,
    "3": 25,
    "4": 41,
    "5": 62,
    "6": 75
  },
  "repr_log_enc_n": 100,
  "repr_log_enc_levels": 2,
  "I3_rho": 0.9643,
  "I3_rho_pass": true,
  "I3_cv": 4.577232,
  "I3_counts_at_200": [
    0.0,
    0.0,
    0.0,
    0.0,
    0.0,
    0.0,
    0.0
  ],
  "I1_enc_within": 0.4748,
  "I1_enc_between": 1.6283,
  "I1_enc_p_value": 0.0,
  "I1_enc_pass": true,
  "I1_act_within": 0.2903,
  "I1_act_between": 1.6299,
  "I1_act_p_value": 0.0,
  "I1_act_pass": true,
  "I4_entropy_100": 4.5913,
  "I4_entropy_5000": 7.8285,
  "I4_reduction_pct": -70.51,
  "I4_pass": false,
  "I5_level_actions": {
    "1": 172
  },
  "I5_pass": null,
  "R3_jacobian_diff": 0.0497,
  "R3_n_obs_used": 100,
  "R3_pass": false,
  "SAL_rho": -0.3929,
  "SAL_pass": false,
  "SAL_n_actions_visited": 5,
  "pe_snapshots": {
    "100": {
      "mean": 6.9e-05,
      "max": 0.005683,
      "top7": [
        0.0,
        0.0,
        0.0,
        0.0,
        0.0,
        0.0,
        0.0
      ]
    },
    "1000": {
      "mean": 0.001329,
      "max": 0.017615,
      "top7": [
        0.0,
        0.0,
        0.0,
        0.0,
        0.0,
        0.0,
        0.0
      ]
    },
    "5000": {
      "mean": 0.007729,
      "max": 0.131434,
      "top7": [
        0.0164,
        0.0,
        0.010551,
        0.0,
        0.00539,
        0.0,
        0.0
      ]
    }
  }
}