{
  "game": "ft09",
  "condition": "softmax",
  "draw": 1,
  "seed": 100,
  "use_softmax": true,
  "mean_temperature": 59404.3338,
  "T_trajectory": [
    [
      0,
      100000000.0,
      0.0
    ],
    [
      100,
      135.52,
      0.007379
    ],
    [
      200,
      60.11,
      0.016637
    ],
    [
      300,
      125.27,
      0.007983
    ],
    [
      400,
      71.58,
      0.01397
    ],
    [
      500,
      54.3,
      0.018416
    ],
    [
      600,
      103.24,
      0.009686
    ],
    [
      700,
      80.88,
      0.012364
    ],
    [
      800,
      103.21,
      0.009689
    ],
    [
      900,
      77.97,
      0.012826
    ],
    [
      1000,
      92.68,
      0.01079
    ],
    [
      1100,
      51.18,
      0.01954
    ],
    [
      1200,
      84.51,
      0.011833
    ],
    [
      1300,
      56.33,
      0.017753
    ],
    [
      1400,
      5.29,
      0.188911
    ],
    [
      1500,
      5.14,
      0.194723
    ],
    [
      1600,
      5.38,
      0.185915
    ],
    [
      1700,
      17.34,
      0.057686
    ],
    [
      1800,
      17.42,
      0.057417
    ],
    [
      1900,
      20.7,
      0.048301
    ],
    [
      2000,
      21.58,
      0.046331
    ],
    [
      2100,
      22.99,
      0.043506
    ],
    [
      2200,
      28.28,
      0.035365
    ],
    [
      2300,
      39.79,
      0.025132
    ],
    [
      2400,
      25.22,
      0.039646
    ],
    [
      2500,
      26.75,
      0.037384
    ],
    [
      2600,
      5.56,
      0.179745
    ],
    [
      2700,
      5.93,
      0.168627
    ],
    [
      2800,
      5.65,
      0.176938
    ],
    [
      2900,
      16.07,
      0.062222
    ],
    [
      3000,
      16.89,
      0.059202
    ],
    [
      3100,
      19.58,
      0.051072
    ],
    [
      3200,
      20.4,
      0.049031
    ],
    [
      3300,
      21.99,
      0.045482
    ],
    [
      3400,
      18.58,
      0.053807
    ],
    [
      3500,
      19.45,
      0.051408
    ],
    [
      3600,
      18.74,
      0.053362
    ],
    [
      3700,
      20.35,
      0.04914
    ],
    [
      3800,
      19.64,
      0.050911
    ],
    [
      3900,
      20.99,
      0.047638
    ],
    [
      4000,
      22.75,
      0.043948
    ],
    [
      4100,
      23.46,
      0.042618
    ],
    [
      4200,
      25.18,
      0.039715
    ],
    [
      4300,
      24.5,
      0.040814
    ],
    [
      4400,
      35.01,
      0.028559
    ],
    [
      4500,
      33.3,
      0.030028
    ],
    [
      4600,
      26.41,
      0.037858
    ],
    [
      4700,
      33.62,
      0.029741
    ],
    [
      4800,
      30.95,
      0.032306
    ],
    [
      4900,
      34.78,
      0.02875
    ],
    [
      5000,
      25.34,
      0.039461
    ],
    [
      5100,
      24.24,
      0.041251
    ],
    [
      5200,
      31.11,
      0.032139
    ],
    [
      5300,
      37.51,
      0.026658
    ],
    [
      5400,
      37.64,
      0.026568
    ],
    [
      5500,
      34.85,
      0.028694
    ],
    [
      5600,
      30.09,
      0.033231
    ],
    [
      5700,
      41.76,
      0.023949
    ],
    [
      5800,
      48.05,
      0.020813
    ],
    [
      5900,
      38.02,
      0.026304
    ],
    [
      6000,
      39.15,
      0.025546
    ],
    [
      6100,
      30.22,
      0.033089
    ],
    [
      6200,
      31.66,
      0.031585
    ],
    [
      6300,
      36.17,
      0.027649
    ],
    [
      6400,
      26.61,
      0.037585
    ],
    [
      6500,
      23.97,
      0.041713
    ],
    [
      6600,
      38.71,
      0.025833
    ],
    [
      6700,
      29.96,
      0.03338
    ],
    [
      6800,
      35.17,
      0.02843
    ],
    [
      6900,
      29.72,
      0.033643
    ],
    [
      7000,
      48.66,
      0.02055
    ],
    [
      7100,
      31.94,
      0.031308
    ],
    [
      7200,
      29.0,
      0.03448
    ],
    [
      7300,
      34.57,
      0.028927
    ],
    [
      7400,
      34.4,
      0.029074
    ],
    [
      7500,
      32.04,
      0.031214
    ],
    [
      7600,
      33.36,
      0.029976
    ],
    [
      7700,
      50.13,
      0.019948
    ],
    [
      7800,
      41.26,
      0.024236
    ],
    [
      7900,
      32.16,
      0.031099
    ],
    [
      8000,
      27.58,
      0.036252
    ],
    [
      8100,
      41.98,
      0.023821
    ],
    [
      8200,
      29.25,
      0.034191
    ],
    [
      8300,
      48.57,
      0.02059
    ],
    [
      8400,
      36.13,
      0.027674
    ],
    [
      8500,
      55.46,
      0.018033
    ],
    [
      8600,
      38.71,
      0.025833
    ],
    [
      8700,
      66.2,
      0.015107
    ],
    [
      8800,
      41.7,
      0.023984
    ],
    [
      8900,
      48.06,
      0.020807
    ],
    [
      9000,
      49.37,
      0.020256
    ],
    [
      9100,
      50.44,
      0.019827
    ],
    [
      9200,
      40.85,
      0.02448
    ],
    [
      9300,
      55.3,
      0.018082
    ],
    [
      9400,
      34.97,
      0.0286
    ],
    [
      9500,
      32.22,
      0.031033
    ],
    [
      9600,
      49.34,
      0.020267
    ],
    [
      9700,
      67.98,
      0.014711
    ],
    [
      9800,
      35.8,
      0.027934
    ],
    [
      9900,
      44.48,
      0.022484
    ]
  ],
  "steps_taken": 10000,
  "elapsed_seconds": 9.85,
  "max_level": 1,
  "L1_solved": true,
  "L2_solved": false,
  "l1_step": 1361,
  "l2_step": null,
  "level_first_step": {
    "1": 1361
  },
  "arc_score": 9e-06,
  "arc_per_level": {
    "1": 9e-06
  },
  "solver_level_steps": {
    "1": 4,
    "2": 11,
    "3": 25,
    "4": 41,
    "5": 62,
    "6": 75
  },
  "repr_log_enc_n": 100,
  "repr_log_enc_levels": 2,
  "I3_rho": 1.0,
  "I3_rho_pass": true,
  "I3_cv": 4.486697,
  "I3_counts_at_200": [
    0.0,
    0.0,
    0.0,
    0.0,
    0.0,
    1.0,
    0.0
  ],
  "I1_enc_within": 0.4145,
  "I1_enc_between": 1.7212,
  "I1_enc_p_value": 0.0,
  "I1_enc_pass": true,
  "I1_act_within": 0.3152,
  "I1_act_between": 1.6745,
  "I1_act_p_value": 0.0,
  "I1_act_pass": true,
  "I4_entropy_100": 4.5774,
  "I4_entropy_5000": 7.8496,
  "I4_reduction_pct": -71.48,
  "I4_pass": false,
  "I5_level_actions": {
    "1": 95
  },
  "I5_pass": null,
  "R3_jacobian_diff": 0.0451,
  "R3_n_obs_used": 100,
  "R3_pass": false,
  "SAL_rho": 0.1429,
  "SAL_pass": false,
  "SAL_n_actions_visited": 7,
  "pe_snapshots": {
    "100": {
      "mean": 8.7e-05,
      "max": 0.007502,
      "top7": [
        0.0,
        0.0,
        0.0,
        0.0,
        0.0,
        0.0,
        0.0
      ]
    },
    "1000": {
      "mean": 0.001374,
      "max": 0.020251,
      "top7": [
        0.0,
        0.006186,
        0.0,
        0.006959,
        0.0,
        0.005353,
        0.0
      ]
    },
    "5000": {
      "mean": 0.007785,
      "max": 0.116399,
      "top7": [
        0.010587,
        0.006186,
        0.021441,
        0.012905,
        0.011649,
        0.005353,
        0.0
      ]
    }
  }
}