{
  "game": "lp85",
  "condition": "softmax",
  "draw": 4,
  "seed": 400,
  "use_softmax": true,
  "mean_temperature": 104785.7384,
  "T_trajectory": [
    [
      0,
      100000000.0,
      0.0
    ],
    [
      100,
      9.51,
      0.105198
    ],
    [
      200,
      17.78,
      0.056229
    ],
    [
      300,
      10.7,
      0.093455
    ],
    [
      400,
      8.65,
      0.115548
    ],
    [
      500,
      10.41,
      0.096088
    ],
    [
      600,
      12.39,
      0.080728
    ],
    [
      700,
      11.44,
      0.087416
    ],
    [
      800,
      10.83,
      0.092364
    ],
    [
      900,
      10.54,
      0.094918
    ],
    [
      1000,
      14.12,
      0.07082
    ],
    [
      1100,
      9.39,
      0.106512
    ],
    [
      1200,
      9.29,
      0.107604
    ],
    [
      1300,
      9.98,
      0.100221
    ],
    [
      1400,
      10.34,
      0.096682
    ],
    [
      1500,
      8.76,
      0.114133
    ],
    [
      1600,
      11.33,
      0.088257
    ],
    [
      1700,
      12.05,
      0.083016
    ],
    [
      1800,
      9.56,
      0.104577
    ],
    [
      1900,
      9.9,
      0.101004
    ],
    [
      2000,
      11.01,
      0.090824
    ],
    [
      2100,
      11.47,
      0.087172
    ],
    [
      2200,
      11.85,
      0.084379
    ],
    [
      2300,
      11.97,
      0.083519
    ],
    [
      2400,
      10.05,
      0.099469
    ],
    [
      2500,
      10.07,
      0.099296
    ],
    [
      2600,
      10.44,
      0.095807
    ],
    [
      2700,
      10.59,
      0.094429
    ],
    [
      2800,
      10.96,
      0.091203
    ],
    [
      2900,
      8.47,
      0.118111
    ],
    [
      3000,
      8.75,
      0.114345
    ],
    [
      3100,
      8.45,
      0.118326
    ],
    [
      3200,
      9.51,
      0.105116
    ],
    [
      3300,
      9.62,
      0.103915
    ],
    [
      3400,
      9.56,
      0.104571
    ],
    [
      3500,
      9.84,
      0.101633
    ],
    [
      3600,
      10.58,
      0.094505
    ],
    [
      3700,
      10.95,
      0.091328
    ],
    [
      3800,
      11.58,
      0.086331
    ],
    [
      3900,
      11.55,
      0.086586
    ],
    [
      4000,
      11.78,
      0.084882
    ],
    [
      4100,
      12.09,
      0.082712
    ],
    [
      4200,
      12.07,
      0.082859
    ],
    [
      4300,
      12.65,
      0.079045
    ],
    [
      4400,
      13.17,
      0.075943
    ],
    [
      4500,
      13.18,
      0.075849
    ],
    [
      4600,
      13.47,
      0.074229
    ],
    [
      4700,
      13.76,
      0.072668
    ],
    [
      4800,
      14.05,
      0.07117
    ],
    [
      4900,
      14.34,
      0.069733
    ],
    [
      5000,
      13.95,
      0.071705
    ],
    [
      5100,
      14.13,
      0.070774
    ],
    [
      5200,
      14.82,
      0.06747
    ],
    [
      5300,
      14.09,
      0.070956
    ],
    [
      5400,
      14.66,
      0.068211
    ],
    [
      5500,
      15.68,
      0.063781
    ],
    [
      5600,
      12.96,
      0.07716
    ],
    [
      5700,
      13.83,
      0.072323
    ],
    [
      5800,
      13.66,
      0.073191
    ],
    [
      5900,
      8.8,
      0.113602
    ],
    [
      6000,
      9.86,
      0.101381
    ],
    [
      6100,
      8.75,
      0.114324
    ],
    [
      6200,
      10.57,
      0.094576
    ],
    [
      6300,
      10.09,
      0.099063
    ],
    [
      6400,
      10.23,
      0.097733
    ],
    [
      6500,
      9.03,
      0.110786
    ],
    [
      6600,
      8.22,
      0.12161
    ],
    [
      6700,
      12.13,
      0.08241
    ],
    [
      6800,
      12.04,
      0.083036
    ],
    [
      6900,
      12.07,
      0.082843
    ],
    [
      7000,
      12.28,
      0.081449
    ],
    [
      7100,
      12.45,
      0.080338
    ],
    [
      7200,
      12.62,
      0.079257
    ],
    [
      7300,
      12.79,
      0.078204
    ],
    [
      7400,
      12.96,
      0.077178
    ],
    [
      7500,
      14.15,
      0.070679
    ],
    [
      7600,
      13.81,
      0.072401
    ],
    [
      7700,
      13.82,
      0.072353
    ],
    [
      7800,
      15.24,
      0.065601
    ],
    [
      7900,
      16.47,
      0.060711
    ],
    [
      8000,
      16.3,
      0.061346
    ],
    [
      8100,
      15.9,
      0.062889
    ],
    [
      8200,
      16.07,
      0.062218
    ],
    [
      8300,
      15.0,
      0.066662
    ],
    [
      8400,
      14.27,
      0.070075
    ],
    [
      8500,
      14.77,
      0.067684
    ],
    [
      8600,
      14.41,
      0.06938
    ],
    [
      8700,
      15.28,
      0.065424
    ],
    [
      8800,
      14.91,
      0.067069
    ],
    [
      8900,
      15.95,
      0.062677
    ],
    [
      9000,
      16.21,
      0.061675
    ],
    [
      9100,
      16.82,
      0.059436
    ],
    [
      9200,
      15.99,
      0.062551
    ],
    [
      9300,
      17.59,
      0.056856
    ],
    [
      9400,
      14.67,
      0.068184
    ],
    [
      9500,
      14.92,
      0.067039
    ],
    [
      9600,
      16.88,
      0.059224
    ],
    [
      9700,
      16.13,
      0.061997
    ],
    [
      9800,
      7.83,
      0.127698
    ],
    [
      9900,
      15.92,
      0.062814
    ]
  ],
  "steps_taken": 10000,
  "elapsed_seconds": 8.39,
  "max_level": 1,
  "L1_solved": true,
  "L2_solved": false,
  "l1_step": 2872,
  "l2_step": null,
  "level_first_step": {
    "1": 2872
  },
  "arc_score": 3e-06,
  "arc_per_level": {
    "1": 3e-06
  },
  "solver_level_steps": {
    "1": 5,
    "2": 13,
    "3": 29,
    "4": 41,
    "5": 50,
    "6": 69,
    "7": 74,
    "8": 79
  },
  "repr_log_enc_n": 100,
  "repr_log_enc_levels": 2,
  "I3_rho": null,
  "I3_rho_pass": null,
  "I3_cv": 4.509501,
  "I3_counts_at_200": [
    0.0,
    0.0,
    1.0,
    0.0,
    0.0,
    0.0,
    0.0
  ],
  "I1_enc_within": 0.493,
  "I1_enc_between": 1.17,
  "I1_enc_p_value": 0.0,
  "I1_enc_pass": true,
  "I1_act_within": 0.5251,
  "I1_act_between": 1.1442,
  "I1_act_p_value": 0.0,
  "I1_act_pass": true,
  "I4_entropy_100": 4.5913,
  "I4_entropy_5000": 7.8471,
  "I4_reduction_pct": -70.91,
  "I4_pass": false,
  "I5_level_actions": {
    "1": 183
  },
  "I5_pass": null,
  "R3_jacobian_diff": 0.0401,
  "R3_n_obs_used": 100,
  "R3_pass": false,
  "SAL_rho": -0.75,
  "SAL_pass": false,
  "SAL_n_actions_visited": 7,
  "pe_snapshots": {
    "100": {
      "mean": 0.000799,
      "max": 0.077116,
      "top7": [
        0.0,
        0.0,
        0.060213,
        0.0,
        0.0,
        0.0,
        0.0
      ]
    },
    "1000": {
      "mean": 0.006035,
      "max": 0.19122,
      "top7": [
        0.017104,
        0.0,
        0.060213,
        0.0,
        0.0,
        0.0,
        0.025913
      ]
    },
    "5000": {
      "mean": 0.017474,
      "max": 0.197818,
      "top7": [
        0.043577,
        0.01902,
        0.093134,
        0.0,
        0.02716,
        0.007744,
        0.03969
      ]
    }
  }
}