{
  "game": "lp85",
  "condition": "softmax",
  "draw": 1,
  "seed": 100,
  "use_softmax": true,
  "mean_temperature": 174354.7155,
  "T_trajectory": [
    [
      0,
      100000000.0,
      0.0
    ],
    [
      100,
      11.69,
      0.085575
    ],
    [
      200,
      11.09,
      0.090162
    ],
    [
      300,
      15.29,
      0.065413
    ],
    [
      400,
      7.58,
      0.131965
    ],
    [
      500,
      7.46,
      0.134003
    ],
    [
      600,
      7.27,
      0.137624
    ],
    [
      700,
      8.55,
      0.116924
    ],
    [
      800,
      8.67,
      0.115364
    ],
    [
      900,
      10.66,
      0.093824
    ],
    [
      1000,
      13.77,
      0.072624
    ],
    [
      1100,
      14.97,
      0.066788
    ],
    [
      1200,
      16.52,
      0.060548
    ],
    [
      1300,
      17.0,
      0.058839
    ],
    [
      1400,
      11.14,
      0.08974
    ],
    [
      1500,
      20.69,
      0.048341
    ],
    [
      1600,
      14.75,
      0.067789
    ],
    [
      1700,
      15.6,
      0.0641
    ],
    [
      1800,
      12.86,
      0.077783
    ],
    [
      1900,
      14.07,
      0.071076
    ],
    [
      2000,
      14.21,
      0.070389
    ],
    [
      2100,
      12.8,
      0.078153
    ],
    [
      2200,
      15.96,
      0.062656
    ],
    [
      2300,
      17.33,
      0.05771
    ],
    [
      2400,
      18.1,
      0.055252
    ],
    [
      2500,
      15.39,
      0.064994
    ],
    [
      2600,
      14.03,
      0.071287
    ],
    [
      2700,
      14.9,
      0.067133
    ],
    [
      2800,
      15.96,
      0.062671
    ],
    [
      2900,
      19.34,
      0.051708
    ],
    [
      3000,
      19.96,
      0.050111
    ],
    [
      3100,
      17.23,
      0.05803
    ],
    [
      3200,
      19.76,
      0.050596
    ],
    [
      3300,
      19.89,
      0.050271
    ],
    [
      3400,
      15.4,
      0.064951
    ],
    [
      3500,
      17.36,
      0.057612
    ],
    [
      3600,
      18.06,
      0.055381
    ],
    [
      3700,
      18.3,
      0.054639
    ],
    [
      3800,
      18.78,
      0.053258
    ],
    [
      3900,
      17.38,
      0.057525
    ],
    [
      4000,
      18.18,
      0.055021
    ],
    [
      4100,
      18.61,
      0.053748
    ],
    [
      4200,
      16.89,
      0.059205
    ],
    [
      4300,
      6.64,
      0.150661
    ],
    [
      4400,
      7.25,
      0.137908
    ],
    [
      4500,
      6.61,
      0.151221
    ],
    [
      4600,
      13.88,
      0.072024
    ],
    [
      4700,
      13.57,
      0.073701
    ],
    [
      4800,
      14.07,
      0.071089
    ],
    [
      4900,
      19.93,
      0.050182
    ],
    [
      5000,
      15.67,
      0.063803
    ],
    [
      5100,
      14.94,
      0.066942
    ],
    [
      5200,
      15.02,
      0.066557
    ],
    [
      5300,
      15.26,
      0.065528
    ],
    [
      5400,
      16.08,
      0.062188
    ],
    [
      5500,
      17.79,
      0.056206
    ],
    [
      5600,
      20.95,
      0.047734
    ],
    [
      5700,
      17.44,
      0.057344
    ],
    [
      5800,
      15.12,
      0.066138
    ],
    [
      5900,
      16.97,
      0.058939
    ],
    [
      6000,
      17.1,
      0.05849
    ],
    [
      6100,
      18.38,
      0.054401
    ],
    [
      6200,
      16.94,
      0.059027
    ],
    [
      6300,
      17.45,
      0.05731
    ],
    [
      6400,
      17.31,
      0.057782
    ],
    [
      6500,
      20.2,
      0.049505
    ],
    [
      6600,
      14.17,
      0.070551
    ],
    [
      6700,
      21.7,
      0.046083
    ],
    [
      6800,
      21.46,
      0.046592
    ],
    [
      6900,
      17.9,
      0.05588
    ],
    [
      7000,
      18.14,
      0.055136
    ],
    [
      7100,
      21.01,
      0.0476
    ],
    [
      7200,
      26.77,
      0.037361
    ],
    [
      7300,
      14.84,
      0.067389
    ],
    [
      7400,
      17.21,
      0.058119
    ],
    [
      7500,
      19.09,
      0.052382
    ],
    [
      7600,
      20.24,
      0.049416
    ],
    [
      7700,
      19.02,
      0.052564
    ],
    [
      7800,
      7.41,
      0.134986
    ],
    [
      7900,
      7.36,
      0.135817
    ],
    [
      8000,
      7.04,
      0.141965
    ],
    [
      8100,
      7.71,
      0.129723
    ],
    [
      8200,
      7.38,
      0.135573
    ],
    [
      8300,
      6.64,
      0.150693
    ],
    [
      8400,
      6.51,
      0.153645
    ],
    [
      8500,
      6.59,
      0.151706
    ],
    [
      8600,
      7.13,
      0.140283
    ],
    [
      8700,
      7.67,
      0.130374
    ],
    [
      8800,
      7.01,
      0.142652
    ],
    [
      8900,
      7.05,
      0.141829
    ],
    [
      9000,
      7.23,
      0.138303
    ],
    [
      9100,
      7.42,
      0.134791
    ],
    [
      9200,
      7.5,
      0.133394
    ],
    [
      9300,
      7.43,
      0.134583
    ],
    [
      9400,
      7.65,
      0.130722
    ],
    [
      9500,
      6.89,
      0.145081
    ],
    [
      9600,
      7.25,
      0.13789
    ],
    [
      9700,
      7.46,
      0.133969
    ],
    [
      9800,
      6.64,
      0.150554
    ],
    [
      9900,
      6.79,
      0.147176
    ]
  ],
  "steps_taken": 10000,
  "elapsed_seconds": 8.39,
  "max_level": 1,
  "L1_solved": true,
  "L2_solved": false,
  "l1_step": 499,
  "l2_step": null,
  "level_first_step": {
    "1": 499
  },
  "arc_score": 0.0001,
  "arc_per_level": {
    "1": 0.0001
  },
  "solver_level_steps": {
    "1": 5,
    "2": 13,
    "3": 29,
    "4": 41,
    "5": 50,
    "6": 69,
    "7": 74,
    "8": 79
  },
  "repr_log_enc_n": 100,
  "repr_log_enc_levels": 2,
  "I3_rho": null,
  "I3_rho_pass": null,
  "I3_cv": 4.463776,
  "I3_counts_at_200": [
    0.0,
    0.0,
    0.0,
    0.0,
    0.0,
    1.0,
    0.0
  ],
  "I1_enc_within": 0.619,
  "I1_enc_between": 1.3155,
  "I1_enc_p_value": 0.0,
  "I1_enc_pass": true,
  "I1_act_within": 0.5813,
  "I1_act_between": 1.3007,
  "I1_act_p_value": 0.0,
  "I1_act_pass": true,
  "I4_entropy_100": 4.5774,
  "I4_entropy_5000": 7.8443,
  "I4_reduction_pct": -71.37,
  "I4_pass": false,
  "I5_level_actions": {
    "1": 330
  },
  "I5_pass": null,
  "R3_jacobian_diff": 0.0544,
  "R3_n_obs_used": 100,
  "R3_pass": true,
  "SAL_rho": 0.0357,
  "SAL_pass": false,
  "SAL_n_actions_visited": 7,
  "pe_snapshots": {
    "100": {
      "mean": 0.000515,
      "max": 0.077116,
      "top7": [
        0.0,
        0.0,
        0.0,
        0.0,
        0.0,
        0.0,
        0.0
      ]
    },
    "1000": {
      "mean": 0.004349,
      "max": 0.146912,
      "top7": [
        0.0,
        0.06828,
        0.0,
        0.010763,
        0.0,
        0.025779,
        0.0
      ]
    },
    "5000": {
      "mean": 0.016926,
      "max": 0.146912,
      "top7": [
        0.02703,
        0.081519,
        0.030657,
        0.013185,
        0.039583,
        0.025779,
        0.0
      ]
    }
  }
}