{
  "game": "lp85",
  "condition": "softmax",
  "draw": 2,
  "seed": 200,
  "use_softmax": true,
  "mean_temperature": 117456.1639,
  "T_trajectory": [
    [
      0,
      100000000.0,
      0.0
    ],
    [
      100,
      11.19,
      0.089385
    ],
    [
      200,
      11.25,
      0.088885
    ],
    [
      300,
      13.21,
      0.075713
    ],
    [
      400,
      12.21,
      0.081885
    ],
    [
      500,
      11.64,
      0.085885
    ],
    [
      600,
      10.52,
      0.095033
    ],
    [
      700,
      11.61,
      0.086166
    ],
    [
      800,
      10.94,
      0.091422
    ],
    [
      900,
      12.11,
      0.082544
    ],
    [
      1000,
      9.19,
      0.108794
    ],
    [
      1100,
      12.1,
      0.082657
    ],
    [
      1200,
      10.32,
      0.096868
    ],
    [
      1300,
      12.01,
      0.083283
    ],
    [
      1400,
      10.68,
      0.093635
    ],
    [
      1500,
      11.03,
      0.090624
    ],
    [
      1600,
      11.43,
      0.087502
    ],
    [
      1700,
      12.11,
      0.082594
    ],
    [
      1800,
      12.79,
      0.078192
    ],
    [
      1900,
      6.95,
      0.143904
    ],
    [
      2000,
      7.21,
      0.138632
    ],
    [
      2100,
      7.97,
      0.1254
    ],
    [
      2200,
      8.66,
      0.115414
    ],
    [
      2300,
      8.35,
      0.119709
    ],
    [
      2400,
      8.24,
      0.121336
    ],
    [
      2500,
      8.62,
      0.11605
    ],
    [
      2600,
      8.91,
      0.112239
    ],
    [
      2700,
      8.52,
      0.11743
    ],
    [
      2800,
      8.78,
      0.113857
    ],
    [
      2900,
      9.04,
      0.110628
    ],
    [
      3000,
      10.66,
      0.093823
    ],
    [
      3100,
      10.43,
      0.095894
    ],
    [
      3200,
      10.59,
      0.094415
    ],
    [
      3300,
      10.4,
      0.09615
    ],
    [
      3400,
      10.68,
      0.093663
    ],
    [
      3500,
      11.23,
      0.089017
    ],
    [
      3600,
      10.08,
      0.099214
    ],
    [
      3700,
      9.68,
      0.103266
    ],
    [
      3800,
      9.9,
      0.100987
    ],
    [
      3900,
      11.37,
      0.087954
    ],
    [
      4000,
      11.72,
      0.085318
    ],
    [
      4100,
      12.46,
      0.080278
    ],
    [
      4200,
      12.26,
      0.081578
    ],
    [
      4300,
      11.58,
      0.086391
    ],
    [
      4400,
      11.46,
      0.087267
    ],
    [
      4500,
      11.8,
      0.084753
    ],
    [
      4600,
      15.33,
      0.065229
    ],
    [
      4700,
      15.66,
      0.063862
    ],
    [
      4800,
      14.8,
      0.067575
    ],
    [
      4900,
      9.09,
      0.110059
    ],
    [
      5000,
      7.82,
      0.127923
    ],
    [
      5100,
      9.33,
      0.107158
    ],
    [
      5200,
      8.35,
      0.119755
    ],
    [
      5300,
      9.52,
      0.104988
    ],
    [
      5400,
      9.7,
      0.10312
    ],
    [
      5500,
      9.38,
      0.106625
    ],
    [
      5600,
      8.22,
      0.121602
    ],
    [
      5700,
      9.23,
      0.108346
    ],
    [
      5800,
      9.68,
      0.103331
    ],
    [
      5900,
      9.57,
      0.104468
    ],
    [
      6000,
      10.17,
      0.098337
    ],
    [
      6100,
      8.42,
      0.118832
    ],
    [
      6200,
      7.91,
      0.126458
    ],
    [
      6300,
      8.12,
      0.123224
    ],
    [
      6400,
      8.32,
      0.120129
    ],
    [
      6500,
      9.56,
      0.104655
    ],
    [
      6600,
      10.66,
      0.093779
    ],
    [
      6700,
      10.82,
      0.092422
    ],
    [
      6800,
      9.74,
      0.102618
    ],
    [
      6900,
      9.89,
      0.101135
    ],
    [
      7000,
      11.11,
      0.090034
    ],
    [
      7100,
      10.26,
      0.097483
    ],
    [
      7200,
      9.95,
      0.10054
    ],
    [
      7300,
      7.75,
      0.129086
    ],
    [
      7400,
      9.39,
      0.106465
    ],
    [
      7500,
      9.55,
      0.104666
    ],
    [
      7600,
      9.84,
      0.101621
    ],
    [
      7700,
      8.2,
      0.121933
    ],
    [
      7800,
      10.22,
      0.097868
    ],
    [
      7900,
      10.38,
      0.096382
    ],
    [
      8000,
      8.75,
      0.11427
    ],
    [
      8100,
      9.11,
      0.109779
    ],
    [
      8200,
      11.57,
      0.086447
    ],
    [
      8300,
      8.91,
      0.112266
    ],
    [
      8400,
      8.37,
      0.119442
    ],
    [
      8500,
      9.49,
      0.105425
    ],
    [
      8600,
      9.34,
      0.107029
    ],
    [
      8700,
      9.97,
      0.100338
    ],
    [
      8800,
      8.56,
      0.116877
    ],
    [
      8900,
      8.99,
      0.111216
    ],
    [
      9000,
      11.44,
      0.087442
    ],
    [
      9100,
      9.12,
      0.10961
    ],
    [
      9200,
      11.05,
      0.090511
    ],
    [
      9300,
      11.16,
      0.089575
    ],
    [
      9400,
      8.69,
      0.115043
    ],
    [
      9500,
      11.51,
      0.086912
    ],
    [
      9600,
      11.08,
      0.090281
    ],
    [
      9700,
      11.19,
      0.089397
    ],
    [
      9800,
      10.14,
      0.098626
    ],
    [
      9900,
      11.06,
      0.090411
    ]
  ],
  "steps_taken": 10000,
  "elapsed_seconds": 6.93,
  "max_level": 1,
  "L1_solved": true,
  "L2_solved": false,
  "l1_step": 1845,
  "l2_step": null,
  "level_first_step": {
    "1": 1845
  },
  "arc_score": 7e-06,
  "arc_per_level": {
    "1": 7e-06
  },
  "solver_level_steps": {
    "1": 5,
    "2": 13,
    "3": 29,
    "4": 41,
    "5": 50,
    "6": 69,
    "7": 74,
    "8": 79
  },
  "repr_log_enc_n": 100,
  "repr_log_enc_levels": 2,
  "I3_rho": null,
  "I3_rho_pass": null,
  "I3_cv": 4.554767,
  "I3_counts_at_200": [
    0.0,
    1.0,
    0.0,
    0.0,
    0.0,
    0.0,
    0.0
  ],
  "I1_enc_within": 0.7593,
  "I1_enc_between": 1.2909,
  "I1_enc_p_value": 0.0,
  "I1_enc_pass": true,
  "I1_act_within": 0.7036,
  "I1_act_between": 1.3554,
  "I1_act_p_value": 0.0,
  "I1_act_pass": true,
  "I4_entropy_100": 4.5774,
  "I4_entropy_5000": 7.8484,
  "I4_reduction_pct": -71.46,
  "I4_pass": false,
  "I5_level_actions": {
    "1": 477
  },
  "I5_pass": null,
  "R3_jacobian_diff": 0.0788,
  "R3_n_obs_used": 100,
  "R3_pass": true,
  "SAL_rho": 0.3571,
  "SAL_pass": true,
  "SAL_n_actions_visited": 7,
  "pe_snapshots": {
    "100": {
      "mean": 0.000772,
      "max": 0.088219,
      "top7": [
        0.0,
        0.0,
        0.0,
        0.0,
        0.0,
        0.0,
        0.0
      ]
    },
    "1000": {
      "mean": 0.006432,
      "max": 0.13811,
      "top7": [
        0.0,
        0.022295,
        0.0,
        0.0,
        0.0,
        0.0,
        0.0
      ]
    },
    "5000": {
      "mean": 0.017196,
      "max": 0.214474,
      "top7": [
        0.00968,
        0.050407,
        0.03698,
        0.017826,
        0.0,
        0.0,
        0.0
      ]
    }
  }
}