{
  "game": "lp85",
  "condition": "softmax",
  "draw": 3,
  "seed": 300,
  "use_softmax": true,
  "mean_temperature": 93462.6295,
  "T_trajectory": [
    [
      0,
      100000000.0,
      0.0
    ],
    [
      100,
      12.99,
      0.076982
    ],
    [
      200,
      22.7,
      0.044046
    ],
    [
      300,
      12.92,
      0.07738
    ],
    [
      400,
      7.75,
      0.129044
    ],
    [
      500,
      9.2,
      0.108669
    ],
    [
      600,
      10.44,
      0.095799
    ],
    [
      700,
      8.46,
      0.118204
    ],
    [
      800,
      11.06,
      0.09041
    ],
    [
      900,
      13.63,
      0.073378
    ],
    [
      1000,
      8.22,
      0.121638
    ],
    [
      1100,
      11.45,
      0.087347
    ],
    [
      1200,
      8.53,
      0.117174
    ],
    [
      1300,
      12.65,
      0.079021
    ],
    [
      1400,
      13.61,
      0.0735
    ],
    [
      1500,
      11.64,
      0.085897
    ],
    [
      1600,
      12.55,
      0.079677
    ],
    [
      1700,
      8.66,
      0.115497
    ],
    [
      1800,
      13.04,
      0.076668
    ],
    [
      1900,
      8.66,
      0.115514
    ],
    [
      2000,
      13.66,
      0.073231
    ],
    [
      2100,
      10.63,
      0.09407
    ],
    [
      2200,
      10.85,
      0.092182
    ],
    [
      2300,
      10.68,
      0.093638
    ],
    [
      2400,
      12.65,
      0.079078
    ],
    [
      2500,
      8.75,
      0.114344
    ],
    [
      2600,
      8.65,
      0.115554
    ],
    [
      2700,
      8.78,
      0.113908
    ],
    [
      2800,
      10.37,
      0.096402
    ],
    [
      2900,
      10.41,
      0.096052
    ],
    [
      3000,
      10.24,
      0.097636
    ],
    [
      3100,
      8.64,
      0.115786
    ],
    [
      3200,
      10.62,
      0.094182
    ],
    [
      3300,
      10.33,
      0.096769
    ],
    [
      3400,
      11.92,
      0.0839
    ],
    [
      3500,
      9.6,
      0.104114
    ],
    [
      3600,
      9.82,
      0.101884
    ],
    [
      3700,
      9.63,
      0.103795
    ],
    [
      3800,
      10.59,
      0.094397
    ],
    [
      3900,
      9.34,
      0.107089
    ],
    [
      4000,
      9.24,
      0.108191
    ],
    [
      4100,
      7.24,
      0.138031
    ],
    [
      4200,
      6.94,
      0.144003
    ],
    [
      4300,
      7.08,
      0.141202
    ],
    [
      4400,
      7.16,
      0.139699
    ],
    [
      4500,
      7.5,
      0.133305
    ],
    [
      4600,
      7.0,
      0.14283
    ],
    [
      4700,
      8.26,
      0.121082
    ],
    [
      4800,
      8.16,
      0.122598
    ],
    [
      4900,
      8.3,
      0.120477
    ],
    [
      5000,
      8.3,
      0.120453
    ],
    [
      5100,
      8.24,
      0.121366
    ],
    [
      5200,
      8.62,
      0.116071
    ],
    [
      5300,
      8.78,
      0.113872
    ],
    [
      5400,
      9.04,
      0.110618
    ],
    [
      5500,
      9.85,
      0.101484
    ],
    [
      5600,
      10.66,
      0.093842
    ],
    [
      5700,
      9.79,
      0.102145
    ],
    [
      5800,
      9.33,
      0.107176
    ],
    [
      5900,
      9.67,
      0.103438
    ],
    [
      6000,
      11.26,
      0.088824
    ],
    [
      6100,
      11.38,
      0.087893
    ],
    [
      6200,
      10.8,
      0.092608
    ],
    [
      6300,
      11.55,
      0.086579
    ],
    [
      6400,
      10.83,
      0.092308
    ],
    [
      6500,
      11.01,
      0.090856
    ],
    [
      6600,
      11.16,
      0.089579
    ],
    [
      6700,
      11.32,
      0.088336
    ],
    [
      6800,
      11.36,
      0.087994
    ],
    [
      6900,
      10.84,
      0.092276
    ],
    [
      7000,
      10.7,
      0.093431
    ],
    [
      7100,
      11.02,
      0.09074
    ],
    [
      7200,
      11.16,
      0.089612
    ],
    [
      7300,
      11.3,
      0.088491
    ],
    [
      7400,
      9.74,
      0.102676
    ],
    [
      7500,
      7.19,
      0.139003
    ],
    [
      7600,
      10.0,
      0.099999
    ],
    [
      7700,
      7.34,
      0.136243
    ],
    [
      7800,
      7.38,
      0.135417
    ],
    [
      7900,
      8.94,
      0.11182
    ],
    [
      8000,
      8.31,
      0.120387
    ],
    [
      8100,
      8.44,
      0.11851
    ],
    [
      8200,
      9.43,
      0.106001
    ],
    [
      8300,
      10.4,
      0.096137
    ],
    [
      8400,
      10.52,
      0.095043
    ],
    [
      8500,
      11.24,
      0.088979
    ],
    [
      8600,
      10.91,
      0.091645
    ],
    [
      8700,
      11.05,
      0.090462
    ],
    [
      8800,
      10.55,
      0.09481
    ],
    [
      8900,
      7.23,
      0.138336
    ],
    [
      9000,
      10.53,
      0.094936
    ],
    [
      9100,
      7.36,
      0.135883
    ],
    [
      9200,
      11.5,
      0.086992
    ],
    [
      9300,
      7.53,
      0.13274
    ],
    [
      9400,
      10.86,
      0.092119
    ],
    [
      9500,
      10.87,
      0.092029
    ],
    [
      9600,
      10.88,
      0.091952
    ],
    [
      9700,
      7.42,
      0.134806
    ],
    [
      9800,
      10.13,
      0.098762
    ],
    [
      9900,
      8.78,
      0.113952
    ]
  ],
  "steps_taken": 10000,
  "elapsed_seconds": 6.86,
  "max_level": 1,
  "L1_solved": true,
  "L2_solved": false,
  "l1_step": 4044,
  "l2_step": null,
  "level_first_step": {
    "1": 4044
  },
  "arc_score": 2e-06,
  "arc_per_level": {
    "1": 2e-06
  },
  "solver_level_steps": {
    "1": 5,
    "2": 13,
    "3": 29,
    "4": 41,
    "5": 50,
    "6": 69,
    "7": 74,
    "8": 79
  },
  "repr_log_enc_n": 100,
  "repr_log_enc_levels": 2,
  "I3_rho": null,
  "I3_rho_pass": null,
  "I3_cv": 4.53219,
  "I3_counts_at_200": [
    0.0,
    0.0,
    0.0,
    0.0,
    0.0,
    0.0,
    0.0
  ],
  "I1_enc_within": 0.7216,
  "I1_enc_between": 1.1709,
  "I1_enc_p_value": 0.0,
  "I1_enc_pass": true,
  "I1_act_within": 0.7169,
  "I1_act_between": 1.1664,
  "I1_act_p_value": 0.0,
  "I1_act_pass": true,
  "I4_entropy_100": 4.5774,
  "I4_entropy_5000": 7.8459,
  "I4_reduction_pct": -71.4,
  "I4_pass": false,
  "I5_level_actions": {
    "1": 335
  },
  "I5_pass": null,
  "R3_jacobian_diff": 0.058,
  "R3_n_obs_used": 100,
  "R3_pass": true,
  "SAL_rho": -0.4643,
  "SAL_pass": false,
  "SAL_n_actions_visited": 7,
  "pe_snapshots": {
    "100": {
      "mean": 0.000636,
      "max": 0.07902,
      "top7": [
        0.0,
        0.0,
        0.0,
        0.0,
        0.0,
        0.0,
        0.0
      ]
    },
    "1000": {
      "mean": 0.004393,
      "max": 0.133273,
      "top7": [
        0.005606,
        0.0,
        0.0,
        0.011191,
        0.0,
        0.0,
        0.0
      ]
    },
    "5000": {
      "mean": 0.016094,
      "max": 0.311705,
      "top7": [
        0.024956,
        0.011528,
        0.001182,
        0.011191,
        0.0,
        0.0,
        0.0
      ]
    }
  }
}