{
  "game": "lp85",
  "condition": "softmax",
  "draw": 5,
  "seed": 500,
  "use_softmax": true,
  "mean_temperature": 293024.4638,
  "T_trajectory": [
    [
      0,
      100000000.0,
      0.0
    ],
    [
      100,
      9.42,
      0.106194
    ],
    [
      200,
      9.92,
      0.100782
    ],
    [
      300,
      9.69,
      0.103149
    ],
    [
      400,
      16.23,
      0.061612
    ],
    [
      500,
      20.08,
      0.049803
    ],
    [
      600,
      9.74,
      0.102683
    ],
    [
      700,
      8.92,
      0.112166
    ],
    [
      800,
      9.69,
      0.103219
    ],
    [
      900,
      12.04,
      0.083067
    ],
    [
      1000,
      10.56,
      0.094677
    ],
    [
      1100,
      11.52,
      0.086802
    ],
    [
      1200,
      9.09,
      0.109978
    ],
    [
      1300,
      7.88,
      0.126855
    ],
    [
      1400,
      7.98,
      0.125245
    ],
    [
      1500,
      9.04,
      0.110595
    ],
    [
      1600,
      8.5,
      0.117712
    ],
    [
      1700,
      8.35,
      0.119719
    ],
    [
      1800,
      8.76,
      0.114192
    ],
    [
      1900,
      10.79,
      0.092675
    ],
    [
      2000,
      10.17,
      0.098323
    ],
    [
      2100,
      9.84,
      0.10164
    ],
    [
      2200,
      10.24,
      0.097684
    ],
    [
      2300,
      9.31,
      0.107382
    ],
    [
      2400,
      9.31,
      0.10745
    ],
    [
      2500,
      11.43,
      0.087489
    ],
    [
      2600,
      12.54,
      0.079738
    ],
    [
      2700,
      13.6,
      0.073554
    ],
    [
      2800,
      12.14,
      0.082403
    ],
    [
      2900,
      12.22,
      0.081861
    ],
    [
      3000,
      12.69,
      0.078795
    ],
    [
      3100,
      14.6,
      0.068501
    ],
    [
      3200,
      14.21,
      0.070354
    ],
    [
      3300,
      13.66,
      0.073201
    ],
    [
      3400,
      14.25,
      0.070161
    ],
    [
      3500,
      12.74,
      0.078485
    ],
    [
      3600,
      13.2,
      0.07576
    ],
    [
      3700,
      15.13,
      0.066076
    ],
    [
      3800,
      15.72,
      0.063622
    ],
    [
      3900,
      15.89,
      0.062952
    ],
    [
      4000,
      16.42,
      0.060909
    ],
    [
      4100,
      8.81,
      0.11349
    ],
    [
      4200,
      9.38,
      0.106652
    ],
    [
      4300,
      7.67,
      0.130372
    ],
    [
      4400,
      7.82,
      0.127805
    ],
    [
      4500,
      8.45,
      0.118277
    ],
    [
      4600,
      7.97,
      0.125504
    ],
    [
      4700,
      8.24,
      0.121345
    ],
    [
      4800,
      8.4,
      0.11901
    ],
    [
      4900,
      8.14,
      0.122808
    ],
    [
      5000,
      7.7,
      0.129892
    ],
    [
      5100,
      8.38,
      0.119361
    ],
    [
      5200,
      8.01,
      0.124847
    ],
    [
      5300,
      7.63,
      0.131116
    ],
    [
      5400,
      9.68,
      0.103347
    ],
    [
      5500,
      9.71,
      0.102965
    ],
    [
      5600,
      7.89,
      0.126722
    ],
    [
      5700,
      8.0,
      0.124991
    ],
    [
      5800,
      8.5,
      0.117593
    ],
    [
      5900,
      9.07,
      0.110268
    ],
    [
      6000,
      9.95,
      0.100456
    ],
    [
      6100,
      9.9,
      0.100995
    ],
    [
      6200,
      9.31,
      0.107431
    ],
    [
      6300,
      9.66,
      0.103543
    ],
    [
      6400,
      9.51,
      0.105142
    ],
    [
      6500,
      8.46,
      0.118208
    ],
    [
      6600,
      9.42,
      0.106175
    ],
    [
      6700,
      8.33,
      0.119984
    ],
    [
      6800,
      8.64,
      0.115724
    ],
    [
      6900,
      10.04,
      0.099619
    ],
    [
      7000,
      9.95,
      0.100511
    ],
    [
      7100,
      8.61,
      0.116119
    ],
    [
      7200,
      8.3,
      0.120499
    ],
    [
      7300,
      9.14,
      0.109427
    ],
    [
      7400,
      10.77,
      0.092888
    ],
    [
      7500,
      12.46,
      0.080254
    ],
    [
      7600,
      12.8,
      0.078132
    ],
    [
      7700,
      13.47,
      0.074253
    ],
    [
      7800,
      13.64,
      0.073318
    ],
    [
      7900,
      10.7,
      0.093495
    ],
    [
      8000,
      13.89,
      0.072015
    ],
    [
      8100,
      13.07,
      0.076511
    ],
    [
      8200,
      12.35,
      0.081002
    ],
    [
      8300,
      13.31,
      0.07513
    ],
    [
      8400,
      12.5,
      0.080006
    ],
    [
      8500,
      12.8,
      0.078095
    ],
    [
      8600,
      10.62,
      0.09414
    ],
    [
      8700,
      10.72,
      0.093275
    ],
    [
      8800,
      10.65,
      0.093921
    ],
    [
      8900,
      11.69,
      0.085559
    ],
    [
      9000,
      9.75,
      0.102531
    ],
    [
      9100,
      12.71,
      0.078686
    ],
    [
      9200,
      11.08,
      0.090274
    ],
    [
      9300,
      10.87,
      0.091955
    ],
    [
      9400,
      10.98,
      0.091065
    ],
    [
      9500,
      13.18,
      0.075881
    ],
    [
      9600,
      12.76,
      0.078398
    ],
    [
      9700,
      13.03,
      0.076752
    ],
    [
      9800,
      12.98,
      0.07706
    ],
    [
      9900,
      14.03,
      0.071253
    ]
  ],
  "steps_taken": 10000,
  "elapsed_seconds": 6.71,
  "max_level": 1,
  "L1_solved": true,
  "L2_solved": false,
  "l1_step": 1278,
  "l2_step": null,
  "level_first_step": {
    "1": 1278
  },
  "arc_score": 1.5e-05,
  "arc_per_level": {
    "1": 1.5e-05
  },
  "solver_level_steps": {
    "1": 5,
    "2": 13,
    "3": 29,
    "4": 41,
    "5": 50,
    "6": 69,
    "7": 74,
    "8": 79
  },
  "repr_log_enc_n": 100,
  "repr_log_enc_levels": 2,
  "I3_rho": null,
  "I3_rho_pass": null,
  "I3_cv": 4.509501,
  "I3_counts_at_200": [
    0.0,
    0.0,
    0.0,
    0.0,
    0.0,
    0.0,
    0.0
  ],
  "I1_enc_within": 0.4817,
  "I1_enc_between": 1.3551,
  "I1_enc_p_value": 0.0,
  "I1_enc_pass": true,
  "I1_act_within": 0.5319,
  "I1_act_between": 1.3369,
  "I1_act_p_value": 0.0,
  "I1_act_pass": true,
  "I4_entropy_100": 4.5913,
  "I4_entropy_5000": 7.8245,
  "I4_reduction_pct": -70.42,
  "I4_pass": false,
  "I5_level_actions": {
    "1": 307
  },
  "I5_pass": null,
  "R3_jacobian_diff": 0.0837,
  "R3_n_obs_used": 100,
  "R3_pass": true,
  "SAL_rho": -0.75,
  "SAL_pass": false,
  "SAL_n_actions_visited": 6,
  "pe_snapshots": {
    "100": {
      "mean": 0.000319,
      "max": 0.077116,
      "top7": [
        0.0,
        0.0,
        0.0,
        0.0,
        0.0,
        0.0,
        0.0
      ]
    },
    "1000": {
      "mean": 0.004915,
      "max": 0.12386,
      "top7": [
        0.0,
        0.0,
        0.0,
        0.0,
        0.0,
        0.0,
        0.0
      ]
    },
    "5000": {
      "mean": 0.017939,
      "max": 0.268679,
      "top7": [
        0.024681,
        0.0,
        0.02256,
        0.0,
        0.0143,
        0.0,
        0.0
      ]
    }
  }
}