{
  "game": "ls20",
  "condition": "softmax",
  "draw": 3,
  "seed": 300,
  "use_softmax": true,
  "mean_temperature": 10005.8402,
  "T_trajectory": [
    [
      0,
      100000000.0,
      0.0
    ],
    [
      100,
      17.39,
      0.057516
    ],
    [
      200,
      18.44,
      0.054215
    ],
    [
      300,
      15.52,
      0.064448
    ],
    [
      400,
      11.75,
      0.085075
    ],
    [
      500,
      18.03,
      0.055475
    ],
    [
      600,
      10.26,
      0.09745
    ],
    [
      700,
      16.75,
      0.059687
    ],
    [
      800,
      54.55,
      0.018331
    ],
    [
      900,
      21.75,
      0.045984
    ],
    [
      1000,
      9.44,
      0.105938
    ],
    [
      1100,
      35.52,
      0.028151
    ],
    [
      1200,
      29.49,
      0.033913
    ],
    [
      1300,
      7.82,
      0.127849
    ],
    [
      1400,
      18.23,
      0.054852
    ],
    [
      1500,
      16.88,
      0.059255
    ],
    [
      1600,
      7.89,
      0.126671
    ],
    [
      1700,
      16.34,
      0.061214
    ],
    [
      1800,
      9.17,
      0.108993
    ],
    [
      1900,
      15.11,
      0.066176
    ],
    [
      2000,
      8.89,
      0.112509
    ],
    [
      2100,
      14.75,
      0.067806
    ],
    [
      2200,
      3.68,
      0.271932
    ],
    [
      2300,
      3.77,
      0.265122
    ],
    [
      2400,
      9.89,
      0.101106
    ],
    [
      2500,
      5.76,
      0.173668
    ],
    [
      2600,
      4.0,
      0.249923
    ],
    [
      2700,
      14.28,
      0.070034
    ],
    [
      2800,
      13.17,
      0.075922
    ],
    [
      2900,
      11.87,
      0.084212
    ],
    [
      3000,
      6.52,
      0.153392
    ],
    [
      3100,
      6.87,
      0.145573
    ],
    [
      3200,
      3.66,
      0.273582
    ],
    [
      3300,
      3.04,
      0.328423
    ],
    [
      3400,
      4.1,
      0.243879
    ],
    [
      3500,
      5.78,
      0.172951
    ],
    [
      3600,
      3.55,
      0.281517
    ],
    [
      3700,
      4.27,
      0.234361
    ],
    [
      3800,
      4.4,
      0.227235
    ],
    [
      3900,
      3.96,
      0.252739
    ],
    [
      4000,
      6.16,
      0.162368
    ],
    [
      4100,
      9.43,
      0.106012
    ],
    [
      4200,
      7.06,
      0.141687
    ],
    [
      4300,
      2.55,
      0.392779
    ],
    [
      4400,
      7.66,
      0.130509
    ],
    [
      4500,
      3.02,
      0.331293
    ],
    [
      4600,
      2.95,
      0.339147
    ],
    [
      4700,
      4.45,
      0.224831
    ],
    [
      4800,
      3.67,
      0.272487
    ],
    [
      4900,
      4.17,
      0.240065
    ],
    [
      5000,
      4.9,
      0.204228
    ],
    [
      5100,
      1.89,
      0.528182
    ],
    [
      5200,
      2.89,
      0.346614
    ],
    [
      5300,
      3.53,
      0.283218
    ],
    [
      5400,
      8.31,
      0.120265
    ],
    [
      5500,
      2.37,
      0.421139
    ],
    [
      5600,
      2.27,
      0.440296
    ],
    [
      5700,
      3.71,
      0.269718
    ],
    [
      5800,
      1.26,
      0.796149
    ],
    [
      5900,
      0.84,
      1.191596
    ],
    [
      6000,
      5.38,
      0.186032
    ],
    [
      6100,
      2.22,
      0.450897
    ],
    [
      6200,
      5.46,
      0.183
    ],
    [
      6300,
      1.41,
      0.711058
    ],
    [
      6400,
      3.22,
      0.310984
    ],
    [
      6500,
      1.27,
      0.787292
    ],
    [
      6600,
      1.07,
      0.93356
    ],
    [
      6700,
      1.24,
      0.807041
    ],
    [
      6800,
      3.78,
      0.264309
    ],
    [
      6900,
      1.54,
      0.649481
    ],
    [
      7000,
      3.92,
      0.255157
    ],
    [
      7100,
      0.99,
      1.012991
    ],
    [
      7200,
      1.09,
      0.917235
    ],
    [
      7300,
      0.84,
      1.184048
    ],
    [
      7400,
      1.13,
      0.888579
    ],
    [
      7500,
      2.28,
      0.439199
    ],
    [
      7600,
      0.96,
      1.042488
    ],
    [
      7700,
      0.39,
      2.555062
    ],
    [
      7800,
      0.45,
      2.235559
    ],
    [
      7900,
      2.92,
      0.341912
    ],
    [
      8000,
      0.46,
      2.181163
    ],
    [
      8100,
      0.49,
      2.027234
    ],
    [
      8200,
      2.83,
      0.353548
    ],
    [
      8300,
      0.87,
      1.155645
    ],
    [
      8400,
      0.3,
      3.358344
    ],
    [
      8500,
      0.57,
      1.766472
    ],
    [
      8600,
      0.64,
      1.563843
    ],
    [
      8700,
      1.6,
      0.626657
    ],
    [
      8800,
      1.57,
      0.635151
    ],
    [
      8900,
      0.61,
      1.639437
    ],
    [
      9000,
      1.42,
      0.702699
    ],
    [
      9100,
      0.76,
      1.315901
    ],
    [
      9200,
      0.26,
      3.828611
    ],
    [
      9300,
      0.23,
      4.318754
    ],
    [
      9400,
      0.23,
      4.307942
    ],
    [
      9500,
      0.22,
      4.515178
    ],
    [
      9600,
      0.26,
      3.897278
    ],
    [
      9700,
      0.53,
      1.893143
    ],
    [
      9800,
      0.23,
      4.360413
    ],
    [
      9900,
      0.54,
      1.852933
    ]
  ],
  "steps_taken": 10000,
  "elapsed_seconds": 6.21,
  "max_level": 0,
  "L1_solved": false,
  "L2_solved": false,
  "l1_step": null,
  "l2_step": null,
  "level_first_step": {},
  "arc_score": 0.0,
  "arc_per_level": {},
  "solver_level_steps": {
    "1": 13,
    "2": 58,
    "3": 99,
    "4": 142,
    "5": 186,
    "6": 258,
    "7": 311
  },
  "repr_log_enc_n": 100,
  "repr_log_enc_levels": 1,
  "I3_rho": -0.4286,
  "I3_rho_pass": false,
  "I3_cv": 0.098742,
  "I3_counts_at_200": [
    26.0,
    30.0,
    30.0,
    29.0,
    30.0,
    32.0,
    23.0
  ],
  "I1_enc_within": null,
  "I1_enc_between": null,
  "I1_enc_p_value": 1.0,
  "I1_enc_pass": false,
  "I1_act_within": null,
  "I1_act_between": null,
  "I1_act_p_value": 1.0,
  "I1_act_pass": false,
  "I4_entropy_100": 1.9186,
  "I4_entropy_5000": 1.9454,
  "I4_reduction_pct": -1.4,
  "I4_pass": false,
  "I5_level_actions": null,
  "I5_pass": null,
  "R3_jacobian_diff": 0.077,
  "R3_n_obs_used": 100,
  "R3_pass": true,
  "SAL_rho": -0.2143,
  "SAL_pass": false,
  "SAL_n_actions_visited": 7,
  "pe_snapshots": {
    "100": {
      "mean": 0.286936,
      "max": 0.341458,
      "top7": [
        0.223231,
        0.277148,
        0.313815,
        0.319319,
        0.311736,
        0.341458,
        0.221846
      ]
    },
    "1000": {
      "mean": 0.490314,
      "max": 0.505759,
      "top7": [
        0.50546,
        0.472762,
        0.505759,
        0.499191,
        0.491171,
        0.484775,
        0.473078
      ]
    },
    "5000": {
      "mean": 0.423723,
      "max": 0.474193,
      "top7": [
        0.459788,
        0.437875,
        0.424629,
        0.474193,
        0.386722,
        0.394059,
        0.388794
      ]
    }
  }
}