{
  "game": "ls20",
  "condition": "softmax",
  "draw": 2,
  "seed": 200,
  "use_softmax": true,
  "mean_temperature": 20003.84,
  "T_trajectory": [
    [
      0,
      100000000.0,
      0.0
    ],
    [
      100,
      15.67,
      0.063833
    ],
    [
      200,
      17.28,
      0.057877
    ],
    [
      300,
      7.26,
      0.13775
    ],
    [
      400,
      8.08,
      0.123766
    ],
    [
      500,
      13.78,
      0.072565
    ],
    [
      600,
      8.31,
      0.120292
    ],
    [
      700,
      4.71,
      0.212214
    ],
    [
      800,
      18.36,
      0.054472
    ],
    [
      900,
      9.16,
      0.109121
    ],
    [
      1000,
      4.43,
      0.225482
    ],
    [
      1100,
      27.86,
      0.035898
    ],
    [
      1200,
      9.99,
      0.10011
    ],
    [
      1300,
      5.79,
      0.172691
    ],
    [
      1400,
      3.9,
      0.256541
    ],
    [
      1500,
      10.41,
      0.096032
    ],
    [
      1600,
      6.11,
      0.163614
    ],
    [
      1700,
      3.08,
      0.324966
    ],
    [
      1800,
      4.47,
      0.223622
    ],
    [
      1900,
      4.73,
      0.211633
    ],
    [
      2000,
      3.35,
      0.298266
    ],
    [
      2100,
      10.76,
      0.092895
    ],
    [
      2200,
      2.73,
      0.36602
    ],
    [
      2300,
      2.34,
      0.426804
    ],
    [
      2400,
      5.3,
      0.188655
    ],
    [
      2500,
      2.3,
      0.43485
    ],
    [
      2600,
      8.06,
      0.124044
    ],
    [
      2700,
      2.25,
      0.443743
    ],
    [
      2800,
      1.89,
      0.530336
    ],
    [
      2900,
      9.06,
      0.110383
    ],
    [
      3000,
      1.47,
      0.682309
    ],
    [
      3100,
      2.57,
      0.389749
    ],
    [
      3200,
      3.37,
      0.296927
    ],
    [
      3300,
      1.31,
      0.761589
    ],
    [
      3400,
      1.96,
      0.510282
    ],
    [
      3500,
      1.64,
      0.609372
    ],
    [
      3600,
      2.42,
      0.414027
    ],
    [
      3700,
      5.59,
      0.178844
    ],
    [
      3800,
      0.83,
      1.202807
    ],
    [
      3900,
      6.0,
      0.166546
    ],
    [
      4000,
      1.59,
      0.62763
    ],
    [
      4100,
      3.58,
      0.279196
    ],
    [
      4200,
      0.85,
      1.182639
    ],
    [
      4300,
      3.54,
      0.28223
    ],
    [
      4400,
      0.78,
      1.288674
    ],
    [
      4500,
      4.95,
      0.201824
    ],
    [
      4600,
      0.79,
      1.267524
    ],
    [
      4700,
      1.91,
      0.524589
    ],
    [
      4800,
      3.14,
      0.318854
    ],
    [
      4900,
      0.55,
      1.826195
    ],
    [
      5000,
      0.66,
      1.504602
    ],
    [
      5100,
      2.16,
      0.462889
    ],
    [
      5200,
      0.64,
      1.558301
    ],
    [
      5300,
      0.83,
      1.211094
    ],
    [
      5400,
      1.51,
      0.662352
    ],
    [
      5500,
      1.01,
      0.987001
    ],
    [
      5600,
      0.7,
      1.42177
    ],
    [
      5700,
      1.89,
      0.530322
    ],
    [
      5800,
      0.42,
      2.393736
    ],
    [
      5900,
      0.7,
      1.430946
    ],
    [
      6000,
      0.98,
      1.019811
    ],
    [
      6100,
      1.19,
      0.837604
    ],
    [
      6200,
      0.51,
      1.975071
    ],
    [
      6300,
      0.39,
      2.584816
    ],
    [
      6400,
      0.34,
      2.933017
    ],
    [
      6500,
      0.44,
      2.283516
    ],
    [
      6600,
      0.42,
      2.371188
    ],
    [
      6700,
      0.59,
      1.706638
    ],
    [
      6800,
      1.59,
      0.627057
    ],
    [
      6900,
      1.01,
      0.99422
    ],
    [
      7000,
      0.3,
      3.332756
    ],
    [
      7100,
      0.36,
      2.743485
    ],
    [
      7200,
      0.35,
      2.828529
    ],
    [
      7300,
      0.27,
      3.7028
    ],
    [
      7400,
      0.42,
      2.373176
    ],
    [
      7500,
      0.51,
      1.947551
    ],
    [
      7600,
      1.12,
      0.894223
    ],
    [
      7700,
      0.48,
      2.089502
    ],
    [
      7800,
      0.51,
      1.95577
    ],
    [
      7900,
      0.48,
      2.09619
    ],
    [
      8000,
      0.28,
      3.553609
    ],
    [
      8100,
      0.38,
      2.658557
    ],
    [
      8200,
      0.41,
      2.467878
    ],
    [
      8300,
      0.64,
      1.560474
    ],
    [
      8400,
      1.27,
      0.785085
    ],
    [
      8500,
      0.8,
      1.25078
    ],
    [
      8600,
      0.31,
      3.19954
    ],
    [
      8700,
      0.31,
      3.258627
    ],
    [
      8800,
      0.29,
      3.429993
    ],
    [
      8900,
      1.32,
      0.758724
    ],
    [
      9000,
      0.34,
      2.902213
    ],
    [
      9100,
      0.21,
      4.722943
    ],
    [
      9200,
      0.26,
      3.799609
    ],
    [
      9300,
      0.28,
      3.546518
    ],
    [
      9400,
      0.22,
      4.554269
    ],
    [
      9500,
      0.68,
      1.468028
    ],
    [
      9600,
      0.26,
      3.797136
    ],
    [
      9700,
      0.15,
      6.619794
    ],
    [
      9800,
      0.21,
      4.751019
    ],
    [
      9900,
      0.42,
      2.371832
    ]
  ],
  "steps_taken": 10000,
  "elapsed_seconds": 6.29,
  "max_level": 0,
  "L1_solved": false,
  "L2_solved": false,
  "l1_step": null,
  "l2_step": null,
  "level_first_step": {},
  "arc_score": 0.0,
  "arc_per_level": {},
  "solver_level_steps": {
    "1": 13,
    "2": 58,
    "3": 99,
    "4": 142,
    "5": 186,
    "6": 258,
    "7": 311
  },
  "repr_log_enc_n": 100,
  "repr_log_enc_levels": 1,
  "I3_rho": 0.2857,
  "I3_rho_pass": false,
  "I3_cv": 0.206519,
  "I3_counts_at_200": [
    31.0,
    24.0,
    25.0,
    31.0,
    23.0,
    25.0,
    41.0
  ],
  "I1_enc_within": null,
  "I1_enc_between": null,
  "I1_enc_p_value": 1.0,
  "I1_enc_pass": false,
  "I1_act_within": null,
  "I1_act_between": null,
  "I1_act_p_value": 1.0,
  "I1_act_pass": false,
  "I4_entropy_100": 1.9229,
  "I4_entropy_5000": 1.9405,
  "I4_reduction_pct": -0.91,
  "I4_pass": false,
  "I5_level_actions": null,
  "I5_pass": null,
  "R3_jacobian_diff": 0.1301,
  "R3_n_obs_used": 100,
  "R3_pass": true,
  "SAL_rho": 0.8571,
  "SAL_pass": true,
  "SAL_n_actions_visited": 7,
  "pe_snapshots": {
    "100": {
      "mean": 0.28064,
      "max": 0.360743,
      "top7": [
        0.267573,
        0.234042,
        0.296914,
        0.305764,
        0.243276,
        0.256166,
        0.360743
      ]
    },
    "1000": {
      "mean": 0.486638,
      "max": 0.506515,
      "top7": [
        0.506515,
        0.496277,
        0.475462,
        0.497334,
        0.474358,
        0.475183,
        0.481339
      ]
    },
    "5000": {
      "mean": 0.391297,
      "max": 0.452855,
      "top7": [
        0.443578,
        0.359169,
        0.452855,
        0.39226,
        0.370347,
        0.363862,
        0.357009
      ]
    }
  }
}