{
  "game": "ls20",
  "condition": "softmax",
  "draw": 5,
  "seed": 500,
  "use_softmax": true,
  "mean_temperature": 20007.2224,
  "T_trajectory": [
    [
      0,
      100000000.0,
      0.0
    ],
    [
      100,
      21.96,
      0.045532
    ],
    [
      200,
      26.65,
      0.037519
    ],
    [
      300,
      15.9,
      0.062906
    ],
    [
      400,
      25.86,
      0.038674
    ],
    [
      500,
      40.56,
      0.024653
    ],
    [
      600,
      21.57,
      0.046357
    ],
    [
      700,
      17.24,
      0.057995
    ],
    [
      800,
      38.91,
      0.025698
    ],
    [
      900,
      24.11,
      0.04148
    ],
    [
      1000,
      26.3,
      0.038021
    ],
    [
      1100,
      12.76,
      0.078378
    ],
    [
      1200,
      11.42,
      0.087565
    ],
    [
      1300,
      10.01,
      0.099926
    ],
    [
      1400,
      10.55,
      0.094811
    ],
    [
      1500,
      13.4,
      0.07461
    ],
    [
      1600,
      8.32,
      0.120125
    ],
    [
      1700,
      10.17,
      0.098285
    ],
    [
      1800,
      16.4,
      0.060965
    ],
    [
      1900,
      8.47,
      0.118071
    ],
    [
      2000,
      9.11,
      0.109734
    ],
    [
      2100,
      15.64,
      0.063957
    ],
    [
      2200,
      6.73,
      0.14867
    ],
    [
      2300,
      15.81,
      0.063237
    ],
    [
      2400,
      7.4,
      0.135167
    ],
    [
      2500,
      7.45,
      0.134198
    ],
    [
      2600,
      11.41,
      0.087646
    ],
    [
      2700,
      6.72,
      0.148877
    ],
    [
      2800,
      7.21,
      0.138605
    ],
    [
      2900,
      6.2,
      0.161298
    ],
    [
      3000,
      10.94,
      0.091428
    ],
    [
      3100,
      5.87,
      0.170229
    ],
    [
      3200,
      14.44,
      0.069236
    ],
    [
      3300,
      4.57,
      0.218856
    ],
    [
      3400,
      4.93,
      0.202703
    ],
    [
      3500,
      12.36,
      0.08093
    ],
    [
      3600,
      12.68,
      0.078868
    ],
    [
      3700,
      6.71,
      0.149055
    ],
    [
      3800,
      5.03,
      0.198904
    ],
    [
      3900,
      4.58,
      0.218192
    ],
    [
      4000,
      12.23,
      0.081768
    ],
    [
      4100,
      6.31,
      0.158556
    ],
    [
      4200,
      5.62,
      0.177959
    ],
    [
      4300,
      7.62,
      0.131198
    ],
    [
      4400,
      5.85,
      0.170924
    ],
    [
      4500,
      3.44,
      0.290742
    ],
    [
      4600,
      3.18,
      0.314385
    ],
    [
      4700,
      3.17,
      0.315819
    ],
    [
      4800,
      2.8,
      0.357315
    ],
    [
      4900,
      3.91,
      0.256042
    ],
    [
      5000,
      4.53,
      0.22073
    ],
    [
      5100,
      3.51,
      0.284751
    ],
    [
      5200,
      3.64,
      0.274395
    ],
    [
      5300,
      4.2,
      0.238372
    ],
    [
      5400,
      5.86,
      0.170577
    ],
    [
      5500,
      3.59,
      0.278914
    ],
    [
      5600,
      3.86,
      0.259374
    ],
    [
      5700,
      6.7,
      0.149179
    ],
    [
      5800,
      3.16,
      0.316844
    ],
    [
      5900,
      3.99,
      0.250643
    ],
    [
      6000,
      2.73,
      0.366145
    ],
    [
      6100,
      10.24,
      0.09767
    ],
    [
      6200,
      9.77,
      0.102305
    ],
    [
      6300,
      4.11,
      0.243183
    ],
    [
      6400,
      1.93,
      0.517313
    ],
    [
      6500,
      2.75,
      0.363593
    ],
    [
      6600,
      1.75,
      0.572303
    ],
    [
      6700,
      3.51,
      0.285201
    ],
    [
      6800,
      1.54,
      0.6478
    ],
    [
      6900,
      2.72,
      0.368175
    ],
    [
      7000,
      3.39,
      0.294645
    ],
    [
      7100,
      4.32,
      0.231216
    ],
    [
      7200,
      12.82,
      0.077976
    ],
    [
      7300,
      2.16,
      0.463711
    ],
    [
      7400,
      2.31,
      0.433356
    ],
    [
      7500,
      1.99,
      0.502321
    ],
    [
      7600,
      2.35,
      0.425784
    ],
    [
      7700,
      4.43,
      0.22548
    ],
    [
      7800,
      1.72,
      0.580975
    ],
    [
      7900,
      1.67,
      0.600032
    ],
    [
      8000,
      1.57,
      0.637636
    ],
    [
      8100,
      2.21,
      0.452064
    ],
    [
      8200,
      1.52,
      0.657362
    ],
    [
      8300,
      2.68,
      0.373547
    ],
    [
      8400,
      1.55,
      0.645965
    ],
    [
      8500,
      3.47,
      0.287981
    ],
    [
      8600,
      1.3,
      0.768576
    ],
    [
      8700,
      1.87,
      0.53396
    ],
    [
      8800,
      2.17,
      0.461075
    ],
    [
      8900,
      1.69,
      0.591794
    ],
    [
      9000,
      2.55,
      0.392088
    ],
    [
      9100,
      1.42,
      0.702306
    ],
    [
      9200,
      1.09,
      0.920576
    ],
    [
      9300,
      2.14,
      0.467631
    ],
    [
      9400,
      1.55,
      0.64335
    ],
    [
      9500,
      0.75,
      1.329027
    ],
    [
      9600,
      1.1,
      0.907295
    ],
    [
      9700,
      1.2,
      0.830906
    ],
    [
      9800,
      1.03,
      0.969598
    ],
    [
      9900,
      1.19,
      0.840542
    ]
  ],
  "steps_taken": 10000,
  "elapsed_seconds": 6.32,
  "max_level": 0,
  "L1_solved": false,
  "L2_solved": false,
  "l1_step": null,
  "l2_step": null,
  "level_first_step": {},
  "arc_score": 0.0,
  "arc_per_level": {},
  "solver_level_steps": {
    "1": 13,
    "2": 58,
    "3": 99,
    "4": 142,
    "5": 186,
    "6": 258,
    "7": 311
  },
  "repr_log_enc_n": 100,
  "repr_log_enc_levels": 1,
  "I3_rho": -0.8571,
  "I3_rho_pass": false,
  "I3_cv": 0.151822,
  "I3_counts_at_200": [
    22.0,
    27.0,
    26.0,
    26.0,
    34.0,
    30.0,
    35.0
  ],
  "I1_enc_within": null,
  "I1_enc_between": null,
  "I1_enc_p_value": 1.0,
  "I1_enc_pass": false,
  "I1_act_within": null,
  "I1_act_between": null,
  "I1_act_p_value": 1.0,
  "I1_act_pass": false,
  "I4_entropy_100": 1.9191,
  "I4_entropy_5000": 1.9451,
  "I4_reduction_pct": -1.35,
  "I4_pass": false,
  "I5_level_actions": null,
  "I5_pass": null,
  "R3_jacobian_diff": 0.0627,
  "R3_n_obs_used": 100,
  "R3_pass": true,
  "SAL_rho": 0.9286,
  "SAL_pass": true,
  "SAL_n_actions_visited": 7,
  "pe_snapshots": {
    "100": {
      "mean": 0.284999,
      "max": 0.358156,
      "top7": [
        0.246314,
        0.249966,
        0.224872,
        0.270887,
        0.306411,
        0.338384,
        0.358156
      ]
    },
    "1000": {
      "mean": 0.488189,
      "max": 0.520696,
      "top7": [
        0.520696,
        0.477278,
        0.490187,
        0.504731,
        0.478042,
        0.473831,
        0.472556
      ]
    },
    "5000": {
      "mean": 0.409483,
      "max": 0.452273,
      "top7": [
        0.452273,
        0.436721,
        0.420187,
        0.447038,
        0.378087,
        0.365251,
        0.366825
      ]
    }
  }
}