{
  "game": "ls20",
  "condition": "softmax",
  "draw": 4,
  "seed": 400,
  "use_softmax": true,
  "mean_temperature": 20005.7974,
  "T_trajectory": [
    [
      0,
      100000000.0,
      0.0
    ],
    [
      100,
      19.41,
      0.051511
    ],
    [
      200,
      16.74,
      0.05972
    ],
    [
      300,
      9.22,
      0.108516
    ],
    [
      400,
      40.61,
      0.024625
    ],
    [
      500,
      15.54,
      0.064334
    ],
    [
      600,
      14.2,
      0.070439
    ],
    [
      700,
      35.43,
      0.028222
    ],
    [
      800,
      8.13,
      0.122954
    ],
    [
      900,
      9.67,
      0.10343
    ],
    [
      1000,
      9.69,
      0.103216
    ],
    [
      1100,
      9.6,
      0.104192
    ],
    [
      1200,
      13.31,
      0.075125
    ],
    [
      1300,
      29.27,
      0.034163
    ],
    [
      1400,
      13.04,
      0.076712
    ],
    [
      1500,
      9.22,
      0.108457
    ],
    [
      1600,
      9.1,
      0.109888
    ],
    [
      1700,
      12.84,
      0.077894
    ],
    [
      1800,
      7.63,
      0.131129
    ],
    [
      1900,
      26.59,
      0.03761
    ],
    [
      2000,
      8.11,
      0.123321
    ],
    [
      2100,
      5.54,
      0.180515
    ],
    [
      2200,
      10.22,
      0.097891
    ],
    [
      2300,
      7.4,
      0.135195
    ],
    [
      2400,
      10.46,
      0.095622
    ],
    [
      2500,
      6.49,
      0.154107
    ],
    [
      2600,
      4.07,
      0.245954
    ],
    [
      2700,
      8.84,
      0.113112
    ],
    [
      2800,
      4.16,
      0.240213
    ],
    [
      2900,
      15.64,
      0.063935
    ],
    [
      3000,
      16.68,
      0.059936
    ],
    [
      3100,
      3.31,
      0.301905
    ],
    [
      3200,
      5.68,
      0.176054
    ],
    [
      3300,
      4.27,
      0.234019
    ],
    [
      3400,
      3.32,
      0.301538
    ],
    [
      3500,
      10.37,
      0.096445
    ],
    [
      3600,
      4.46,
      0.22408
    ],
    [
      3700,
      2.42,
      0.412507
    ],
    [
      3800,
      5.05,
      0.197948
    ],
    [
      3900,
      4.8,
      0.208246
    ],
    [
      4000,
      7.78,
      0.128479
    ],
    [
      4100,
      13.82,
      0.072359
    ],
    [
      4200,
      3.06,
      0.326829
    ],
    [
      4300,
      4.36,
      0.229134
    ],
    [
      4400,
      5.46,
      0.18313
    ],
    [
      4500,
      2.58,
      0.387517
    ],
    [
      4600,
      2.35,
      0.424815
    ],
    [
      4700,
      5.32,
      0.18799
    ],
    [
      4800,
      2.95,
      0.338846
    ],
    [
      4900,
      2.99,
      0.334231
    ],
    [
      5000,
      3.57,
      0.280156
    ],
    [
      5100,
      2.06,
      0.486343
    ],
    [
      5200,
      1.37,
      0.728044
    ],
    [
      5300,
      2.18,
      0.458893
    ],
    [
      5400,
      1.6,
      0.626226
    ],
    [
      5500,
      1.84,
      0.544415
    ],
    [
      5600,
      2.08,
      0.479781
    ],
    [
      5700,
      1.69,
      0.590647
    ],
    [
      5800,
      3.41,
      0.293329
    ],
    [
      5900,
      1.74,
      0.575419
    ],
    [
      6000,
      1.36,
      0.734389
    ],
    [
      6100,
      1.62,
      0.617978
    ],
    [
      6200,
      1.22,
      0.818127
    ],
    [
      6300,
      4.24,
      0.235773
    ],
    [
      6400,
      1.67,
      0.598291
    ],
    [
      6500,
      1.1,
      0.90514
    ],
    [
      6600,
      4.21,
      0.237525
    ],
    [
      6700,
      1.2,
      0.835323
    ],
    [
      6800,
      1.47,
      0.681478
    ],
    [
      6900,
      0.89,
      1.126658
    ],
    [
      7000,
      0.86,
      1.160216
    ],
    [
      7100,
      1.84,
      0.542308
    ],
    [
      7200,
      0.4,
      2.529443
    ],
    [
      7300,
      0.8,
      1.255323
    ],
    [
      7400,
      1.58,
      0.633786
    ],
    [
      7500,
      1.14,
      0.878198
    ],
    [
      7600,
      2.74,
      0.36504
    ],
    [
      7700,
      2.14,
      0.466567
    ],
    [
      7800,
      0.35,
      2.818187
    ],
    [
      7900,
      0.33,
      3.01115
    ],
    [
      8000,
      0.32,
      3.133747
    ],
    [
      8100,
      0.37,
      2.676157
    ],
    [
      8200,
      1.57,
      0.637427
    ],
    [
      8300,
      0.31,
      3.179715
    ],
    [
      8400,
      0.62,
      1.615429
    ],
    [
      8500,
      0.53,
      1.892776
    ],
    [
      8600,
      0.32,
      3.156782
    ],
    [
      8700,
      0.35,
      2.880472
    ],
    [
      8800,
      0.27,
      3.75967
    ],
    [
      8900,
      0.5,
      1.990365
    ],
    [
      9000,
      1.42,
      0.704175
    ],
    [
      9100,
      0.34,
      2.907923
    ],
    [
      9200,
      0.29,
      3.418188
    ],
    [
      9300,
      0.35,
      2.866943
    ],
    [
      9400,
      0.44,
      2.266379
    ],
    [
      9500,
      0.27,
      3.71132
    ],
    [
      9600,
      0.22,
      4.470596
    ],
    [
      9700,
      0.28,
      3.581749
    ],
    [
      9800,
      0.33,
      3.003282
    ],
    [
      9900,
      0.31,
      3.266331
    ]
  ],
  "steps_taken": 10000,
  "elapsed_seconds": 6.31,
  "max_level": 0,
  "L1_solved": false,
  "L2_solved": false,
  "l1_step": null,
  "l2_step": null,
  "level_first_step": {},
  "arc_score": 0.0,
  "arc_per_level": {},
  "solver_level_steps": {
    "1": 13,
    "2": 58,
    "3": 99,
    "4": 142,
    "5": 186,
    "6": 258,
    "7": 311
  },
  "repr_log_enc_n": 100,
  "repr_log_enc_levels": 1,
  "I3_rho": 0.3571,
  "I3_rho_pass": false,
  "I3_cv": 0.1253,
  "I3_counts_at_200": [
    29.0,
    30.0,
    28.0,
    29.0,
    35.0,
    27.0,
    22.0
  ],
  "I1_enc_within": null,
  "I1_enc_between": null,
  "I1_enc_p_value": 1.0,
  "I1_enc_pass": false,
  "I1_act_within": null,
  "I1_act_between": null,
  "I1_act_p_value": 1.0,
  "I1_act_pass": false,
  "I4_entropy_100": 1.9418,
  "I4_entropy_5000": 1.9452,
  "I4_reduction_pct": -0.17,
  "I4_pass": false,
  "I5_level_actions": null,
  "I5_pass": null,
  "R3_jacobian_diff": 0.066,
  "R3_n_obs_used": 100,
  "R3_pass": true,
  "SAL_rho": 0.9643,
  "SAL_pass": true,
  "SAL_n_actions_visited": 7,
  "pe_snapshots": {
    "100": {
      "mean": 0.285618,
      "max": 0.318972,
      "top7": [
        0.30889,
        0.255836,
        0.267304,
        0.318972,
        0.285742,
        0.288624,
        0.273959
      ]
    },
    "1000": {
      "mean": 0.501157,
      "max": 0.523594,
      "top7": [
        0.523594,
        0.486667,
        0.51329,
        0.508186,
        0.487559,
        0.49108,
        0.497722
      ]
    },
    "5000": {
      "mean": 0.401272,
      "max": 0.444802,
      "top7": [
        0.444802,
        0.391691,
        0.432942,
        0.426492,
        0.374545,
        0.369516,
        0.368915
      ]
    }
  }
}