{
  "game": "ls20",
  "condition": "softmax",
  "draw": 1,
  "seed": 100,
  "use_softmax": true,
  "mean_temperature": 10002.957,
  "T_trajectory": [
    [
      0,
      100000000.0,
      0.0
    ],
    [
      100,
      33.67,
      0.029698
    ],
    [
      200,
      11.0,
      0.090933
    ],
    [
      300,
      6.68,
      0.149653
    ],
    [
      400,
      20.99,
      0.047632
    ],
    [
      500,
      7.38,
      0.135434
    ],
    [
      600,
      6.17,
      0.162122
    ],
    [
      700,
      7.99,
      0.125101
    ],
    [
      800,
      13.21,
      0.075699
    ],
    [
      900,
      5.0,
      0.200103
    ],
    [
      1000,
      15.42,
      0.064837
    ],
    [
      1100,
      4.17,
      0.239539
    ],
    [
      1200,
      10.7,
      0.09343
    ],
    [
      1300,
      6.66,
      0.150137
    ],
    [
      1400,
      10.56,
      0.094669
    ],
    [
      1500,
      8.64,
      0.115708
    ],
    [
      1600,
      9.59,
      0.104236
    ],
    [
      1700,
      4.4,
      0.227137
    ],
    [
      1800,
      19.27,
      0.051901
    ],
    [
      1900,
      9.28,
      0.107764
    ],
    [
      2000,
      2.93,
      0.341644
    ],
    [
      2100,
      3.54,
      0.282288
    ],
    [
      2200,
      2.7,
      0.370796
    ],
    [
      2300,
      3.38,
      0.295818
    ],
    [
      2400,
      3.14,
      0.31812
    ],
    [
      2500,
      4.76,
      0.210259
    ],
    [
      2600,
      3.03,
      0.330365
    ],
    [
      2700,
      12.38,
      0.080748
    ],
    [
      2800,
      1.6,
      0.625304
    ],
    [
      2900,
      11.51,
      0.086884
    ],
    [
      3000,
      5.29,
      0.189083
    ],
    [
      3100,
      1.5,
      0.665325
    ],
    [
      3200,
      5.72,
      0.174745
    ],
    [
      3300,
      0.9,
      1.106591
    ],
    [
      3400,
      1.15,
      0.872049
    ],
    [
      3500,
      7.57,
      0.132076
    ],
    [
      3600,
      1.13,
      0.884159
    ],
    [
      3700,
      0.97,
      1.030217
    ],
    [
      3800,
      0.75,
      1.341589
    ],
    [
      3900,
      0.52,
      1.905319
    ],
    [
      4000,
      2.26,
      0.443295
    ],
    [
      4100,
      0.69,
      1.458815
    ],
    [
      4200,
      1.1,
      0.907537
    ],
    [
      4300,
      5.29,
      0.188893
    ],
    [
      4400,
      0.66,
      1.524709
    ],
    [
      4500,
      1.76,
      0.566998
    ],
    [
      4600,
      0.49,
      2.058825
    ],
    [
      4700,
      3.33,
      0.300708
    ],
    [
      4800,
      0.97,
      1.027861
    ],
    [
      4900,
      1.13,
      0.887987
    ],
    [
      5000,
      0.36,
      2.796644
    ],
    [
      5100,
      0.36,
      2.802984
    ],
    [
      5200,
      0.4,
      2.516025
    ],
    [
      5300,
      0.44,
      2.27495
    ],
    [
      5400,
      0.28,
      3.622809
    ],
    [
      5500,
      0.3,
      3.344645
    ],
    [
      5600,
      0.32,
      3.133537
    ],
    [
      5700,
      1.02,
      0.984577
    ],
    [
      5800,
      0.58,
      1.735546
    ],
    [
      5900,
      0.37,
      2.737592
    ],
    [
      6000,
      0.36,
      2.797099
    ],
    [
      6100,
      0.95,
      1.050084
    ],
    [
      6200,
      0.32,
      3.098336
    ],
    [
      6300,
      0.37,
      2.73876
    ],
    [
      6400,
      0.25,
      4.034829
    ],
    [
      6500,
      0.5,
      1.993791
    ],
    [
      6600,
      2.54,
      0.394109
    ],
    [
      6700,
      0.95,
      1.051025
    ],
    [
      6800,
      0.17,
      5.828936
    ],
    [
      6900,
      0.23,
      4.257387
    ],
    [
      7000,
      0.85,
      1.17086
    ],
    [
      7100,
      0.19,
      5.228518
    ],
    [
      7200,
      0.2,
      5.028201
    ],
    [
      7300,
      0.28,
      3.52096
    ],
    [
      7400,
      1.55,
      0.646326
    ],
    [
      7500,
      0.27,
      3.707726
    ],
    [
      7600,
      0.2,
      5.020906
    ],
    [
      7700,
      0.47,
      2.110659
    ],
    [
      7800,
      0.14,
      7.010663
    ],
    [
      7900,
      0.18,
      5.559526
    ],
    [
      8000,
      0.19,
      5.270716
    ],
    [
      8100,
      0.21,
      4.777979
    ],
    [
      8200,
      0.19,
      5.174101
    ],
    [
      8300,
      0.21,
      4.863298
    ],
    [
      8400,
      0.17,
      5.831809
    ],
    [
      8500,
      0.23,
      4.335849
    ],
    [
      8600,
      0.19,
      5.205337
    ],
    [
      8700,
      0.15,
      6.681208
    ],
    [
      8800,
      0.26,
      3.853057
    ],
    [
      8900,
      0.17,
      6.032711
    ],
    [
      9000,
      0.34,
      2.940559
    ],
    [
      9100,
      0.51,
      1.943887
    ],
    [
      9200,
      0.14,
      7.178537
    ],
    [
      9300,
      0.48,
      2.084851
    ],
    [
      9400,
      0.13,
      7.621454
    ],
    [
      9500,
      0.17,
      5.741343
    ],
    [
      9600,
      0.17,
      5.912679
    ],
    [
      9700,
      0.17,
      5.747999
    ],
    [
      9800,
      0.1,
      9.837779
    ],
    [
      9900,
      0.38,
      2.621868
    ]
  ],
  "steps_taken": 10000,
  "elapsed_seconds": 6.37,
  "max_level": 0,
  "L1_solved": false,
  "L2_solved": false,
  "l1_step": null,
  "l2_step": null,
  "level_first_step": {},
  "arc_score": 0.0,
  "arc_per_level": {},
  "solver_level_steps": {
    "1": 13,
    "2": 58,
    "3": 99,
    "4": 142,
    "5": 186,
    "6": 258,
    "7": 311
  },
  "repr_log_enc_n": 100,
  "repr_log_enc_levels": 1,
  "I3_rho": 0.0357,
  "I3_rho_pass": false,
  "I3_cv": 0.139821,
  "I3_counts_at_200": [
    25.0,
    35.0,
    31.0,
    25.0,
    30.0,
    23.0,
    31.0
  ],
  "I1_enc_within": null,
  "I1_enc_between": null,
  "I1_enc_p_value": 1.0,
  "I1_enc_pass": false,
  "I1_act_within": null,
  "I1_act_between": null,
  "I1_act_p_value": 1.0,
  "I1_act_pass": false,
  "I4_entropy_100": 1.9229,
  "I4_entropy_5000": 1.9312,
  "I4_reduction_pct": -0.43,
  "I4_pass": false,
  "I5_level_actions": null,
  "I5_pass": null,
  "R3_jacobian_diff": 0.1923,
  "R3_n_obs_used": 100,
  "R3_pass": true,
  "SAL_rho": 0.5714,
  "SAL_pass": true,
  "SAL_n_actions_visited": 7,
  "pe_snapshots": {
    "100": {
      "mean": 0.275952,
      "max": 0.336455,
      "top7": [
        0.294483,
        0.336455,
        0.311851,
        0.194891,
        0.30447,
        0.218378,
        0.271135
      ]
    },
    "1000": {
      "mean": 0.490485,
      "max": 0.512511,
      "top7": [
        0.511901,
        0.477148,
        0.512511,
        0.482598,
        0.481898,
        0.48144,
        0.485899
      ]
    },
    "5000": {
      "mean": 0.387471,
      "max": 0.445112,
      "top7": [
        0.445112,
        0.353039,
        0.424533,
        0.425407,
        0.347047,
        0.348064,
        0.369097
      ]
    }
  }
}