{
  "game": "sb26",
  "condition": "softmax",
  "draw": 3,
  "seed": 300,
  "use_softmax": true,
  "mean_temperature": 322510.3644,
  "T_trajectory": [
    [
      0,
      100000000.0,
      0.0
    ],
    [
      100,
      22.3,
      0.044842
    ],
    [
      200,
      19.45,
      0.051419
    ],
    [
      300,
      29.32,
      0.034112
    ],
    [
      400,
      39.92,
      0.025051
    ],
    [
      500,
      18.37,
      0.054445
    ],
    [
      600,
      14.88,
      0.067191
    ],
    [
      700,
      15.1,
      0.066209
    ],
    [
      800,
      18.07,
      0.055335
    ],
    [
      900,
      13.51,
      0.074014
    ],
    [
      1000,
      14.07,
      0.071052
    ],
    [
      1100,
      17.12,
      0.058428
    ],
    [
      1200,
      15.26,
      0.065545
    ],
    [
      1300,
      16.53,
      0.060498
    ],
    [
      1400,
      17.42,
      0.057398
    ],
    [
      1500,
      14.89,
      0.067146
    ],
    [
      1600,
      18.58,
      0.053811
    ],
    [
      1700,
      19.06,
      0.052476
    ],
    [
      1800,
      18.21,
      0.054901
    ],
    [
      1900,
      20.71,
      0.048295
    ],
    [
      2000,
      18.79,
      0.053211
    ],
    [
      2100,
      19.71,
      0.050735
    ],
    [
      2200,
      15.77,
      0.06343
    ],
    [
      2300,
      15.78,
      0.063388
    ],
    [
      2400,
      16.62,
      0.060181
    ],
    [
      2500,
      15.08,
      0.066308
    ],
    [
      2600,
      16.89,
      0.05919
    ],
    [
      2700,
      17.98,
      0.055607
    ],
    [
      2800,
      15.44,
      0.064781
    ],
    [
      2900,
      19.81,
      0.050486
    ],
    [
      3000,
      16.14,
      0.061942
    ],
    [
      3100,
      16.19,
      0.06176
    ],
    [
      3200,
      16.95,
      0.058999
    ],
    [
      3300,
      12.62,
      0.079219
    ],
    [
      3400,
      14.0,
      0.071404
    ],
    [
      3500,
      18.09,
      0.055279
    ],
    [
      3600,
      15.8,
      0.063307
    ],
    [
      3700,
      14.55,
      0.068728
    ],
    [
      3800,
      15.3,
      0.065374
    ],
    [
      3900,
      20.63,
      0.048473
    ],
    [
      4000,
      21.21,
      0.047148
    ],
    [
      4100,
      14.47,
      0.06911
    ],
    [
      4200,
      21.8,
      0.045865
    ],
    [
      4300,
      19.63,
      0.050953
    ],
    [
      4400,
      15.86,
      0.063054
    ],
    [
      4500,
      21.75,
      0.045975
    ],
    [
      4600,
      14.97,
      0.066797
    ],
    [
      4700,
      13.39,
      0.074682
    ],
    [
      4800,
      20.34,
      0.049169
    ],
    [
      4900,
      16.21,
      0.061701
    ],
    [
      5000,
      19.51,
      0.051252
    ],
    [
      5100,
      17.88,
      0.055913
    ],
    [
      5200,
      21.45,
      0.046617
    ],
    [
      5300,
      17.54,
      0.057001
    ],
    [
      5400,
      17.25,
      0.057959
    ],
    [
      5500,
      15.45,
      0.064713
    ],
    [
      5600,
      17.06,
      0.058626
    ],
    [
      5700,
      14.76,
      0.067756
    ],
    [
      5800,
      16.28,
      0.06141
    ],
    [
      5900,
      18.32,
      0.054592
    ],
    [
      6000,
      22.6,
      0.044241
    ],
    [
      6100,
      13.38,
      0.074727
    ],
    [
      6200,
      17.33,
      0.057694
    ],
    [
      6300,
      21.74,
      0.046005
    ],
    [
      6400,
      18.17,
      0.055021
    ],
    [
      6500,
      15.49,
      0.064572
    ],
    [
      6600,
      14.62,
      0.06842
    ],
    [
      6700,
      14.34,
      0.069736
    ],
    [
      6800,
      14.29,
      0.069979
    ],
    [
      6900,
      14.42,
      0.069338
    ],
    [
      7000,
      15.69,
      0.063728
    ],
    [
      7100,
      15.54,
      0.064365
    ],
    [
      7200,
      14.77,
      0.067716
    ],
    [
      7300,
      15.99,
      0.062553
    ],
    [
      7400,
      16.83,
      0.059416
    ],
    [
      7500,
      19.87,
      0.050332
    ],
    [
      7600,
      20.1,
      0.049741
    ],
    [
      7700,
      23.45,
      0.042644
    ],
    [
      7800,
      19.96,
      0.050096
    ],
    [
      7900,
      15.23,
      0.065646
    ],
    [
      8000,
      13.16,
      0.075989
    ],
    [
      8100,
      14.25,
      0.070198
    ],
    [
      8200,
      18.82,
      0.053125
    ],
    [
      8300,
      16.72,
      0.059821
    ],
    [
      8400,
      22.07,
      0.045314
    ],
    [
      8500,
      18.01,
      0.055526
    ],
    [
      8600,
      19.44,
      0.051431
    ],
    [
      8700,
      19.2,
      0.052087
    ],
    [
      8800,
      17.91,
      0.055848
    ],
    [
      8900,
      14.9,
      0.067115
    ],
    [
      9000,
      19.77,
      0.050583
    ],
    [
      9100,
      17.0,
      0.05881
    ],
    [
      9200,
      20.22,
      0.049466
    ],
    [
      9300,
      18.86,
      0.05303
    ],
    [
      9400,
      16.47,
      0.060723
    ],
    [
      9500,
      15.18,
      0.065898
    ],
    [
      9600,
      15.07,
      0.066337
    ],
    [
      9700,
      18.96,
      0.05275
    ],
    [
      9800,
      21.58,
      0.046345
    ],
    [
      9900,
      14.44,
      0.069274
    ]
  ],
  "steps_taken": 10000,
  "elapsed_seconds": 5.96,
  "max_level": 0,
  "L1_solved": false,
  "L2_solved": false,
  "l1_step": null,
  "l2_step": null,
  "level_first_step": {},
  "arc_score": 0.0,
  "arc_per_level": {},
  "solver_level_steps": {
    "1": 9,
    "2": 24,
    "3": 39,
    "4": 54,
    "5": 71,
    "6": 90,
    "7": 107,
    "8": 124
  },
  "repr_log_enc_n": 100,
  "repr_log_enc_levels": 1,
  "I3_rho": 0.8929,
  "I3_rho_pass": true,
  "I3_cv": 4.53219,
  "I3_counts_at_200": [
    0.0,
    0.0,
    0.0,
    0.0,
    0.0,
    0.0,
    0.0
  ],
  "I1_enc_within": null,
  "I1_enc_between": null,
  "I1_enc_p_value": 1.0,
  "I1_enc_pass": false,
  "I1_act_within": null,
  "I1_act_between": null,
  "I1_act_p_value": 1.0,
  "I1_act_pass": false,
  "I4_entropy_100": 4.5636,
  "I4_entropy_5000": 7.8524,
  "I4_reduction_pct": -72.07,
  "I4_pass": false,
  "I5_level_actions": null,
  "I5_pass": null,
  "R3_jacobian_diff": 0.0218,
  "R3_n_obs_used": 100,
  "R3_pass": false,
  "SAL_rho": 0.2857,
  "SAL_pass": true,
  "SAL_n_actions_visited": 7,
  "pe_snapshots": {
    "100": {
      "mean": 0.0003,
      "max": 0.059014,
      "top7": [
        0.0,
        0.0,
        0.0,
        0.0,
        0.0,
        0.0,
        0.0
      ]
    },
    "1000": {
      "mean": 0.004743,
      "max": 0.075665,
      "top7": [
        0.024891,
        0.0,
        0.0,
        0.022514,
        0.0,
        0.0,
        0.0
      ]
    },
    "5000": {
      "mean": 0.014109,
      "max": 0.102402,
      "top7": [
        0.040872,
        0.011305,
        0.005061,
        0.022514,
        0.0,
        0.0,
        0.0
      ]
    }
  }
}