{
  "game": "sb26",
  "condition": "softmax",
  "draw": 5,
  "seed": 500,
  "use_softmax": true,
  "mean_temperature": 121072.4165,
  "T_trajectory": [
    [
      0,
      100000000.0,
      0.0
    ],
    [
      100,
      49.9,
      0.020042
    ],
    [
      200,
      22.42,
      0.044611
    ],
    [
      300,
      24.79,
      0.040336
    ],
    [
      400,
      44.07,
      0.022689
    ],
    [
      500,
      20.15,
      0.04964
    ],
    [
      600,
      28.22,
      0.035436
    ],
    [
      700,
      17.74,
      0.056358
    ],
    [
      800,
      15.33,
      0.065241
    ],
    [
      900,
      16.43,
      0.060874
    ],
    [
      1000,
      26.32,
      0.037997
    ],
    [
      1100,
      26.65,
      0.037518
    ],
    [
      1200,
      19.07,
      0.052445
    ],
    [
      1300,
      20.61,
      0.048517
    ],
    [
      1400,
      22.45,
      0.044536
    ],
    [
      1500,
      21.64,
      0.046212
    ],
    [
      1600,
      16.93,
      0.059074
    ],
    [
      1700,
      17.59,
      0.056837
    ],
    [
      1800,
      20.18,
      0.04955
    ],
    [
      1900,
      18.15,
      0.055103
    ],
    [
      2000,
      19.03,
      0.052542
    ],
    [
      2100,
      23.87,
      0.041898
    ],
    [
      2200,
      20.86,
      0.047945
    ],
    [
      2300,
      22.09,
      0.045277
    ],
    [
      2400,
      18.87,
      0.052996
    ],
    [
      2500,
      18.91,
      0.052883
    ],
    [
      2600,
      18.55,
      0.05391
    ],
    [
      2700,
      20.05,
      0.049886
    ],
    [
      2800,
      19.45,
      0.051409
    ],
    [
      2900,
      13.85,
      0.0722
    ],
    [
      3000,
      14.43,
      0.06929
    ],
    [
      3100,
      19.24,
      0.051965
    ],
    [
      3200,
      18.15,
      0.055089
    ],
    [
      3300,
      16.25,
      0.061532
    ],
    [
      3400,
      17.76,
      0.056319
    ],
    [
      3500,
      17.47,
      0.057226
    ],
    [
      3600,
      18.48,
      0.054108
    ],
    [
      3700,
      18.63,
      0.053688
    ],
    [
      3800,
      19.48,
      0.051346
    ],
    [
      3900,
      22.43,
      0.044587
    ],
    [
      4000,
      18.28,
      0.054716
    ],
    [
      4100,
      14.68,
      0.068098
    ],
    [
      4200,
      17.76,
      0.056292
    ],
    [
      4300,
      19.71,
      0.050741
    ],
    [
      4400,
      18.82,
      0.05314
    ],
    [
      4500,
      17.35,
      0.057648
    ],
    [
      4600,
      15.86,
      0.063046
    ],
    [
      4700,
      17.55,
      0.056977
    ],
    [
      4800,
      16.89,
      0.059202
    ],
    [
      4900,
      19.14,
      0.052252
    ],
    [
      5000,
      15.16,
      0.065952
    ],
    [
      5100,
      18.07,
      0.055326
    ],
    [
      5200,
      22.97,
      0.043535
    ],
    [
      5300,
      16.88,
      0.059254
    ],
    [
      5400,
      18.03,
      0.055452
    ],
    [
      5500,
      17.36,
      0.057592
    ],
    [
      5600,
      17.08,
      0.058559
    ],
    [
      5700,
      17.39,
      0.057497
    ],
    [
      5800,
      19.86,
      0.050342
    ],
    [
      5900,
      19.33,
      0.051727
    ],
    [
      6000,
      14.11,
      0.07088
    ],
    [
      6100,
      14.25,
      0.070163
    ],
    [
      6200,
      17.95,
      0.055709
    ],
    [
      6300,
      20.24,
      0.049418
    ],
    [
      6400,
      20.74,
      0.048227
    ],
    [
      6500,
      14.94,
      0.066934
    ],
    [
      6600,
      19.26,
      0.051908
    ],
    [
      6700,
      18.84,
      0.053087
    ],
    [
      6800,
      19.11,
      0.052329
    ],
    [
      6900,
      21.38,
      0.046763
    ],
    [
      7000,
      23.97,
      0.041726
    ],
    [
      7100,
      15.87,
      0.063028
    ],
    [
      7200,
      15.52,
      0.064413
    ],
    [
      7300,
      18.97,
      0.052717
    ],
    [
      7400,
      20.39,
      0.049053
    ],
    [
      7500,
      19.49,
      0.051319
    ],
    [
      7600,
      17.2,
      0.058139
    ],
    [
      7700,
      17.98,
      0.055618
    ],
    [
      7800,
      17.69,
      0.05654
    ],
    [
      7900,
      16.76,
      0.059681
    ],
    [
      8000,
      15.97,
      0.062628
    ],
    [
      8100,
      19.04,
      0.052517
    ],
    [
      8200,
      18.64,
      0.053658
    ],
    [
      8300,
      17.93,
      0.055788
    ],
    [
      8400,
      22.98,
      0.043511
    ],
    [
      8500,
      23.29,
      0.042929
    ],
    [
      8600,
      20.62,
      0.048505
    ],
    [
      8700,
      17.82,
      0.056105
    ],
    [
      8800,
      17.89,
      0.055909
    ],
    [
      8900,
      22.66,
      0.044127
    ],
    [
      9000,
      23.49,
      0.042577
    ],
    [
      9100,
      21.52,
      0.046461
    ],
    [
      9200,
      26.07,
      0.038358
    ],
    [
      9300,
      22.36,
      0.044716
    ],
    [
      9400,
      20.03,
      0.049932
    ],
    [
      9500,
      19.54,
      0.051181
    ],
    [
      9600,
      19.12,
      0.052302
    ],
    [
      9700,
      19.28,
      0.051876
    ],
    [
      9800,
      18.9,
      0.052921
    ],
    [
      9900,
      17.66,
      0.056636
    ]
  ],
  "steps_taken": 10000,
  "elapsed_seconds": 5.72,
  "max_level": 0,
  "L1_solved": false,
  "L2_solved": false,
  "l1_step": null,
  "l2_step": null,
  "level_first_step": {},
  "arc_score": 0.0,
  "arc_per_level": {},
  "solver_level_steps": {
    "1": 9,
    "2": 24,
    "3": 39,
    "4": 54,
    "5": 71,
    "6": 90,
    "7": 107,
    "8": 124
  },
  "repr_log_enc_n": 100,
  "repr_log_enc_levels": 1,
  "I3_rho": 0.8929,
  "I3_rho_pass": true,
  "I3_cv": 4.577232,
  "I3_counts_at_200": [
    0.0,
    0.0,
    0.0,
    0.0,
    0.0,
    0.0,
    0.0
  ],
  "I1_enc_within": null,
  "I1_enc_between": null,
  "I1_enc_p_value": 1.0,
  "I1_enc_pass": false,
  "I1_act_within": null,
  "I1_act_between": null,
  "I1_act_p_value": 1.0,
  "I1_act_pass": false,
  "I4_entropy_100": 4.5913,
  "I4_entropy_5000": 7.8234,
  "I4_reduction_pct": -70.4,
  "I4_pass": false,
  "I5_level_actions": null,
  "I5_pass": null,
  "R3_jacobian_diff": 0.0299,
  "R3_n_obs_used": 100,
  "R3_pass": false,
  "SAL_rho": 0.3929,
  "SAL_pass": true,
  "SAL_n_actions_visited": 5,
  "pe_snapshots": {
    "100": {
      "mean": 0.000256,
      "max": 0.020232,
      "top7": [
        0.0,
        0.0,
        0.0,
        0.0,
        0.0,
        0.0,
        0.0
      ]
    },
    "1000": {
      "mean": 0.004253,
      "max": 0.057638,
      "top7": [
        0.0,
        0.0,
        0.0,
        0.0,
        0.0,
        0.0,
        0.0
      ]
    },
    "5000": {
      "mean": 0.014045,
      "max": 0.102927,
      "top7": [
        0.017059,
        0.0,
        0.026814,
        0.0,
        0.018044,
        0.0,
        0.0
      ]
    }
  }
}