{
  "game": "sb26",
  "condition": "softmax",
  "draw": 2,
  "seed": 200,
  "use_softmax": true,
  "mean_temperature": 10021.2235,
  "T_trajectory": [
    [
      0,
      100000000.0,
      0.0
    ],
    [
      100,
      26.57,
      0.037635
    ],
    [
      200,
      36.52,
      0.027379
    ],
    [
      300,
      31.37,
      0.031878
    ],
    [
      400,
      15.94,
      0.062751
    ],
    [
      500,
      20.39,
      0.049038
    ],
    [
      600,
      22.74,
      0.043983
    ],
    [
      700,
      26.47,
      0.037772
    ],
    [
      800,
      19.62,
      0.050979
    ],
    [
      900,
      17.72,
      0.056443
    ],
    [
      1000,
      16.41,
      0.060923
    ],
    [
      1100,
      20.69,
      0.048341
    ],
    [
      1200,
      22.64,
      0.044179
    ],
    [
      1300,
      27.8,
      0.035965
    ],
    [
      1400,
      24.47,
      0.040866
    ],
    [
      1500,
      21.05,
      0.047505
    ],
    [
      1600,
      20.64,
      0.048444
    ],
    [
      1700,
      22.97,
      0.043527
    ],
    [
      1800,
      24.85,
      0.040249
    ],
    [
      1900,
      17.27,
      0.057916
    ],
    [
      2000,
      15.91,
      0.062839
    ],
    [
      2100,
      16.86,
      0.059326
    ],
    [
      2200,
      17.27,
      0.05791
    ],
    [
      2300,
      14.93,
      0.066992
    ],
    [
      2400,
      16.44,
      0.060835
    ],
    [
      2500,
      19.84,
      0.050394
    ],
    [
      2600,
      20.29,
      0.049275
    ],
    [
      2700,
      20.68,
      0.048349
    ],
    [
      2800,
      19.45,
      0.051426
    ],
    [
      2900,
      20.48,
      0.04882
    ],
    [
      3000,
      18.88,
      0.052978
    ],
    [
      3100,
      18.03,
      0.055465
    ],
    [
      3200,
      16.6,
      0.060251
    ],
    [
      3300,
      16.58,
      0.060327
    ],
    [
      3400,
      20.75,
      0.048201
    ],
    [
      3500,
      22.67,
      0.044114
    ],
    [
      3600,
      21.46,
      0.046592
    ],
    [
      3700,
      27.24,
      0.036707
    ],
    [
      3800,
      24.42,
      0.040958
    ],
    [
      3900,
      21.15,
      0.047282
    ],
    [
      4000,
      20.9,
      0.047853
    ],
    [
      4100,
      20.4,
      0.04901
    ],
    [
      4200,
      14.31,
      0.06986
    ],
    [
      4300,
      16.79,
      0.059561
    ],
    [
      4400,
      17.2,
      0.05814
    ],
    [
      4500,
      22.24,
      0.044967
    ],
    [
      4600,
      24.78,
      0.040358
    ],
    [
      4700,
      24.85,
      0.04024
    ],
    [
      4800,
      21.71,
      0.046058
    ],
    [
      4900,
      23.8,
      0.04201
    ],
    [
      5000,
      25.17,
      0.039735
    ],
    [
      5100,
      23.63,
      0.042312
    ],
    [
      5200,
      25.18,
      0.039711
    ],
    [
      5300,
      23.71,
      0.04218
    ],
    [
      5400,
      16.57,
      0.060349
    ],
    [
      5500,
      16.61,
      0.060212
    ],
    [
      5600,
      14.93,
      0.066971
    ],
    [
      5700,
      13.45,
      0.074335
    ],
    [
      5800,
      14.74,
      0.067826
    ],
    [
      5900,
      13.98,
      0.071515
    ],
    [
      6000,
      16.3,
      0.061356
    ],
    [
      6100,
      18.01,
      0.055522
    ],
    [
      6200,
      22.68,
      0.044086
    ],
    [
      6300,
      19.04,
      0.052534
    ],
    [
      6400,
      18.01,
      0.05552
    ],
    [
      6500,
      16.47,
      0.060716
    ],
    [
      6600,
      15.97,
      0.062624
    ],
    [
      6700,
      18.66,
      0.053585
    ],
    [
      6800,
      20.25,
      0.049383
    ],
    [
      6900,
      17.53,
      0.057052
    ],
    [
      7000,
      20.96,
      0.047709
    ],
    [
      7100,
      21.24,
      0.047089
    ],
    [
      7200,
      18.27,
      0.05473
    ],
    [
      7300,
      20.3,
      0.04925
    ],
    [
      7400,
      19.34,
      0.051715
    ],
    [
      7500,
      17.89,
      0.05591
    ],
    [
      7600,
      15.81,
      0.063234
    ],
    [
      7700,
      17.64,
      0.056675
    ],
    [
      7800,
      18.45,
      0.054206
    ],
    [
      7900,
      17.62,
      0.056747
    ],
    [
      8000,
      17.51,
      0.057123
    ],
    [
      8100,
      22.31,
      0.044815
    ],
    [
      8200,
      20.1,
      0.049746
    ],
    [
      8300,
      23.82,
      0.04198
    ],
    [
      8400,
      19.16,
      0.05218
    ],
    [
      8500,
      15.77,
      0.063416
    ],
    [
      8600,
      16.78,
      0.059609
    ],
    [
      8700,
      17.65,
      0.056645
    ],
    [
      8800,
      15.95,
      0.062708
    ],
    [
      8900,
      19.84,
      0.050411
    ],
    [
      9000,
      20.52,
      0.048728
    ],
    [
      9100,
      19.0,
      0.052624
    ],
    [
      9200,
      20.85,
      0.047964
    ],
    [
      9300,
      17.42,
      0.057413
    ],
    [
      9400,
      19.81,
      0.050469
    ],
    [
      9500,
      20.2,
      0.049511
    ],
    [
      9600,
      22.45,
      0.044548
    ],
    [
      9700,
      22.68,
      0.044096
    ],
    [
      9800,
      17.35,
      0.057628
    ],
    [
      9900,
      17.61,
      0.05678
    ]
  ],
  "steps_taken": 10000,
  "elapsed_seconds": 6.05,
  "max_level": 0,
  "L1_solved": false,
  "L2_solved": false,
  "l1_step": null,
  "l2_step": null,
  "level_first_step": {},
  "arc_score": 0.0,
  "arc_per_level": {},
  "solver_level_steps": {
    "1": 9,
    "2": 24,
    "3": 39,
    "4": 54,
    "5": 71,
    "6": 90,
    "7": 107,
    "8": 124
  },
  "repr_log_enc_n": 100,
  "repr_log_enc_levels": 1,
  "I3_rho": 0.3214,
  "I3_rho_pass": false,
  "I3_cv": 4.577232,
  "I3_counts_at_200": [
    0.0,
    1.0,
    0.0,
    0.0,
    0.0,
    0.0,
    0.0
  ],
  "I1_enc_within": null,
  "I1_enc_between": null,
  "I1_enc_p_value": 1.0,
  "I1_enc_pass": false,
  "I1_act_within": null,
  "I1_act_between": null,
  "I1_act_p_value": 1.0,
  "I1_act_pass": false,
  "I4_entropy_100": 4.5774,
  "I4_entropy_5000": 7.8486,
  "I4_reduction_pct": -71.46,
  "I4_pass": false,
  "I5_level_actions": null,
  "I5_pass": null,
  "R3_jacobian_diff": 0.0223,
  "R3_n_obs_used": 100,
  "R3_pass": false,
  "SAL_rho": -0.5714,
  "SAL_pass": false,
  "SAL_n_actions_visited": 7,
  "pe_snapshots": {
    "100": {
      "mean": 0.000285,
      "max": 0.043758,
      "top7": [
        0.0,
        0.0,
        0.0,
        0.0,
        0.0,
        0.0,
        0.0
      ]
    },
    "1000": {
      "mean": 0.004247,
      "max": 0.073281,
      "top7": [
        0.0,
        0.017409,
        0.0,
        0.0,
        0.0,
        0.0,
        0.0
      ]
    },
    "5000": {
      "mean": 0.014085,
      "max": 0.083579,
      "top7": [
        0.008084,
        0.042442,
        0.03725,
        0.013404,
        0.0,
        0.0,
        0.0
      ]
    }
  }
}