{
  "game": "sb26",
  "condition": "softmax",
  "draw": 4,
  "seed": 400,
  "use_softmax": true,
  "mean_temperature": 215046.6003,
  "T_trajectory": [
    [
      0,
      100000000.0,
      0.0
    ],
    [
      100,
      233.95,
      0.004274
    ],
    [
      200,
      289.41,
      0.003455
    ],
    [
      300,
      19.08,
      0.052424
    ],
    [
      400,
      25.52,
      0.039191
    ],
    [
      500,
      18.02,
      0.055485
    ],
    [
      600,
      19.12,
      0.052296
    ],
    [
      700,
      24.03,
      0.041619
    ],
    [
      800,
      32.6,
      0.030678
    ],
    [
      900,
      31.86,
      0.031386
    ],
    [
      1000,
      15.14,
      0.06604
    ],
    [
      1100,
      22.55,
      0.044348
    ],
    [
      1200,
      15.38,
      0.06501
    ],
    [
      1300,
      16.44,
      0.060829
    ],
    [
      1400,
      14.92,
      0.06704
    ],
    [
      1500,
      15.05,
      0.066441
    ],
    [
      1600,
      16.65,
      0.060074
    ],
    [
      1700,
      20.29,
      0.049274
    ],
    [
      1800,
      23.0,
      0.043479
    ],
    [
      1900,
      29.71,
      0.033656
    ],
    [
      2000,
      17.37,
      0.057573
    ],
    [
      2100,
      21.6,
      0.046296
    ],
    [
      2200,
      17.34,
      0.057663
    ],
    [
      2300,
      18.11,
      0.055205
    ],
    [
      2400,
      19.23,
      0.051996
    ],
    [
      2500,
      21.76,
      0.045947
    ],
    [
      2600,
      21.64,
      0.046219
    ],
    [
      2700,
      25.86,
      0.038674
    ],
    [
      2800,
      20.86,
      0.04793
    ],
    [
      2900,
      18.64,
      0.053634
    ],
    [
      3000,
      19.95,
      0.050121
    ],
    [
      3100,
      17.26,
      0.057932
    ],
    [
      3200,
      25.85,
      0.03869
    ],
    [
      3300,
      22.72,
      0.044016
    ],
    [
      3400,
      23.25,
      0.043017
    ],
    [
      3500,
      19.89,
      0.050269
    ],
    [
      3600,
      16.6,
      0.060247
    ],
    [
      3700,
      14.45,
      0.069191
    ],
    [
      3800,
      14.12,
      0.070816
    ],
    [
      3900,
      14.81,
      0.06752
    ],
    [
      4000,
      22.0,
      0.045458
    ],
    [
      4100,
      19.51,
      0.051257
    ],
    [
      4200,
      14.98,
      0.066736
    ],
    [
      4300,
      17.0,
      0.058831
    ],
    [
      4400,
      15.21,
      0.065726
    ],
    [
      4500,
      15.01,
      0.066602
    ],
    [
      4600,
      17.33,
      0.057709
    ],
    [
      4700,
      15.44,
      0.064776
    ],
    [
      4800,
      23.62,
      0.042337
    ],
    [
      4900,
      17.52,
      0.057081
    ],
    [
      5000,
      17.87,
      0.055963
    ],
    [
      5100,
      19.52,
      0.051237
    ],
    [
      5200,
      20.53,
      0.048698
    ],
    [
      5300,
      19.17,
      0.052162
    ],
    [
      5400,
      16.39,
      0.060999
    ],
    [
      5500,
      16.08,
      0.062171
    ],
    [
      5600,
      22.48,
      0.044491
    ],
    [
      5700,
      18.07,
      0.055334
    ],
    [
      5800,
      18.92,
      0.052866
    ],
    [
      5900,
      22.2,
      0.04504
    ],
    [
      6000,
      20.59,
      0.048556
    ],
    [
      6100,
      23.68,
      0.042232
    ],
    [
      6200,
      19.14,
      0.052257
    ],
    [
      6300,
      17.89,
      0.055884
    ],
    [
      6400,
      20.62,
      0.048496
    ],
    [
      6500,
      19.43,
      0.051479
    ],
    [
      6600,
      17.39,
      0.057499
    ],
    [
      6700,
      22.75,
      0.04395
    ],
    [
      6800,
      20.49,
      0.048809
    ],
    [
      6900,
      18.55,
      0.053899
    ],
    [
      7000,
      21.37,
      0.046787
    ],
    [
      7100,
      19.58,
      0.051072
    ],
    [
      7200,
      19.59,
      0.051053
    ],
    [
      7300,
      17.49,
      0.057172
    ],
    [
      7400,
      21.03,
      0.047551
    ],
    [
      7500,
      21.81,
      0.045852
    ],
    [
      7600,
      17.67,
      0.056581
    ],
    [
      7700,
      17.94,
      0.05574
    ],
    [
      7800,
      17.95,
      0.055725
    ],
    [
      7900,
      20.34,
      0.049175
    ],
    [
      8000,
      17.17,
      0.058251
    ],
    [
      8100,
      19.83,
      0.050432
    ],
    [
      8200,
      20.07,
      0.049825
    ],
    [
      8300,
      19.3,
      0.051807
    ],
    [
      8400,
      21.83,
      0.045805
    ],
    [
      8500,
      14.33,
      0.069785
    ],
    [
      8600,
      18.56,
      0.053885
    ],
    [
      8700,
      22.12,
      0.045216
    ],
    [
      8800,
      21.39,
      0.046755
    ],
    [
      8900,
      22.45,
      0.044536
    ],
    [
      9000,
      19.35,
      0.051675
    ],
    [
      9100,
      17.38,
      0.057529
    ],
    [
      9200,
      18.67,
      0.053575
    ],
    [
      9300,
      18.27,
      0.054746
    ],
    [
      9400,
      17.43,
      0.057364
    ],
    [
      9500,
      18.92,
      0.052858
    ],
    [
      9600,
      18.56,
      0.05388
    ],
    [
      9700,
      19.5,
      0.051288
    ],
    [
      9800,
      22.02,
      0.045415
    ],
    [
      9900,
      15.99,
      0.062527
    ]
  ],
  "steps_taken": 10000,
  "elapsed_seconds": 5.83,
  "max_level": 0,
  "L1_solved": false,
  "L2_solved": false,
  "l1_step": null,
  "l2_step": null,
  "level_first_step": {},
  "arc_score": 0.0,
  "arc_per_level": {},
  "solver_level_steps": {
    "1": 9,
    "2": 24,
    "3": 39,
    "4": 54,
    "5": 71,
    "6": 90,
    "7": 107,
    "8": 124
  },
  "repr_log_enc_n": 100,
  "repr_log_enc_levels": 1,
  "I3_rho": 0.5,
  "I3_rho_pass": true,
  "I3_cv": 4.509501,
  "I3_counts_at_200": [
    0.0,
    0.0,
    1.0,
    0.0,
    0.0,
    0.0,
    0.0
  ],
  "I1_enc_within": null,
  "I1_enc_between": null,
  "I1_enc_p_value": 1.0,
  "I1_enc_pass": false,
  "I1_act_within": null,
  "I1_act_between": null,
  "I1_act_p_value": 1.0,
  "I1_act_pass": false,
  "I4_entropy_100": 4.5913,
  "I4_entropy_5000": 7.8441,
  "I4_reduction_pct": -70.85,
  "I4_pass": false,
  "I5_level_actions": null,
  "I5_pass": null,
  "R3_jacobian_diff": 0.0178,
  "R3_n_obs_used": 100,
  "R3_pass": false,
  "SAL_rho": -0.3929,
  "SAL_pass": false,
  "SAL_n_actions_visited": 7,
  "pe_snapshots": {
    "100": {
      "mean": 0.000102,
      "max": 0.011655,
      "top7": [
        0.0,
        0.0,
        0.003162,
        0.0,
        0.0,
        0.0,
        0.0
      ]
    },
    "1000": {
      "mean": 0.003969,
      "max": 0.069459,
      "top7": [
        0.021133,
        0.0,
        0.003162,
        0.0,
        0.0,
        0.0,
        0.040294
      ]
    },
    "5000": {
      "mean": 0.013676,
      "max": 0.106492,
      "top7": [
        0.033172,
        0.011539,
        0.047357,
        0.0,
        0.036255,
        0.003175,
        0.058476
      ]
    }
  }
}