{
  "game": "sb26",
  "condition": "softmax",
  "draw": 1,
  "seed": 100,
  "use_softmax": true,
  "mean_temperature": 390589.1021,
  "T_trajectory": [
    [
      0,
      100000000.0,
      0.0
    ],
    [
      100,
      20.98,
      0.047665
    ],
    [
      200,
      18.94,
      0.052787
    ],
    [
      300,
      21.34,
      0.046856
    ],
    [
      400,
      19.75,
      0.050629
    ],
    [
      500,
      22.22,
      0.045012
    ],
    [
      600,
      20.66,
      0.048402
    ],
    [
      700,
      16.57,
      0.060364
    ],
    [
      800,
      14.83,
      0.067425
    ],
    [
      900,
      21.76,
      0.045956
    ],
    [
      1000,
      20.18,
      0.049548
    ],
    [
      1100,
      18.04,
      0.055427
    ],
    [
      1200,
      16.61,
      0.060204
    ],
    [
      1300,
      14.39,
      0.069497
    ],
    [
      1400,
      16.59,
      0.060273
    ],
    [
      1500,
      13.8,
      0.07247
    ],
    [
      1600,
      12.9,
      0.077539
    ],
    [
      1700,
      11.62,
      0.086049
    ],
    [
      1800,
      12.89,
      0.077587
    ],
    [
      1900,
      13.27,
      0.075385
    ],
    [
      2000,
      15.31,
      0.065318
    ],
    [
      2100,
      16.14,
      0.061945
    ],
    [
      2200,
      17.05,
      0.058662
    ],
    [
      2300,
      19.07,
      0.052431
    ],
    [
      2400,
      15.38,
      0.065015
    ],
    [
      2500,
      17.83,
      0.056089
    ],
    [
      2600,
      17.07,
      0.058567
    ],
    [
      2700,
      15.0,
      0.066656
    ],
    [
      2800,
      11.74,
      0.085177
    ],
    [
      2900,
      13.96,
      0.071623
    ],
    [
      3000,
      14.49,
      0.069013
    ],
    [
      3100,
      14.94,
      0.066922
    ],
    [
      3200,
      18.97,
      0.052712
    ],
    [
      3300,
      16.96,
      0.058955
    ],
    [
      3400,
      17.3,
      0.057817
    ],
    [
      3500,
      13.95,
      0.071704
    ],
    [
      3600,
      17.16,
      0.058283
    ],
    [
      3700,
      22.51,
      0.044423
    ],
    [
      3800,
      23.22,
      0.043059
    ],
    [
      3900,
      13.73,
      0.072854
    ],
    [
      4000,
      14.3,
      0.069919
    ],
    [
      4100,
      14.63,
      0.068353
    ],
    [
      4200,
      21.69,
      0.046103
    ],
    [
      4300,
      19.91,
      0.050227
    ],
    [
      4400,
      21.47,
      0.046587
    ],
    [
      4500,
      12.68,
      0.078835
    ],
    [
      4600,
      19.92,
      0.050197
    ],
    [
      4700,
      26.52,
      0.037705
    ],
    [
      4800,
      23.04,
      0.043408
    ],
    [
      4900,
      18.18,
      0.055012
    ],
    [
      5000,
      16.94,
      0.059034
    ],
    [
      5100,
      15.7,
      0.063706
    ],
    [
      5200,
      15.53,
      0.064385
    ],
    [
      5300,
      17.8,
      0.056183
    ],
    [
      5400,
      16.29,
      0.061379
    ],
    [
      5500,
      14.85,
      0.067329
    ],
    [
      5600,
      17.23,
      0.058034
    ],
    [
      5700,
      23.78,
      0.042054
    ],
    [
      5800,
      13.28,
      0.075286
    ],
    [
      5900,
      16.4,
      0.060991
    ],
    [
      6000,
      16.06,
      0.062279
    ],
    [
      6100,
      14.43,
      0.069299
    ],
    [
      6200,
      12.76,
      0.078373
    ],
    [
      6300,
      15.58,
      0.064175
    ],
    [
      6400,
      15.8,
      0.063299
    ],
    [
      6500,
      15.28,
      0.065428
    ],
    [
      6600,
      19.66,
      0.050872
    ],
    [
      6700,
      19.4,
      0.051538
    ],
    [
      6800,
      17.6,
      0.05681
    ],
    [
      6900,
      19.91,
      0.050215
    ],
    [
      7000,
      20.43,
      0.048941
    ],
    [
      7100,
      20.72,
      0.048264
    ],
    [
      7200,
      19.03,
      0.052545
    ],
    [
      7300,
      18.51,
      0.054029
    ],
    [
      7400,
      19.27,
      0.051904
    ],
    [
      7500,
      14.56,
      0.068694
    ],
    [
      7600,
      17.84,
      0.056041
    ],
    [
      7700,
      16.5,
      0.060607
    ],
    [
      7800,
      17.14,
      0.058346
    ],
    [
      7900,
      16.53,
      0.060496
    ],
    [
      8000,
      14.77,
      0.067713
    ],
    [
      8100,
      16.01,
      0.062453
    ],
    [
      8200,
      14.77,
      0.067718
    ],
    [
      8300,
      13.7,
      0.073009
    ],
    [
      8400,
      14.65,
      0.068262
    ],
    [
      8500,
      19.71,
      0.05074
    ],
    [
      8600,
      17.46,
      0.057272
    ],
    [
      8700,
      19.24,
      0.051973
    ],
    [
      8800,
      20.62,
      0.048493
    ],
    [
      8900,
      19.03,
      0.052558
    ],
    [
      9000,
      19.99,
      0.050013
    ],
    [
      9100,
      17.36,
      0.057588
    ],
    [
      9200,
      18.64,
      0.053646
    ],
    [
      9300,
      18.28,
      0.054702
    ],
    [
      9400,
      14.65,
      0.068277
    ],
    [
      9500,
      18.06,
      0.055385
    ],
    [
      9600,
      17.92,
      0.055812
    ],
    [
      9700,
      14.88,
      0.067187
    ],
    [
      9800,
      18.32,
      0.054577
    ],
    [
      9900,
      19.81,
      0.050486
    ]
  ],
  "steps_taken": 10000,
  "elapsed_seconds": 5.38,
  "max_level": 0,
  "L1_solved": false,
  "L2_solved": false,
  "l1_step": null,
  "l2_step": null,
  "level_first_step": {},
  "arc_score": 0.0,
  "arc_per_level": {},
  "solver_level_steps": {
    "1": 9,
    "2": 24,
    "3": 39,
    "4": 54,
    "5": 71,
    "6": 90,
    "7": 107,
    "8": 124
  },
  "repr_log_enc_n": 100,
  "repr_log_enc_levels": 1,
  "I3_rho": 0.8571,
  "I3_rho_pass": true,
  "I3_cv": 4.486697,
  "I3_counts_at_200": [
    0.0,
    0.0,
    0.0,
    0.0,
    0.0,
    1.0,
    0.0
  ],
  "I1_enc_within": null,
  "I1_enc_between": null,
  "I1_enc_p_value": 1.0,
  "I1_enc_pass": false,
  "I1_act_within": null,
  "I1_act_between": null,
  "I1_act_p_value": 1.0,
  "I1_act_pass": false,
  "I4_entropy_100": 4.5774,
  "I4_entropy_5000": 7.8429,
  "I4_reduction_pct": -71.34,
  "I4_pass": false,
  "I5_level_actions": null,
  "I5_pass": null,
  "R3_jacobian_diff": 0.0175,
  "R3_n_obs_used": 100,
  "R3_pass": false,
  "SAL_rho": 0.2857,
  "SAL_pass": true,
  "SAL_n_actions_visited": 7,
  "pe_snapshots": {
    "100": {
      "mean": 0.000107,
      "max": 0.017565,
      "top7": [
        0.0,
        0.0,
        0.0,
        0.0,
        0.0,
        0.0,
        0.0
      ]
    },
    "1000": {
      "mean": 0.004089,
      "max": 0.059564,
      "top7": [
        0.0,
        0.0,
        0.013899,
        0.014925,
        0.0,
        0.011099,
        0.0
      ]
    },
    "5000": {
      "mean": 0.013915,
      "max": 0.099533,
      "top7": [
        0.011126,
        0.0,
        0.031789,
        0.018902,
        0.028496,
        0.011099,
        0.0
      ]
    }
  }
}