{
  "game": "sp80",
  "condition": "softmax",
  "draw": 1,
  "seed": 100,
  "use_softmax": true,
  "mean_temperature": 10031.4652,
  "T_trajectory": [
    [
      0,
      100000000.0,
      0.0
    ],
    [
      100,
      41.14,
      0.024307
    ],
    [
      200,
      44.22,
      0.022613
    ],
    [
      300,
      17.45,
      0.057318
    ],
    [
      400,
      14.81,
      0.067509
    ],
    [
      500,
      45.11,
      0.022169
    ],
    [
      600,
      17.01,
      0.058782
    ],
    [
      700,
      38.53,
      0.025951
    ],
    [
      800,
      45.21,
      0.022118
    ],
    [
      900,
      17.21,
      0.05811
    ],
    [
      1000,
      38.31,
      0.026105
    ],
    [
      1100,
      45.21,
      0.022118
    ],
    [
      1200,
      17.25,
      0.057971
    ],
    [
      1300,
      37.86,
      0.026415
    ],
    [
      1400,
      45.16,
      0.022145
    ],
    [
      1500,
      17.32,
      0.05773
    ],
    [
      1600,
      37.58,
      0.026613
    ],
    [
      1700,
      45.11,
      0.022166
    ],
    [
      1800,
      17.37,
      0.057564
    ],
    [
      1900,
      37.39,
      0.026742
    ],
    [
      2000,
      45.07,
      0.022186
    ],
    [
      2100,
      17.47,
      0.057247
    ],
    [
      2200,
      37.47,
      0.026691
    ],
    [
      2300,
      45.12,
      0.022161
    ],
    [
      2400,
      17.39,
      0.057517
    ],
    [
      2500,
      37.33,
      0.026787
    ],
    [
      2600,
      45.09,
      0.022178
    ],
    [
      2700,
      17.44,
      0.057349
    ],
    [
      2800,
      37.26,
      0.026837
    ],
    [
      2900,
      45.08,
      0.022182
    ],
    [
      3000,
      17.43,
      0.057385
    ],
    [
      3100,
      37.18,
      0.026898
    ],
    [
      3200,
      45.06,
      0.022195
    ],
    [
      3300,
      17.45,
      0.057322
    ],
    [
      3400,
      37.11,
      0.02695
    ],
    [
      3500,
      45.03,
      0.022209
    ],
    [
      3600,
      17.46,
      0.057271
    ],
    [
      3700,
      37.04,
      0.027
    ],
    [
      3800,
      44.99,
      0.022225
    ],
    [
      3900,
      17.47,
      0.057234
    ],
    [
      4000,
      36.99,
      0.027036
    ],
    [
      4100,
      44.97,
      0.022235
    ],
    [
      4200,
      17.49,
      0.057189
    ],
    [
      4300,
      36.94,
      0.027072
    ],
    [
      4400,
      44.95,
      0.022247
    ],
    [
      4500,
      17.49,
      0.057168
    ],
    [
      4600,
      36.9,
      0.0271
    ],
    [
      4700,
      44.34,
      0.022552
    ],
    [
      4800,
      17.45,
      0.057301
    ],
    [
      4900,
      37.03,
      0.027008
    ],
    [
      5000,
      45.04,
      0.022204
    ],
    [
      5100,
      17.45,
      0.057312
    ],
    [
      5200,
      37.05,
      0.026989
    ],
    [
      5300,
      45.03,
      0.022209
    ],
    [
      5400,
      17.46,
      0.057283
    ],
    [
      5500,
      37.01,
      0.02702
    ],
    [
      5600,
      45.0,
      0.02222
    ],
    [
      5700,
      17.46,
      0.057261
    ],
    [
      5800,
      36.98,
      0.027045
    ],
    [
      5900,
      44.98,
      0.022231
    ],
    [
      6000,
      17.47,
      0.057245
    ],
    [
      6100,
      36.97,
      0.027047
    ],
    [
      6200,
      44.97,
      0.022235
    ],
    [
      6300,
      17.47,
      0.057234
    ],
    [
      6400,
      36.94,
      0.027074
    ],
    [
      6500,
      43.73,
      0.022869
    ],
    [
      6600,
      17.45,
      0.057314
    ],
    [
      6700,
      37.0,
      0.027027
    ],
    [
      6800,
      45.0,
      0.022224
    ],
    [
      6900,
      17.46,
      0.057283
    ],
    [
      7000,
      36.98,
      0.027044
    ],
    [
      7100,
      44.99,
      0.022227
    ],
    [
      7200,
      17.46,
      0.057266
    ],
    [
      7300,
      36.94,
      0.027069
    ],
    [
      7400,
      44.96,
      0.02224
    ],
    [
      7500,
      17.47,
      0.057249
    ],
    [
      7600,
      36.91,
      0.027091
    ],
    [
      7700,
      44.95,
      0.022245
    ],
    [
      7800,
      17.48,
      0.057222
    ],
    [
      7900,
      36.88,
      0.027113
    ],
    [
      8000,
      44.94,
      0.022252
    ],
    [
      8100,
      17.48,
      0.057206
    ],
    [
      8200,
      36.86,
      0.027131
    ],
    [
      8300,
      44.93,
      0.022258
    ],
    [
      8400,
      17.48,
      0.057194
    ],
    [
      8500,
      36.83,
      0.02715
    ],
    [
      8600,
      44.91,
      0.022265
    ],
    [
      8700,
      17.49,
      0.057189
    ],
    [
      8800,
      36.81,
      0.027163
    ],
    [
      8900,
      44.91,
      0.022265
    ],
    [
      9000,
      17.49,
      0.057185
    ],
    [
      9100,
      36.8,
      0.027177
    ],
    [
      9200,
      44.9,
      0.02227
    ],
    [
      9300,
      17.49,
      0.057179
    ],
    [
      9400,
      36.79,
      0.027183
    ],
    [
      9500,
      44.9,
      0.022274
    ],
    [
      9600,
      17.59,
      0.056861
    ],
    [
      9700,
      36.86,
      0.027127
    ],
    [
      9800,
      44.94,
      0.02225
    ],
    [
      9900,
      17.46,
      0.057266
    ]
  ],
  "steps_taken": 10000,
  "elapsed_seconds": 5.25,
  "max_level": 0,
  "L1_solved": false,
  "L2_solved": false,
  "l1_step": null,
  "l2_step": null,
  "level_first_step": {},
  "arc_score": 0.0,
  "arc_per_level": {},
  "solver_level_steps": {
    "1": 4,
    "2": 12,
    "3": 23,
    "4": 43,
    "5": 71,
    "6": 107
  },
  "repr_log_enc_n": 100,
  "repr_log_enc_levels": 1,
  "I3_rho": -0.4286,
  "I3_rho_pass": false,
  "I3_cv": 4.463776,
  "I3_counts_at_200": [
    0.0,
    0.0,
    0.0,
    0.0,
    0.0,
    1.0,
    0.0
  ],
  "I1_enc_within": null,
  "I1_enc_between": null,
  "I1_enc_p_value": 1.0,
  "I1_enc_pass": false,
  "I1_act_within": null,
  "I1_act_between": null,
  "I1_act_p_value": 1.0,
  "I1_act_pass": false,
  "I4_entropy_100": 4.5913,
  "I4_entropy_5000": 7.8442,
  "I4_reduction_pct": -70.85,
  "I4_pass": false,
  "I5_level_actions": null,
  "I5_pass": null,
  "R3_jacobian_diff": 0.0574,
  "R3_n_obs_used": 100,
  "R3_pass": true,
  "SAL_rho": -0.3214,
  "SAL_pass": false,
  "SAL_n_actions_visited": 7,
  "pe_snapshots": {
    "100": {
      "mean": 0.000413,
      "max": 0.026902,
      "top7": [
        0.0,
        0.0,
        0.0,
        0.0,
        0.0,
        0.0,
        0.0
      ]
    },
    "1000": {
      "mean": 0.003481,
      "max": 0.066327,
      "top7": [
        0.0,
        0.033909,
        0.0,
        0.017468,
        0.0,
        0.017823,
        0.0
      ]
    },
    "5000": {
      "mean": 0.011424,
      "max": 0.068375,
      "top7": [
        0.063043,
        0.033909,
        0.045942,
        0.034498,
        0.013247,
        0.017823,
        0.0
      ]
    }
  }
}