{
  "game": "sp80",
  "condition": "softmax",
  "draw": 3,
  "seed": 300,
  "use_softmax": true,
  "mean_temperature": 10030.7367,
  "T_trajectory": [
    [
      0,
      100000000.0,
      0.0
    ],
    [
      100,
      38.34,
      0.026081
    ],
    [
      200,
      36.14,
      0.027671
    ],
    [
      300,
      22.21,
      0.045028
    ],
    [
      400,
      36.32,
      0.027531
    ],
    [
      500,
      36.98,
      0.027044
    ],
    [
      600,
      22.11,
      0.045227
    ],
    [
      700,
      36.03,
      0.027755
    ],
    [
      800,
      36.98,
      0.02704
    ],
    [
      900,
      22.14,
      0.045159
    ],
    [
      1000,
      36.03,
      0.027752
    ],
    [
      1100,
      37.49,
      0.026671
    ],
    [
      1200,
      21.98,
      0.045495
    ],
    [
      1300,
      35.97,
      0.027799
    ],
    [
      1400,
      37.41,
      0.026727
    ],
    [
      1500,
      22.03,
      0.045402
    ],
    [
      1600,
      35.92,
      0.02784
    ],
    [
      1700,
      37.34,
      0.026779
    ],
    [
      1800,
      22.06,
      0.045341
    ],
    [
      1900,
      35.88,
      0.027869
    ],
    [
      2000,
      37.29,
      0.026815
    ],
    [
      2100,
      22.08,
      0.045299
    ],
    [
      2200,
      35.85,
      0.027896
    ],
    [
      2300,
      37.25,
      0.026843
    ],
    [
      2400,
      22.09,
      0.045268
    ],
    [
      2500,
      35.82,
      0.027918
    ],
    [
      2600,
      37.22,
      0.026865
    ],
    [
      2700,
      22.1,
      0.045254
    ],
    [
      2800,
      36.46,
      0.027424
    ],
    [
      2900,
      37.35,
      0.026775
    ],
    [
      3000,
      21.96,
      0.045534
    ],
    [
      3100,
      35.84,
      0.0279
    ],
    [
      3200,
      37.47,
      0.02669
    ],
    [
      3300,
      22.0,
      0.045453
    ],
    [
      3400,
      35.83,
      0.027907
    ],
    [
      3500,
      37.43,
      0.026714
    ],
    [
      3600,
      22.02,
      0.045422
    ],
    [
      3700,
      35.82,
      0.027918
    ],
    [
      3800,
      37.39,
      0.026744
    ],
    [
      3900,
      22.03,
      0.045392
    ],
    [
      4000,
      35.8,
      0.02793
    ],
    [
      4100,
      37.36,
      0.026768
    ],
    [
      4200,
      22.04,
      0.045373
    ],
    [
      4300,
      35.79,
      0.02794
    ],
    [
      4400,
      37.33,
      0.026791
    ],
    [
      4500,
      22.02,
      0.045417
    ],
    [
      4600,
      35.8,
      0.027935
    ],
    [
      4700,
      37.38,
      0.026753
    ],
    [
      4800,
      22.03,
      0.045398
    ],
    [
      4900,
      35.77,
      0.027954
    ],
    [
      5000,
      37.38,
      0.026752
    ],
    [
      5100,
      22.03,
      0.045386
    ],
    [
      5200,
      35.79,
      0.027939
    ],
    [
      5300,
      37.44,
      0.026708
    ],
    [
      5400,
      22.01,
      0.045435
    ],
    [
      5500,
      15.44,
      0.064787
    ],
    [
      5600,
      37.48,
      0.026681
    ],
    [
      5700,
      21.99,
      0.045479
    ],
    [
      5800,
      35.79,
      0.027942
    ],
    [
      5900,
      37.45,
      0.0267
    ],
    [
      6000,
      22.0,
      0.045457
    ],
    [
      6100,
      35.78,
      0.027948
    ],
    [
      6200,
      37.44,
      0.026711
    ],
    [
      6300,
      22.01,
      0.045442
    ],
    [
      6400,
      35.77,
      0.027955
    ],
    [
      6500,
      37.41,
      0.026728
    ],
    [
      6600,
      22.01,
      0.045429
    ],
    [
      6700,
      35.77,
      0.027959
    ],
    [
      6800,
      37.34,
      0.026782
    ],
    [
      6900,
      22.02,
      0.045415
    ],
    [
      7000,
      35.76,
      0.027967
    ],
    [
      7100,
      37.45,
      0.026704
    ],
    [
      7200,
      21.99,
      0.045469
    ],
    [
      7300,
      35.76,
      0.027966
    ],
    [
      7400,
      37.43,
      0.026718
    ],
    [
      7500,
      22.0,
      0.04545
    ],
    [
      7600,
      35.75,
      0.027975
    ],
    [
      7700,
      37.4,
      0.026736
    ],
    [
      7800,
      22.01,
      0.045433
    ],
    [
      7900,
      35.74,
      0.027978
    ],
    [
      8000,
      37.39,
      0.026744
    ],
    [
      8100,
      22.02,
      0.045421
    ],
    [
      8200,
      35.74,
      0.027982
    ],
    [
      8300,
      37.37,
      0.026756
    ],
    [
      8400,
      22.02,
      0.045414
    ],
    [
      8500,
      35.73,
      0.027985
    ],
    [
      8600,
      37.36,
      0.026768
    ],
    [
      8700,
      14.87,
      0.067268
    ],
    [
      8800,
      35.73,
      0.027987
    ],
    [
      8900,
      37.38,
      0.026753
    ],
    [
      9000,
      22.02,
      0.045422
    ],
    [
      9100,
      35.73,
      0.027988
    ],
    [
      9200,
      37.36,
      0.026765
    ],
    [
      9300,
      22.02,
      0.045417
    ],
    [
      9400,
      35.74,
      0.027983
    ],
    [
      9500,
      37.36,
      0.02677
    ],
    [
      9600,
      22.02,
      0.045407
    ],
    [
      9700,
      35.73,
      0.027986
    ],
    [
      9800,
      37.34,
      0.02678
    ],
    [
      9900,
      22.02,
      0.045404
    ]
  ],
  "steps_taken": 10000,
  "elapsed_seconds": 4.7,
  "max_level": 0,
  "L1_solved": false,
  "L2_solved": false,
  "l1_step": null,
  "l2_step": null,
  "level_first_step": {},
  "arc_score": 0.0,
  "arc_per_level": {},
  "solver_level_steps": {
    "1": 4,
    "2": 12,
    "3": 23,
    "4": 43,
    "5": 71,
    "6": 107
  },
  "repr_log_enc_n": 100,
  "repr_log_enc_levels": 1,
  "I3_rho": -0.4643,
  "I3_rho_pass": false,
  "I3_cv": 4.509501,
  "I3_counts_at_200": [
    0.0,
    0.0,
    0.0,
    0.0,
    0.0,
    0.0,
    0.0
  ],
  "I1_enc_within": null,
  "I1_enc_between": null,
  "I1_enc_p_value": 1.0,
  "I1_enc_pass": false,
  "I1_act_within": null,
  "I1_act_between": null,
  "I1_act_p_value": 1.0,
  "I1_act_pass": false,
  "I4_entropy_100": 4.5774,
  "I4_entropy_5000": 7.8504,
  "I4_reduction_pct": -71.5,
  "I4_pass": false,
  "I5_level_actions": null,
  "I5_pass": null,
  "R3_jacobian_diff": 0.0383,
  "R3_n_obs_used": 100,
  "R3_pass": false,
  "SAL_rho": -0.5357,
  "SAL_pass": false,
  "SAL_n_actions_visited": 7,
  "pe_snapshots": {
    "100": {
      "mean": 0.000418,
      "max": 0.037423,
      "top7": [
        0.0,
        0.0,
        0.0,
        0.0,
        0.0,
        0.0,
        0.0
      ]
    },
    "1000": {
      "mean": 0.003546,
      "max": 0.050389,
      "top7": [
        0.0,
        0.0,
        0.0,
        0.042672,
        0.0,
        0.0,
        0.0
      ]
    },
    "5000": {
      "mean": 0.011714,
      "max": 0.09305,
      "top7": [
        0.09305,
        0.032763,
        0.015501,
        0.042672,
        0.0,
        0.0,
        0.0
      ]
    }
  }
}