{
  "game": "sp80",
  "condition": "softmax",
  "draw": 4,
  "seed": 400,
  "use_softmax": true,
  "mean_temperature": 10033.4524,
  "T_trajectory": [
    [
      0,
      100000000.0,
      0.0
    ],
    [
      100,
      42.15,
      0.023723
    ],
    [
      200,
      36.33,
      0.027523
    ],
    [
      300,
      21.97,
      0.045509
    ],
    [
      400,
      39.92,
      0.02505
    ],
    [
      500,
      37.17,
      0.026907
    ],
    [
      600,
      21.96,
      0.045546
    ],
    [
      700,
      39.62,
      0.025241
    ],
    [
      800,
      37.37,
      0.026761
    ],
    [
      900,
      22.07,
      0.045318
    ],
    [
      1000,
      39.55,
      0.025287
    ],
    [
      1100,
      19.1,
      0.052369
    ],
    [
      1200,
      21.84,
      0.045792
    ],
    [
      1300,
      39.56,
      0.025276
    ],
    [
      1400,
      37.17,
      0.026901
    ],
    [
      1500,
      21.86,
      0.045743
    ],
    [
      1600,
      39.49,
      0.02532
    ],
    [
      1700,
      37.27,
      0.026831
    ],
    [
      1800,
      21.88,
      0.045709
    ],
    [
      1900,
      39.45,
      0.02535
    ],
    [
      2000,
      37.26,
      0.02684
    ],
    [
      2100,
      21.86,
      0.045749
    ],
    [
      2200,
      39.46,
      0.025341
    ],
    [
      2300,
      37.28,
      0.026822
    ],
    [
      2400,
      21.87,
      0.045721
    ],
    [
      2500,
      39.43,
      0.025359
    ],
    [
      2600,
      37.33,
      0.026785
    ],
    [
      2700,
      21.88,
      0.045705
    ],
    [
      2800,
      39.41,
      0.025376
    ],
    [
      2900,
      37.37,
      0.026759
    ],
    [
      3000,
      21.89,
      0.045687
    ],
    [
      3100,
      39.39,
      0.025387
    ],
    [
      3200,
      37.39,
      0.026742
    ],
    [
      3300,
      21.89,
      0.045676
    ],
    [
      3400,
      39.37,
      0.0254
    ],
    [
      3500,
      37.42,
      0.026724
    ],
    [
      3600,
      21.9,
      0.045668
    ],
    [
      3700,
      39.36,
      0.025407
    ],
    [
      3800,
      37.44,
      0.026707
    ],
    [
      3900,
      21.9,
      0.045665
    ],
    [
      4000,
      39.35,
      0.025411
    ],
    [
      4100,
      37.47,
      0.02669
    ],
    [
      4200,
      21.9,
      0.045659
    ],
    [
      4300,
      39.35,
      0.025415
    ],
    [
      4400,
      37.48,
      0.02668
    ],
    [
      4500,
      21.91,
      0.045652
    ],
    [
      4600,
      39.33,
      0.025423
    ],
    [
      4700,
      37.49,
      0.02667
    ],
    [
      4800,
      21.91,
      0.045648
    ],
    [
      4900,
      39.33,
      0.025428
    ],
    [
      5000,
      37.5,
      0.026667
    ],
    [
      5100,
      21.91,
      0.045641
    ],
    [
      5200,
      39.32,
      0.025432
    ],
    [
      5300,
      37.54,
      0.026639
    ],
    [
      5400,
      21.92,
      0.045618
    ],
    [
      5500,
      39.32,
      0.025434
    ],
    [
      5600,
      37.55,
      0.026632
    ],
    [
      5700,
      21.93,
      0.045609
    ],
    [
      5800,
      39.33,
      0.025428
    ],
    [
      5900,
      37.54,
      0.026639
    ],
    [
      6000,
      21.92,
      0.045612
    ],
    [
      6100,
      39.3,
      0.025444
    ],
    [
      6200,
      37.54,
      0.026635
    ],
    [
      6300,
      21.93,
      0.04561
    ],
    [
      6400,
      39.3,
      0.025442
    ],
    [
      6500,
      37.54,
      0.026637
    ],
    [
      6600,
      21.93,
      0.045607
    ],
    [
      6700,
      39.3,
      0.025446
    ],
    [
      6800,
      37.55,
      0.026629
    ],
    [
      6900,
      21.93,
      0.045605
    ],
    [
      7000,
      39.29,
      0.025452
    ],
    [
      7100,
      37.56,
      0.026625
    ],
    [
      7200,
      21.93,
      0.045605
    ],
    [
      7300,
      39.28,
      0.025457
    ],
    [
      7400,
      37.57,
      0.026617
    ],
    [
      7500,
      21.93,
      0.045605
    ],
    [
      7600,
      39.28,
      0.025461
    ],
    [
      7700,
      37.57,
      0.026614
    ],
    [
      7800,
      21.93,
      0.045603
    ],
    [
      7900,
      39.27,
      0.025464
    ],
    [
      8000,
      37.57,
      0.026614
    ],
    [
      8100,
      21.93,
      0.045602
    ],
    [
      8200,
      39.26,
      0.025469
    ],
    [
      8300,
      37.58,
      0.026608
    ],
    [
      8400,
      21.93,
      0.045606
    ],
    [
      8500,
      39.27,
      0.025467
    ],
    [
      8600,
      37.58,
      0.026613
    ],
    [
      8700,
      21.93,
      0.045602
    ],
    [
      8800,
      40.24,
      0.024852
    ],
    [
      8900,
      37.56,
      0.026625
    ],
    [
      9000,
      21.92,
      0.04562
    ],
    [
      9100,
      39.28,
      0.025458
    ],
    [
      9200,
      16.89,
      0.059216
    ],
    [
      9300,
      21.91,
      0.045645
    ],
    [
      9400,
      39.31,
      0.02544
    ],
    [
      9500,
      37.54,
      0.026639
    ],
    [
      9600,
      21.91,
      0.045644
    ],
    [
      9700,
      39.3,
      0.025443
    ],
    [
      9800,
      37.53,
      0.026642
    ],
    [
      9900,
      21.91,
      0.045645
    ]
  ],
  "steps_taken": 10000,
  "elapsed_seconds": 5.02,
  "max_level": 0,
  "L1_solved": false,
  "L2_solved": false,
  "l1_step": null,
  "l2_step": null,
  "level_first_step": {},
  "arc_score": 0.0,
  "arc_per_level": {},
  "solver_level_steps": {
    "1": 4,
    "2": 12,
    "3": 23,
    "4": 43,
    "5": 71,
    "6": 107
  },
  "repr_log_enc_n": 100,
  "repr_log_enc_levels": 1,
  "I3_rho": -0.5357,
  "I3_rho_pass": false,
  "I3_cv": 4.509501,
  "I3_counts_at_200": [
    0.0,
    0.0,
    1.0,
    0.0,
    0.0,
    0.0,
    0.0
  ],
  "I1_enc_within": null,
  "I1_enc_between": null,
  "I1_enc_p_value": 1.0,
  "I1_enc_pass": false,
  "I1_act_within": null,
  "I1_act_between": null,
  "I1_act_p_value": 1.0,
  "I1_act_pass": false,
  "I4_entropy_100": 4.5913,
  "I4_entropy_5000": 7.8438,
  "I4_reduction_pct": -70.84,
  "I4_pass": false,
  "I5_level_actions": null,
  "I5_pass": null,
  "R3_jacobian_diff": 0.0432,
  "R3_n_obs_used": 100,
  "R3_pass": false,
  "SAL_rho": 0.8929,
  "SAL_pass": true,
  "SAL_n_actions_visited": 6,
  "pe_snapshots": {
    "100": {
      "mean": 0.000419,
      "max": 0.046024,
      "top7": [
        0.0,
        0.0,
        0.02872,
        0.0,
        0.0,
        0.0,
        0.0
      ]
    },
    "1000": {
      "mean": 0.00341,
      "max": 0.062079,
      "top7": [
        0.033665,
        0.0,
        0.02872,
        0.0,
        0.0,
        0.0,
        0.032439
      ]
    },
    "5000": {
      "mean": 0.011404,
      "max": 0.071306,
      "top7": [
        0.065156,
        0.03266,
        0.059533,
        0.0,
        0.022807,
        0.0,
        0.039008
      ]
    }
  }
}