{
  "game": "sp80",
  "condition": "softmax",
  "draw": 2,
  "seed": 200,
  "use_softmax": true,
  "mean_temperature": 10030.0896,
  "T_trajectory": [
    [
      0,
      100000000.0,
      0.0
    ],
    [
      100,
      37.18,
      0.026895
    ],
    [
      200,
      34.47,
      0.029007
    ],
    [
      300,
      21.24,
      0.047083
    ],
    [
      400,
      35.04,
      0.028536
    ],
    [
      500,
      34.99,
      0.028576
    ],
    [
      600,
      21.49,
      0.046532
    ],
    [
      700,
      35.35,
      0.028291
    ],
    [
      800,
      34.96,
      0.028605
    ],
    [
      900,
      21.56,
      0.046386
    ],
    [
      1000,
      35.44,
      0.028217
    ],
    [
      1100,
      35.11,
      0.028481
    ],
    [
      1200,
      21.5,
      0.046504
    ],
    [
      1300,
      35.26,
      0.028361
    ],
    [
      1400,
      35.06,
      0.028521
    ],
    [
      1500,
      20.27,
      0.049343
    ],
    [
      1600,
      35.38,
      0.028263
    ],
    [
      1700,
      35.08,
      0.028508
    ],
    [
      1800,
      21.56,
      0.046391
    ],
    [
      1900,
      35.42,
      0.028232
    ],
    [
      2000,
      35.15,
      0.028449
    ],
    [
      2100,
      21.61,
      0.046282
    ],
    [
      2200,
      35.28,
      0.028348
    ],
    [
      2300,
      35.12,
      0.028474
    ],
    [
      2400,
      21.62,
      0.046254
    ],
    [
      2500,
      35.31,
      0.02832
    ],
    [
      2600,
      35.09,
      0.028499
    ],
    [
      2700,
      21.63,
      0.04624
    ],
    [
      2800,
      35.33,
      0.028301
    ],
    [
      2900,
      35.05,
      0.028529
    ],
    [
      3000,
      21.63,
      0.046235
    ],
    [
      3100,
      35.35,
      0.028289
    ],
    [
      3200,
      35.02,
      0.028551
    ],
    [
      3300,
      21.63,
      0.046234
    ],
    [
      3400,
      35.22,
      0.028396
    ],
    [
      3500,
      35.04,
      0.028539
    ],
    [
      3600,
      21.63,
      0.046232
    ],
    [
      3700,
      35.24,
      0.028373
    ],
    [
      3800,
      35.03,
      0.028548
    ],
    [
      3900,
      21.63,
      0.046231
    ],
    [
      4000,
      35.26,
      0.02836
    ],
    [
      4100,
      35.01,
      0.028566
    ],
    [
      4200,
      16.63,
      0.060146
    ],
    [
      4300,
      35.24,
      0.028373
    ],
    [
      4400,
      35.07,
      0.028514
    ],
    [
      4500,
      21.63,
      0.046235
    ],
    [
      4600,
      35.2,
      0.028406
    ],
    [
      4700,
      35.06,
      0.028524
    ],
    [
      4800,
      21.63,
      0.046232
    ],
    [
      4900,
      35.23,
      0.028388
    ],
    [
      5000,
      35.04,
      0.028538
    ],
    [
      5100,
      21.64,
      0.046218
    ],
    [
      5200,
      35.25,
      0.028372
    ],
    [
      5300,
      35.02,
      0.028552
    ],
    [
      5400,
      21.64,
      0.046212
    ],
    [
      5500,
      35.26,
      0.028358
    ],
    [
      5600,
      35.02,
      0.028558
    ],
    [
      5700,
      21.64,
      0.04622
    ],
    [
      5800,
      35.27,
      0.028357
    ],
    [
      5900,
      35.0,
      0.028569
    ],
    [
      6000,
      21.64,
      0.046209
    ],
    [
      6100,
      35.29,
      0.028337
    ],
    [
      6200,
      35.0,
      0.028571
    ],
    [
      6300,
      21.64,
      0.046209
    ],
    [
      6400,
      35.3,
      0.028329
    ],
    [
      6500,
      34.98,
      0.028585
    ],
    [
      6600,
      21.64,
      0.046204
    ],
    [
      6700,
      35.31,
      0.02832
    ],
    [
      6800,
      34.97,
      0.028593
    ],
    [
      6900,
      21.65,
      0.0462
    ],
    [
      7000,
      35.32,
      0.028314
    ],
    [
      7100,
      34.96,
      0.028601
    ],
    [
      7200,
      21.65,
      0.046199
    ],
    [
      7300,
      35.33,
      0.028307
    ],
    [
      7400,
      34.95,
      0.02861
    ],
    [
      7500,
      21.64,
      0.046201
    ],
    [
      7600,
      35.33,
      0.028303
    ],
    [
      7700,
      34.94,
      0.028619
    ],
    [
      7800,
      21.65,
      0.046196
    ],
    [
      7900,
      35.34,
      0.0283
    ],
    [
      8000,
      34.95,
      0.028616
    ],
    [
      8100,
      21.65,
      0.046197
    ],
    [
      8200,
      35.34,
      0.028295
    ],
    [
      8300,
      34.94,
      0.028621
    ],
    [
      8400,
      21.65,
      0.046196
    ],
    [
      8500,
      35.35,
      0.028292
    ],
    [
      8600,
      34.93,
      0.028629
    ],
    [
      8700,
      21.65,
      0.046194
    ],
    [
      8800,
      35.35,
      0.028289
    ],
    [
      8900,
      34.92,
      0.028639
    ],
    [
      9000,
      21.65,
      0.046193
    ],
    [
      9100,
      35.36,
      0.028281
    ],
    [
      9200,
      34.9,
      0.028652
    ],
    [
      9300,
      21.65,
      0.046198
    ],
    [
      9400,
      35.37,
      0.028274
    ],
    [
      9500,
      34.89,
      0.028658
    ],
    [
      9600,
      21.65,
      0.046192
    ],
    [
      9700,
      35.37,
      0.028269
    ],
    [
      9800,
      34.88,
      0.028671
    ],
    [
      9900,
      21.65,
      0.046194
    ]
  ],
  "steps_taken": 10000,
  "elapsed_seconds": 5.76,
  "max_level": 0,
  "L1_solved": false,
  "L2_solved": false,
  "l1_step": null,
  "l2_step": null,
  "level_first_step": {},
  "arc_score": 0.0,
  "arc_per_level": {},
  "solver_level_steps": {
    "1": 4,
    "2": 12,
    "3": 23,
    "4": 43,
    "5": 71,
    "6": 107
  },
  "repr_log_enc_n": 100,
  "repr_log_enc_levels": 1,
  "I3_rho": 0.0,
  "I3_rho_pass": false,
  "I3_cv": 4.577232,
  "I3_counts_at_200": [
    0.0,
    1.0,
    0.0,
    0.0,
    0.0,
    0.0,
    0.0
  ],
  "I1_enc_within": null,
  "I1_enc_between": null,
  "I1_enc_p_value": 1.0,
  "I1_enc_pass": false,
  "I1_act_within": null,
  "I1_act_between": null,
  "I1_act_p_value": 1.0,
  "I1_act_pass": false,
  "I4_entropy_100": 4.5774,
  "I4_entropy_5000": 7.8461,
  "I4_reduction_pct": -71.41,
  "I4_pass": false,
  "I5_level_actions": null,
  "I5_pass": null,
  "R3_jacobian_diff": 0.0581,
  "R3_n_obs_used": 100,
  "R3_pass": true,
  "SAL_rho": 0.4286,
  "SAL_pass": true,
  "SAL_n_actions_visited": 7,
  "pe_snapshots": {
    "100": {
      "mean": 0.000414,
      "max": 0.03376,
      "top7": [
        0.0,
        0.0,
        0.0,
        0.0,
        0.0,
        0.0,
        0.0
      ]
    },
    "1000": {
      "mean": 0.003467,
      "max": 0.051903,
      "top7": [
        0.0,
        0.035245,
        0.0,
        0.0,
        0.0,
        0.0,
        0.0
      ]
    },
    "5000": {
      "mean": 0.011667,
      "max": 0.094851,
      "top7": [
        0.032559,
        0.094851,
        0.034565,
        0.017072,
        0.0,
        0.0,
        0.0
      ]
    }
  }
}