{
  "game": "sp80",
  "condition": "softmax",
  "draw": 5,
  "seed": 500,
  "use_softmax": true,
  "mean_temperature": 10032.1934,
  "T_trajectory": [
    [
      0,
      100000000.0,
      0.0
    ],
    [
      100,
      38.22,
      0.026162
    ],
    [
      200,
      40.76,
      0.024534
    ],
    [
      300,
      21.74,
      0.046001
    ],
    [
      400,
      35.74,
      0.027983
    ],
    [
      500,
      41.42,
      0.024143
    ],
    [
      600,
      21.79,
      0.045902
    ],
    [
      700,
      35.38,
      0.028262
    ],
    [
      800,
      41.56,
      0.024061
    ],
    [
      900,
      21.8,
      0.045875
    ],
    [
      1000,
      35.23,
      0.028381
    ],
    [
      1100,
      41.63,
      0.024024
    ],
    [
      1200,
      21.81,
      0.045859
    ],
    [
      1300,
      35.15,
      0.028448
    ],
    [
      1400,
      41.66,
      0.024004
    ],
    [
      1500,
      21.81,
      0.045843
    ],
    [
      1600,
      35.11,
      0.02848
    ],
    [
      1700,
      41.68,
      0.02399
    ],
    [
      1800,
      21.81,
      0.045845
    ],
    [
      1900,
      35.08,
      0.028507
    ],
    [
      2000,
      41.69,
      0.023984
    ],
    [
      2100,
      21.19,
      0.047184
    ],
    [
      2200,
      34.99,
      0.028577
    ],
    [
      2300,
      27.53,
      0.036321
    ],
    [
      2400,
      22.59,
      0.044275
    ],
    [
      2500,
      35.02,
      0.028551
    ],
    [
      2600,
      41.77,
      0.023939
    ],
    [
      2700,
      21.8,
      0.045871
    ],
    [
      2800,
      35.02,
      0.028551
    ],
    [
      2900,
      41.77,
      0.02394
    ],
    [
      3000,
      21.8,
      0.045869
    ],
    [
      3100,
      35.01,
      0.028562
    ],
    [
      3200,
      41.77,
      0.023939
    ],
    [
      3300,
      21.8,
      0.045872
    ],
    [
      3400,
      35.01,
      0.028565
    ],
    [
      3500,
      41.78,
      0.023937
    ],
    [
      3600,
      21.8,
      0.045876
    ],
    [
      3700,
      35.0,
      0.028569
    ],
    [
      3800,
      41.77,
      0.023939
    ],
    [
      3900,
      21.8,
      0.045877
    ],
    [
      4000,
      34.99,
      0.028577
    ],
    [
      4100,
      41.77,
      0.023941
    ],
    [
      4200,
      21.8,
      0.045879
    ],
    [
      4300,
      34.98,
      0.028586
    ],
    [
      4400,
      41.76,
      0.023944
    ],
    [
      4500,
      21.79,
      0.045885
    ],
    [
      4600,
      34.97,
      0.028592
    ],
    [
      4700,
      41.77,
      0.02394
    ],
    [
      4800,
      21.8,
      0.045879
    ],
    [
      4900,
      34.97,
      0.028592
    ],
    [
      5000,
      41.78,
      0.023935
    ],
    [
      5100,
      21.79,
      0.045896
    ],
    [
      5200,
      35.02,
      0.028556
    ],
    [
      5300,
      41.76,
      0.023946
    ],
    [
      5400,
      21.79,
      0.04589
    ],
    [
      5500,
      35.02,
      0.028559
    ],
    [
      5600,
      41.76,
      0.023944
    ],
    [
      5700,
      21.79,
      0.045891
    ],
    [
      5800,
      35.01,
      0.028561
    ],
    [
      5900,
      41.77,
      0.023942
    ],
    [
      6000,
      21.79,
      0.045888
    ],
    [
      6100,
      35.01,
      0.02856
    ],
    [
      6200,
      41.76,
      0.023945
    ],
    [
      6300,
      21.79,
      0.045887
    ],
    [
      6400,
      35.02,
      0.028558
    ],
    [
      6500,
      41.77,
      0.023942
    ],
    [
      6600,
      21.79,
      0.045886
    ],
    [
      6700,
      35.01,
      0.028564
    ],
    [
      6800,
      41.76,
      0.023944
    ],
    [
      6900,
      21.79,
      0.045884
    ],
    [
      7000,
      35.01,
      0.028567
    ],
    [
      7100,
      41.76,
      0.023948
    ],
    [
      7200,
      17.61,
      0.056786
    ],
    [
      7300,
      34.97,
      0.028599
    ],
    [
      7400,
      41.76,
      0.023944
    ],
    [
      7500,
      21.8,
      0.045868
    ],
    [
      7600,
      34.96,
      0.028602
    ],
    [
      7700,
      41.76,
      0.023944
    ],
    [
      7800,
      21.8,
      0.045867
    ],
    [
      7900,
      34.96,
      0.028602
    ],
    [
      8000,
      41.77,
      0.023938
    ],
    [
      8100,
      21.81,
      0.045861
    ],
    [
      8200,
      35.0,
      0.028568
    ],
    [
      8300,
      26.37,
      0.037922
    ],
    [
      8400,
      21.79,
      0.045884
    ],
    [
      8500,
      34.99,
      0.028579
    ],
    [
      8600,
      41.75,
      0.023953
    ],
    [
      8700,
      21.79,
      0.045888
    ],
    [
      8800,
      34.99,
      0.028583
    ],
    [
      8900,
      41.75,
      0.023952
    ],
    [
      9000,
      21.79,
      0.045892
    ],
    [
      9100,
      34.97,
      0.028593
    ],
    [
      9200,
      41.73,
      0.023962
    ],
    [
      9300,
      21.79,
      0.045893
    ],
    [
      9400,
      34.98,
      0.028588
    ],
    [
      9500,
      41.72,
      0.023968
    ],
    [
      9600,
      21.79,
      0.04589
    ],
    [
      9700,
      34.97,
      0.028596
    ],
    [
      9800,
      41.73,
      0.023966
    ],
    [
      9900,
      21.79,
      0.045888
    ]
  ],
  "steps_taken": 10000,
  "elapsed_seconds": 5.52,
  "max_level": 0,
  "L1_solved": false,
  "L2_solved": false,
  "l1_step": null,
  "l2_step": null,
  "level_first_step": {},
  "arc_score": 0.0,
  "arc_per_level": {},
  "solver_level_steps": {
    "1": 4,
    "2": 12,
    "3": 23,
    "4": 43,
    "5": 71,
    "6": 107
  },
  "repr_log_enc_n": 100,
  "repr_log_enc_levels": 1,
  "I3_rho": -0.4643,
  "I3_rho_pass": false,
  "I3_cv": 4.554767,
  "I3_counts_at_200": [
    0.0,
    0.0,
    0.0,
    0.0,
    0.0,
    0.0,
    0.0
  ],
  "I1_enc_within": null,
  "I1_enc_between": null,
  "I1_enc_p_value": 1.0,
  "I1_enc_pass": false,
  "I1_act_within": null,
  "I1_act_between": null,
  "I1_act_p_value": 1.0,
  "I1_act_pass": false,
  "I4_entropy_100": 4.5913,
  "I4_entropy_5000": 7.8242,
  "I4_reduction_pct": -70.41,
  "I4_pass": false,
  "I5_level_actions": null,
  "I5_pass": null,
  "R3_jacobian_diff": 0.055,
  "R3_n_obs_used": 100,
  "R3_pass": true,
  "SAL_rho": -0.5357,
  "SAL_pass": false,
  "SAL_n_actions_visited": 5,
  "pe_snapshots": {
    "100": {
      "mean": 0.000415,
      "max": 0.028231,
      "top7": [
        0.0,
        0.0,
        0.0,
        0.0,
        0.0,
        0.0,
        0.0
      ]
    },
    "1000": {
      "mean": 0.003356,
      "max": 0.058433,
      "top7": [
        0.0,
        0.0,
        0.0,
        0.0,
        0.0,
        0.0,
        0.0
      ]
    },
    "5000": {
      "mean": 0.011309,
      "max": 0.065856,
      "top7": [
        0.064081,
        0.0,
        0.032546,
        0.0,
        0.011167,
        0.0,
        0.0
      ]
    }
  }
}