{
  "game": "tr87",
  "condition": "softmax",
  "draw": 5,
  "seed": 500,
  "use_softmax": true,
  "mean_temperature": 20112.3138,
  "T_trajectory": [
    [
      0,
      100000000.0,
      0.0
    ],
    [
      100,
      93.94,
      0.010645
    ],
    [
      200,
      55.0,
      0.018181
    ],
    [
      300,
      127.88,
      0.00782
    ],
    [
      400,
      142.7,
      0.007008
    ],
    [
      500,
      91.62,
      0.010914
    ],
    [
      600,
      128.23,
      0.007798
    ],
    [
      700,
      97.55,
      0.010251
    ],
    [
      800,
      98.76,
      0.010125
    ],
    [
      900,
      108.31,
      0.009233
    ],
    [
      1000,
      123.42,
      0.008103
    ],
    [
      1100,
      127.94,
      0.007816
    ],
    [
      1200,
      164.56,
      0.006077
    ],
    [
      1300,
      146.4,
      0.006831
    ],
    [
      1400,
      53.31,
      0.018758
    ],
    [
      1500,
      165.7,
      0.006035
    ],
    [
      1600,
      114.27,
      0.008751
    ],
    [
      1700,
      94.38,
      0.010595
    ],
    [
      1800,
      77.04,
      0.012981
    ],
    [
      1900,
      110.86,
      0.00902
    ],
    [
      2000,
      207.95,
      0.004809
    ],
    [
      2100,
      130.28,
      0.007676
    ],
    [
      2200,
      82.9,
      0.012063
    ],
    [
      2300,
      90.24,
      0.011081
    ],
    [
      2400,
      138.85,
      0.007202
    ],
    [
      2500,
      89.08,
      0.011226
    ],
    [
      2600,
      173.51,
      0.005763
    ],
    [
      2700,
      133.03,
      0.007517
    ],
    [
      2800,
      140.68,
      0.007108
    ],
    [
      2900,
      131.87,
      0.007583
    ],
    [
      3000,
      123.53,
      0.008095
    ],
    [
      3100,
      278.61,
      0.003589
    ],
    [
      3200,
      121.01,
      0.008264
    ],
    [
      3300,
      156.01,
      0.00641
    ],
    [
      3400,
      130.29,
      0.007675
    ],
    [
      3500,
      81.81,
      0.012224
    ],
    [
      3600,
      99.99,
      0.010001
    ],
    [
      3700,
      112.47,
      0.008891
    ],
    [
      3800,
      147.84,
      0.006764
    ],
    [
      3900,
      121.28,
      0.008245
    ],
    [
      4000,
      98.47,
      0.010155
    ],
    [
      4100,
      340.28,
      0.002939
    ],
    [
      4200,
      76.69,
      0.013039
    ],
    [
      4300,
      62.18,
      0.016082
    ],
    [
      4400,
      112.96,
      0.008852
    ],
    [
      4500,
      71.96,
      0.013896
    ],
    [
      4600,
      141.59,
      0.007063
    ],
    [
      4700,
      80.36,
      0.012444
    ],
    [
      4800,
      101.45,
      0.009857
    ],
    [
      4900,
      111.92,
      0.008935
    ],
    [
      5000,
      89.06,
      0.011228
    ],
    [
      5100,
      82.22,
      0.012162
    ],
    [
      5200,
      50.81,
      0.019683
    ],
    [
      5300,
      93.04,
      0.010748
    ],
    [
      5400,
      156.89,
      0.006374
    ],
    [
      5500,
      115.26,
      0.008676
    ],
    [
      5600,
      132.47,
      0.007549
    ],
    [
      5700,
      63.97,
      0.015633
    ],
    [
      5800,
      187.48,
      0.005334
    ],
    [
      5900,
      91.75,
      0.010899
    ],
    [
      6000,
      92.78,
      0.010778
    ],
    [
      6100,
      83.18,
      0.012023
    ],
    [
      6200,
      42.21,
      0.023693
    ],
    [
      6300,
      90.07,
      0.011103
    ],
    [
      6400,
      74.04,
      0.013505
    ],
    [
      6500,
      171.28,
      0.005838
    ],
    [
      6600,
      48.89,
      0.020453
    ],
    [
      6700,
      117.71,
      0.008495
    ],
    [
      6800,
      87.88,
      0.011379
    ],
    [
      6900,
      135.17,
      0.007398
    ],
    [
      7000,
      109.45,
      0.009137
    ],
    [
      7100,
      60.49,
      0.016532
    ],
    [
      7200,
      46.56,
      0.021476
    ],
    [
      7300,
      95.82,
      0.010437
    ],
    [
      7400,
      61.65,
      0.016221
    ],
    [
      7500,
      88.34,
      0.01132
    ],
    [
      7600,
      159.79,
      0.006258
    ],
    [
      7700,
      57.79,
      0.017303
    ],
    [
      7800,
      45.79,
      0.021841
    ],
    [
      7900,
      109.21,
      0.009157
    ],
    [
      8000,
      53.64,
      0.018643
    ],
    [
      8100,
      219.55,
      0.004555
    ],
    [
      8200,
      53.9,
      0.018554
    ],
    [
      8300,
      45.41,
      0.022023
    ],
    [
      8400,
      119.64,
      0.008359
    ],
    [
      8500,
      84.84,
      0.011787
    ],
    [
      8600,
      114.96,
      0.008698
    ],
    [
      8700,
      48.7,
      0.020532
    ],
    [
      8800,
      75.21,
      0.013297
    ],
    [
      8900,
      206.74,
      0.004837
    ],
    [
      9000,
      118.52,
      0.008437
    ],
    [
      9100,
      63.59,
      0.015726
    ],
    [
      9200,
      245.44,
      0.004074
    ],
    [
      9300,
      134.38,
      0.007441
    ],
    [
      9400,
      172.4,
      0.0058
    ],
    [
      9500,
      105.03,
      0.009521
    ],
    [
      9600,
      158.02,
      0.006328
    ],
    [
      9700,
      55.3,
      0.018085
    ],
    [
      9800,
      54.55,
      0.018332
    ],
    [
      9900,
      152.9,
      0.00654
    ]
  ],
  "steps_taken": 10000,
  "elapsed_seconds": 4.55,
  "max_level": 0,
  "L1_solved": false,
  "L2_solved": false,
  "l1_step": null,
  "l2_step": null,
  "level_first_step": {},
  "arc_score": 0.0,
  "arc_per_level": {},
  "solver_level_steps": {
    "1": 14,
    "2": 39,
    "3": 60,
    "4": 81,
    "5": 95,
    "6": 123
  },
  "repr_log_enc_n": 100,
  "repr_log_enc_levels": 1,
  "I3_rho": -0.6429,
  "I3_rho_pass": false,
  "I3_cv": 0.152971,
  "I3_counts_at_200": [
    22.0,
    27.0,
    25.0,
    27.0,
    34.0,
    30.0,
    35.0
  ],
  "I1_enc_within": null,
  "I1_enc_between": null,
  "I1_enc_p_value": 1.0,
  "I1_enc_pass": false,
  "I1_act_within": null,
  "I1_act_between": null,
  "I1_act_p_value": 1.0,
  "I1_act_pass": false,
  "I4_entropy_100": 1.9191,
  "I4_entropy_5000": 1.9453,
  "I4_reduction_pct": -1.37,
  "I4_pass": false,
  "I5_level_actions": null,
  "I5_pass": null,
  "R3_jacobian_diff": 0.0029,
  "R3_n_obs_used": 100,
  "R3_pass": false,
  "SAL_rho": 0.7143,
  "SAL_pass": true,
  "SAL_n_actions_visited": 7,
  "pe_snapshots": {
    "100": {
      "mean": 0.048264,
      "max": 0.060626,
      "top7": [
        0.041683,
        0.039658,
        0.04117,
        0.048534,
        0.049195,
        0.056981,
        0.060626
      ]
    },
    "1000": {
      "mean": 0.109849,
      "max": 0.111886,
      "top7": [
        0.110012,
        0.109702,
        0.110016,
        0.111886,
        0.108952,
        0.109871,
        0.108504
      ]
    },
    "5000": {
      "mean": 0.10853,
      "max": 0.11282,
      "top7": [
        0.108227,
        0.106638,
        0.109489,
        0.11282,
        0.10702,
        0.107292,
        0.108225
      ]
    }
  }
}