{
  "game": "tr87",
  "condition": "softmax",
  "draw": 2,
  "seed": 200,
  "use_softmax": true,
  "mean_temperature": 20110.7425,
  "T_trajectory": [
    [
      0,
      100000000.0,
      0.0
    ],
    [
      100,
      160.38,
      0.006235
    ],
    [
      200,
      81.15,
      0.012323
    ],
    [
      300,
      189.64,
      0.005273
    ],
    [
      400,
      80.45,
      0.012431
    ],
    [
      500,
      98.2,
      0.010183
    ],
    [
      600,
      138.62,
      0.007214
    ],
    [
      700,
      87.08,
      0.011484
    ],
    [
      800,
      141.05,
      0.00709
    ],
    [
      900,
      73.72,
      0.013565
    ],
    [
      1000,
      343.15,
      0.002914
    ],
    [
      1100,
      65.1,
      0.015361
    ],
    [
      1200,
      137.67,
      0.007263
    ],
    [
      1300,
      144.71,
      0.00691
    ],
    [
      1400,
      82.03,
      0.012191
    ],
    [
      1500,
      151.92,
      0.006582
    ],
    [
      1600,
      86.1,
      0.011615
    ],
    [
      1700,
      166.05,
      0.006022
    ],
    [
      1800,
      103.9,
      0.009625
    ],
    [
      1900,
      104.86,
      0.009536
    ],
    [
      2000,
      87.3,
      0.011454
    ],
    [
      2100,
      141.52,
      0.007066
    ],
    [
      2200,
      78.29,
      0.012773
    ],
    [
      2300,
      105.72,
      0.009459
    ],
    [
      2400,
      140.53,
      0.007116
    ],
    [
      2500,
      97.16,
      0.010292
    ],
    [
      2600,
      141.15,
      0.007085
    ],
    [
      2700,
      67.03,
      0.014919
    ],
    [
      2800,
      132.38,
      0.007554
    ],
    [
      2900,
      56.99,
      0.017548
    ],
    [
      3000,
      224.64,
      0.004452
    ],
    [
      3100,
      97.18,
      0.01029
    ],
    [
      3200,
      68.95,
      0.014504
    ],
    [
      3300,
      130.54,
      0.00766
    ],
    [
      3400,
      120.59,
      0.008292
    ],
    [
      3500,
      165.05,
      0.006059
    ],
    [
      3600,
      90.8,
      0.011013
    ],
    [
      3700,
      140.19,
      0.007133
    ],
    [
      3800,
      84.98,
      0.011768
    ],
    [
      3900,
      133.11,
      0.007513
    ],
    [
      4000,
      129.53,
      0.00772
    ],
    [
      4100,
      96.89,
      0.010321
    ],
    [
      4200,
      60.49,
      0.01653
    ],
    [
      4300,
      157.52,
      0.006348
    ],
    [
      4400,
      177.31,
      0.00564
    ],
    [
      4500,
      103.45,
      0.009666
    ],
    [
      4600,
      147.25,
      0.006791
    ],
    [
      4700,
      58.83,
      0.017
    ],
    [
      4800,
      106.9,
      0.009354
    ],
    [
      4900,
      80.13,
      0.012479
    ],
    [
      5000,
      136.9,
      0.007305
    ],
    [
      5100,
      106.84,
      0.00936
    ],
    [
      5200,
      139.53,
      0.007167
    ],
    [
      5300,
      108.76,
      0.009194
    ],
    [
      5400,
      93.92,
      0.010647
    ],
    [
      5500,
      75.61,
      0.013225
    ],
    [
      5600,
      120.17,
      0.008322
    ],
    [
      5700,
      122.14,
      0.008187
    ],
    [
      5800,
      60.39,
      0.016559
    ],
    [
      5900,
      231.17,
      0.004326
    ],
    [
      6000,
      78.55,
      0.012731
    ],
    [
      6100,
      251.3,
      0.003979
    ],
    [
      6200,
      69.58,
      0.014372
    ],
    [
      6300,
      126.29,
      0.007918
    ],
    [
      6400,
      80.85,
      0.012369
    ],
    [
      6500,
      171.06,
      0.005846
    ],
    [
      6600,
      63.91,
      0.015647
    ],
    [
      6700,
      89.47,
      0.011177
    ],
    [
      6800,
      145.53,
      0.006872
    ],
    [
      6900,
      122.92,
      0.008135
    ],
    [
      7000,
      138.62,
      0.007214
    ],
    [
      7100,
      65.15,
      0.015348
    ],
    [
      7200,
      180.12,
      0.005552
    ],
    [
      7300,
      78.12,
      0.0128
    ],
    [
      7400,
      117.99,
      0.008476
    ],
    [
      7500,
      83.15,
      0.012027
    ],
    [
      7600,
      115.22,
      0.008679
    ],
    [
      7700,
      77.97,
      0.012825
    ],
    [
      7800,
      68.34,
      0.014633
    ],
    [
      7900,
      168.19,
      0.005946
    ],
    [
      8000,
      88.76,
      0.011266
    ],
    [
      8100,
      190.8,
      0.005241
    ],
    [
      8200,
      47.44,
      0.021078
    ],
    [
      8300,
      139.76,
      0.007155
    ],
    [
      8400,
      90.66,
      0.01103
    ],
    [
      8500,
      103.77,
      0.009637
    ],
    [
      8600,
      92.05,
      0.010864
    ],
    [
      8700,
      136.45,
      0.007329
    ],
    [
      8800,
      101.48,
      0.009855
    ],
    [
      8900,
      67.36,
      0.014845
    ],
    [
      9000,
      106.13,
      0.009423
    ],
    [
      9100,
      71.22,
      0.014042
    ],
    [
      9200,
      123.51,
      0.008096
    ],
    [
      9300,
      110.55,
      0.009046
    ],
    [
      9400,
      106.54,
      0.009386
    ],
    [
      9500,
      110.62,
      0.00904
    ],
    [
      9600,
      88.48,
      0.011302
    ],
    [
      9700,
      136.25,
      0.00734
    ],
    [
      9800,
      81.18,
      0.012319
    ],
    [
      9900,
      137.46,
      0.007275
    ]
  ],
  "steps_taken": 10000,
  "elapsed_seconds": 4.57,
  "max_level": 0,
  "L1_solved": false,
  "L2_solved": false,
  "l1_step": null,
  "l2_step": null,
  "level_first_step": {},
  "arc_score": 0.0,
  "arc_per_level": {},
  "solver_level_steps": {
    "1": 14,
    "2": 39,
    "3": 60,
    "4": 81,
    "5": 95,
    "6": 123
  },
  "repr_log_enc_n": 100,
  "repr_log_enc_levels": 1,
  "I3_rho": 0.1786,
  "I3_rho_pass": false,
  "I3_cv": 0.206519,
  "I3_counts_at_200": [
    31.0,
    24.0,
    25.0,
    31.0,
    23.0,
    25.0,
    41.0
  ],
  "I1_enc_within": null,
  "I1_enc_between": null,
  "I1_enc_p_value": 1.0,
  "I1_enc_pass": false,
  "I1_act_within": null,
  "I1_act_between": null,
  "I1_act_p_value": 1.0,
  "I1_act_pass": false,
  "I4_entropy_100": 1.9229,
  "I4_entropy_5000": 1.9456,
  "I4_reduction_pct": -1.18,
  "I4_pass": false,
  "I5_level_actions": null,
  "I5_pass": null,
  "R3_jacobian_diff": 0.0027,
  "R3_n_obs_used": 100,
  "R3_pass": false,
  "SAL_rho": -0.2857,
  "SAL_pass": false,
  "SAL_n_actions_visited": 7,
  "pe_snapshots": {
    "100": {
      "mean": 0.049501,
      "max": 0.061581,
      "top7": [
        0.045926,
        0.043086,
        0.056123,
        0.050714,
        0.042419,
        0.046656,
        0.061581
      ]
    },
    "1000": {
      "mean": 0.113798,
      "max": 0.118128,
      "top7": [
        0.11392,
        0.112992,
        0.118128,
        0.114611,
        0.112463,
        0.114859,
        0.109611
      ]
    },
    "5000": {
      "mean": 0.10578,
      "max": 0.109825,
      "top7": [
        0.105369,
        0.102033,
        0.109825,
        0.108052,
        0.106616,
        0.102833,
        0.105731
      ]
    }
  }
}