{
  "game": "tr87",
  "condition": "softmax",
  "draw": 1,
  "seed": 100,
  "use_softmax": true,
  "mean_temperature": 10119.8881,
  "T_trajectory": [
    [
      0,
      100000000.0,
      0.0
    ],
    [
      100,
      119.72,
      0.008353
    ],
    [
      200,
      99.94,
      0.010006
    ],
    [
      300,
      126.98,
      0.007875
    ],
    [
      400,
      146.81,
      0.006812
    ],
    [
      500,
      194.89,
      0.005131
    ],
    [
      600,
      116.87,
      0.008556
    ],
    [
      700,
      137.85,
      0.007254
    ],
    [
      800,
      124.12,
      0.008057
    ],
    [
      900,
      102.5,
      0.009756
    ],
    [
      1000,
      146.46,
      0.006828
    ],
    [
      1100,
      69.47,
      0.014395
    ],
    [
      1200,
      114.38,
      0.008743
    ],
    [
      1300,
      127.0,
      0.007874
    ],
    [
      1400,
      131.84,
      0.007585
    ],
    [
      1500,
      89.94,
      0.011118
    ],
    [
      1600,
      105.9,
      0.009443
    ],
    [
      1700,
      62.08,
      0.016109
    ],
    [
      1800,
      105.62,
      0.009468
    ],
    [
      1900,
      117.22,
      0.008531
    ],
    [
      2000,
      136.46,
      0.007328
    ],
    [
      2100,
      90.33,
      0.011071
    ],
    [
      2200,
      87.32,
      0.011452
    ],
    [
      2300,
      76.27,
      0.01311
    ],
    [
      2400,
      126.07,
      0.007932
    ],
    [
      2500,
      178.92,
      0.005589
    ],
    [
      2600,
      74.54,
      0.013415
    ],
    [
      2700,
      142.07,
      0.007039
    ],
    [
      2800,
      110.41,
      0.009057
    ],
    [
      2900,
      125.8,
      0.007949
    ],
    [
      3000,
      82.26,
      0.012157
    ],
    [
      3100,
      118.52,
      0.008437
    ],
    [
      3200,
      174.55,
      0.005729
    ],
    [
      3300,
      99.25,
      0.010076
    ],
    [
      3400,
      99.36,
      0.010064
    ],
    [
      3500,
      144.51,
      0.00692
    ],
    [
      3600,
      175.96,
      0.005683
    ],
    [
      3700,
      87.69,
      0.011404
    ],
    [
      3800,
      61.95,
      0.016142
    ],
    [
      3900,
      373.32,
      0.002679
    ],
    [
      4000,
      64.22,
      0.015572
    ],
    [
      4100,
      132.45,
      0.00755
    ],
    [
      4200,
      71.45,
      0.013995
    ],
    [
      4300,
      132.16,
      0.007566
    ],
    [
      4400,
      117.03,
      0.008545
    ],
    [
      4500,
      160.52,
      0.00623
    ],
    [
      4600,
      204.01,
      0.004902
    ],
    [
      4700,
      92.6,
      0.0108
    ],
    [
      4800,
      83.74,
      0.011941
    ],
    [
      4900,
      122.13,
      0.008188
    ],
    [
      5000,
      82.6,
      0.012107
    ],
    [
      5100,
      88.64,
      0.011281
    ],
    [
      5200,
      110.72,
      0.009032
    ],
    [
      5300,
      128.9,
      0.007758
    ],
    [
      5400,
      76.32,
      0.013103
    ],
    [
      5500,
      146.22,
      0.006839
    ],
    [
      5600,
      95.18,
      0.010507
    ],
    [
      5700,
      132.24,
      0.007562
    ],
    [
      5800,
      81.14,
      0.012324
    ],
    [
      5900,
      78.66,
      0.012714
    ],
    [
      6000,
      73.83,
      0.013545
    ],
    [
      6100,
      116.5,
      0.008584
    ],
    [
      6200,
      91.15,
      0.01097
    ],
    [
      6300,
      143.22,
      0.006982
    ],
    [
      6400,
      180.45,
      0.005542
    ],
    [
      6500,
      132.07,
      0.007572
    ],
    [
      6600,
      113.47,
      0.008813
    ],
    [
      6700,
      100.69,
      0.009932
    ],
    [
      6800,
      110.79,
      0.009026
    ],
    [
      6900,
      106.24,
      0.009413
    ],
    [
      7000,
      94.7,
      0.01056
    ],
    [
      7100,
      154.48,
      0.006473
    ],
    [
      7200,
      134.11,
      0.007457
    ],
    [
      7300,
      179.3,
      0.005577
    ],
    [
      7400,
      169.69,
      0.005893
    ],
    [
      7500,
      71.17,
      0.01405
    ],
    [
      7600,
      81.0,
      0.012346
    ],
    [
      7700,
      163.35,
      0.006122
    ],
    [
      7800,
      127.85,
      0.007821
    ],
    [
      7900,
      141.5,
      0.007067
    ],
    [
      8000,
      106.91,
      0.009353
    ],
    [
      8100,
      63.98,
      0.01563
    ],
    [
      8200,
      204.72,
      0.004885
    ],
    [
      8300,
      232.4,
      0.004303
    ],
    [
      8400,
      155.37,
      0.006436
    ],
    [
      8500,
      121.05,
      0.008261
    ],
    [
      8600,
      164.17,
      0.006091
    ],
    [
      8700,
      129.62,
      0.007715
    ],
    [
      8800,
      160.06,
      0.006248
    ],
    [
      8900,
      96.84,
      0.010327
    ],
    [
      9000,
      118.18,
      0.008462
    ],
    [
      9100,
      92.1,
      0.010858
    ],
    [
      9200,
      120.46,
      0.008302
    ],
    [
      9300,
      145.48,
      0.006874
    ],
    [
      9400,
      121.02,
      0.008263
    ],
    [
      9500,
      103.13,
      0.009696
    ],
    [
      9600,
      100.34,
      0.009966
    ],
    [
      9700,
      60.8,
      0.016446
    ],
    [
      9800,
      66.7,
      0.014994
    ],
    [
      9900,
      75.78,
      0.013196
    ]
  ],
  "steps_taken": 10000,
  "elapsed_seconds": 4.58,
  "max_level": 0,
  "L1_solved": false,
  "L2_solved": false,
  "l1_step": null,
  "l2_step": null,
  "level_first_step": {},
  "arc_score": 0.0,
  "arc_per_level": {},
  "solver_level_steps": {
    "1": 14,
    "2": 39,
    "3": 60,
    "4": 81,
    "5": 95,
    "6": 123
  },
  "repr_log_enc_n": 100,
  "repr_log_enc_levels": 1,
  "I3_rho": 0.2143,
  "I3_rho_pass": false,
  "I3_cv": 0.136015,
  "I3_counts_at_200": [
    25.0,
    34.0,
    32.0,
    25.0,
    30.0,
    23.0,
    31.0
  ],
  "I1_enc_within": null,
  "I1_enc_between": null,
  "I1_enc_p_value": 1.0,
  "I1_enc_pass": false,
  "I1_act_within": null,
  "I1_act_between": null,
  "I1_act_p_value": 1.0,
  "I1_act_pass": false,
  "I4_entropy_100": 1.9241,
  "I4_entropy_5000": 1.9454,
  "I4_reduction_pct": -1.11,
  "I4_pass": false,
  "I5_level_actions": null,
  "I5_pass": null,
  "R3_jacobian_diff": 0.0026,
  "R3_n_obs_used": 100,
  "R3_pass": false,
  "SAL_rho": 0.3929,
  "SAL_pass": true,
  "SAL_n_actions_visited": 7,
  "pe_snapshots": {
    "100": {
      "mean": 0.048652,
      "max": 0.061489,
      "top7": [
        0.050793,
        0.052708,
        0.061489,
        0.035943,
        0.056392,
        0.038865,
        0.044371
      ]
    },
    "1000": {
      "mean": 0.109805,
      "max": 0.112809,
      "top7": [
        0.106281,
        0.110268,
        0.112629,
        0.112809,
        0.108556,
        0.110043,
        0.108046
      ]
    },
    "5000": {
      "mean": 0.107806,
      "max": 0.111731,
      "top7": [
        0.107785,
        0.104881,
        0.110401,
        0.111731,
        0.106554,
        0.107789,
        0.105502
      ]
    }
  }
}