{
  "game": "tr87",
  "condition": "softmax",
  "draw": 4,
  "seed": 400,
  "use_softmax": true,
  "mean_temperature": 20114.0536,
  "T_trajectory": [
    [
      0,
      100000000.0,
      0.0
    ],
    [
      100,
      84.31,
      0.011861
    ],
    [
      200,
      65.13,
      0.015353
    ],
    [
      300,
      90.81,
      0.011012
    ],
    [
      400,
      72.66,
      0.013764
    ],
    [
      500,
      149.9,
      0.006671
    ],
    [
      600,
      145.4,
      0.006877
    ],
    [
      700,
      161.92,
      0.006176
    ],
    [
      800,
      202.39,
      0.004941
    ],
    [
      900,
      79.7,
      0.012547
    ],
    [
      1000,
      72.94,
      0.013711
    ],
    [
      1100,
      133.28,
      0.007503
    ],
    [
      1200,
      89.69,
      0.01115
    ],
    [
      1300,
      121.37,
      0.008239
    ],
    [
      1400,
      125.86,
      0.007945
    ],
    [
      1500,
      155.71,
      0.006422
    ],
    [
      1600,
      54.83,
      0.018238
    ],
    [
      1700,
      86.75,
      0.011527
    ],
    [
      1800,
      61.0,
      0.016393
    ],
    [
      1900,
      164.25,
      0.006088
    ],
    [
      2000,
      99.04,
      0.010097
    ],
    [
      2100,
      216.81,
      0.004612
    ],
    [
      2200,
      78.62,
      0.012719
    ],
    [
      2300,
      128.01,
      0.007812
    ],
    [
      2400,
      101.66,
      0.009836
    ],
    [
      2500,
      67.25,
      0.01487
    ],
    [
      2600,
      76.51,
      0.01307
    ],
    [
      2700,
      70.47,
      0.01419
    ],
    [
      2800,
      152.76,
      0.006546
    ],
    [
      2900,
      71.86,
      0.013916
    ],
    [
      3000,
      98.53,
      0.010149
    ],
    [
      3100,
      109.71,
      0.009115
    ],
    [
      3200,
      80.23,
      0.012464
    ],
    [
      3300,
      98.8,
      0.010121
    ],
    [
      3400,
      186.22,
      0.00537
    ],
    [
      3500,
      105.98,
      0.009436
    ],
    [
      3600,
      57.16,
      0.017496
    ],
    [
      3700,
      99.63,
      0.010037
    ],
    [
      3800,
      107.85,
      0.009272
    ],
    [
      3900,
      365.21,
      0.002738
    ],
    [
      4000,
      100.66,
      0.009935
    ],
    [
      4100,
      158.58,
      0.006306
    ],
    [
      4200,
      102.06,
      0.009798
    ],
    [
      4300,
      121.5,
      0.00823
    ],
    [
      4400,
      141.14,
      0.007085
    ],
    [
      4500,
      83.52,
      0.011974
    ],
    [
      4600,
      129.65,
      0.007713
    ],
    [
      4700,
      73.11,
      0.013678
    ],
    [
      4800,
      82.66,
      0.012098
    ],
    [
      4900,
      60.55,
      0.016514
    ],
    [
      5000,
      169.36,
      0.005905
    ],
    [
      5100,
      98.52,
      0.01015
    ],
    [
      5200,
      107.8,
      0.009276
    ],
    [
      5300,
      107.04,
      0.009343
    ],
    [
      5400,
      186.63,
      0.005358
    ],
    [
      5500,
      93.13,
      0.010738
    ],
    [
      5600,
      68.03,
      0.0147
    ],
    [
      5700,
      165.76,
      0.006033
    ],
    [
      5800,
      155.14,
      0.006446
    ],
    [
      5900,
      132.3,
      0.007559
    ],
    [
      6000,
      116.81,
      0.008561
    ],
    [
      6100,
      77.23,
      0.012948
    ],
    [
      6200,
      93.56,
      0.010688
    ],
    [
      6300,
      58.43,
      0.017114
    ],
    [
      6400,
      138.22,
      0.007235
    ],
    [
      6500,
      95.89,
      0.010428
    ],
    [
      6600,
      102.89,
      0.009719
    ],
    [
      6700,
      99.62,
      0.010038
    ],
    [
      6800,
      90.25,
      0.01108
    ],
    [
      6900,
      189.07,
      0.005289
    ],
    [
      7000,
      61.8,
      0.016182
    ],
    [
      7100,
      147.66,
      0.006772
    ],
    [
      7200,
      101.48,
      0.009854
    ],
    [
      7300,
      81.67,
      0.012244
    ],
    [
      7400,
      78.49,
      0.01274
    ],
    [
      7500,
      73.33,
      0.013636
    ],
    [
      7600,
      116.44,
      0.008588
    ],
    [
      7700,
      77.8,
      0.012853
    ],
    [
      7800,
      138.72,
      0.007209
    ],
    [
      7900,
      103.45,
      0.009667
    ],
    [
      8000,
      82.63,
      0.012101
    ],
    [
      8100,
      106.47,
      0.009392
    ],
    [
      8200,
      76.84,
      0.013014
    ],
    [
      8300,
      108.73,
      0.009197
    ],
    [
      8400,
      97.25,
      0.010283
    ],
    [
      8500,
      92.31,
      0.010834
    ],
    [
      8600,
      76.66,
      0.013045
    ],
    [
      8700,
      94.7,
      0.01056
    ],
    [
      8800,
      78.31,
      0.01277
    ],
    [
      8900,
      179.46,
      0.005572
    ],
    [
      9000,
      100.36,
      0.009964
    ],
    [
      9100,
      80.35,
      0.012445
    ],
    [
      9200,
      86.11,
      0.011613
    ],
    [
      9300,
      91.25,
      0.010959
    ],
    [
      9400,
      134.18,
      0.007453
    ],
    [
      9500,
      66.54,
      0.015028
    ],
    [
      9600,
      81.91,
      0.012209
    ],
    [
      9700,
      118.67,
      0.008427
    ],
    [
      9800,
      163.39,
      0.00612
    ],
    [
      9900,
      95.42,
      0.01048
    ]
  ],
  "steps_taken": 10000,
  "elapsed_seconds": 4.61,
  "max_level": 0,
  "L1_solved": false,
  "L2_solved": false,
  "l1_step": null,
  "l2_step": null,
  "level_first_step": {},
  "arc_score": 0.0,
  "arc_per_level": {},
  "solver_level_steps": {
    "1": 14,
    "2": 39,
    "3": 60,
    "4": 81,
    "5": 95,
    "6": 123
  },
  "repr_log_enc_n": 100,
  "repr_log_enc_levels": 1,
  "I3_rho": 0.3571,
  "I3_rho_pass": false,
  "I3_cv": 0.1253,
  "I3_counts_at_200": [
    29.0,
    30.0,
    28.0,
    29.0,
    35.0,
    27.0,
    22.0
  ],
  "I1_enc_within": null,
  "I1_enc_between": null,
  "I1_enc_p_value": 1.0,
  "I1_enc_pass": false,
  "I1_act_within": null,
  "I1_act_between": null,
  "I1_act_p_value": 1.0,
  "I1_act_pass": false,
  "I4_entropy_100": 1.9418,
  "I4_entropy_5000": 1.9452,
  "I4_reduction_pct": -0.17,
  "I4_pass": false,
  "I5_level_actions": null,
  "I5_pass": null,
  "R3_jacobian_diff": 0.002,
  "R3_n_obs_used": 100,
  "R3_pass": false,
  "SAL_rho": -0.0714,
  "SAL_pass": false,
  "SAL_n_actions_visited": 7,
  "pe_snapshots": {
    "100": {
      "mean": 0.050865,
      "max": 0.05755,
      "top7": [
        0.052791,
        0.046453,
        0.047719,
        0.05755,
        0.050512,
        0.051567,
        0.049465
      ]
    },
    "1000": {
      "mean": 0.111369,
      "max": 0.114059,
      "top7": [
        0.113306,
        0.11262,
        0.109913,
        0.112852,
        0.114059,
        0.107769,
        0.109061
      ]
    },
    "5000": {
      "mean": 0.106247,
      "max": 0.112174,
      "top7": [
        0.105395,
        0.10303,
        0.107963,
        0.112174,
        0.104852,
        0.105733,
        0.104583
      ]
    }
  }
}