{
  "game": "tr87",
  "condition": "softmax",
  "draw": 3,
  "seed": 300,
  "use_softmax": true,
  "mean_temperature": 10103.4751,
  "T_trajectory": [
    [
      0,
      100000000.0,
      0.0
    ],
    [
      100,
      98.86,
      0.010115
    ],
    [
      200,
      129.64,
      0.007714
    ],
    [
      300,
      247.2,
      0.004045
    ],
    [
      400,
      60.46,
      0.016539
    ],
    [
      500,
      99.74,
      0.010026
    ],
    [
      600,
      52.18,
      0.019164
    ],
    [
      700,
      62.78,
      0.015929
    ],
    [
      800,
      148.19,
      0.006748
    ],
    [
      900,
      80.35,
      0.012446
    ],
    [
      1000,
      100.88,
      0.009913
    ],
    [
      1100,
      57.79,
      0.017305
    ],
    [
      1200,
      111.23,
      0.008991
    ],
    [
      1300,
      61.81,
      0.016178
    ],
    [
      1400,
      72.76,
      0.013744
    ],
    [
      1500,
      126.76,
      0.007889
    ],
    [
      1600,
      52.95,
      0.018885
    ],
    [
      1700,
      123.06,
      0.008126
    ],
    [
      1800,
      67.79,
      0.014751
    ],
    [
      1900,
      165.09,
      0.006057
    ],
    [
      2000,
      79.29,
      0.012612
    ],
    [
      2100,
      105.68,
      0.009463
    ],
    [
      2200,
      60.41,
      0.016555
    ],
    [
      2300,
      127.73,
      0.007829
    ],
    [
      2400,
      180.82,
      0.00553
    ],
    [
      2500,
      98.99,
      0.010102
    ],
    [
      2600,
      105.84,
      0.009449
    ],
    [
      2700,
      100.53,
      0.009947
    ],
    [
      2800,
      215.21,
      0.004647
    ],
    [
      2900,
      48.86,
      0.020468
    ],
    [
      3000,
      104.02,
      0.009614
    ],
    [
      3100,
      78.98,
      0.012661
    ],
    [
      3200,
      65.97,
      0.015159
    ],
    [
      3300,
      130.59,
      0.007657
    ],
    [
      3400,
      88.88,
      0.01125
    ],
    [
      3500,
      99.06,
      0.010095
    ],
    [
      3600,
      54.04,
      0.018505
    ],
    [
      3700,
      53.66,
      0.018637
    ],
    [
      3800,
      93.55,
      0.01069
    ],
    [
      3900,
      51.34,
      0.019479
    ],
    [
      4000,
      103.62,
      0.009651
    ],
    [
      4100,
      115.3,
      0.008673
    ],
    [
      4200,
      79.51,
      0.012576
    ],
    [
      4300,
      94.57,
      0.010574
    ],
    [
      4400,
      77.42,
      0.012916
    ],
    [
      4500,
      100.94,
      0.009907
    ],
    [
      4600,
      86.05,
      0.011621
    ],
    [
      4700,
      52.47,
      0.01906
    ],
    [
      4800,
      64.88,
      0.015413
    ],
    [
      4900,
      109.53,
      0.00913
    ],
    [
      5000,
      86.18,
      0.011603
    ],
    [
      5100,
      169.19,
      0.00591
    ],
    [
      5200,
      62.95,
      0.015887
    ],
    [
      5300,
      187.5,
      0.005333
    ],
    [
      5400,
      92.95,
      0.010758
    ],
    [
      5500,
      96.63,
      0.010349
    ],
    [
      5600,
      84.85,
      0.011785
    ],
    [
      5700,
      67.73,
      0.014764
    ],
    [
      5800,
      85.76,
      0.011661
    ],
    [
      5900,
      160.18,
      0.006243
    ],
    [
      6000,
      76.85,
      0.013012
    ],
    [
      6100,
      81.94,
      0.012204
    ],
    [
      6200,
      182.85,
      0.005469
    ],
    [
      6300,
      67.59,
      0.014794
    ],
    [
      6400,
      98.15,
      0.010188
    ],
    [
      6500,
      70.58,
      0.014168
    ],
    [
      6600,
      89.79,
      0.011137
    ],
    [
      6700,
      109.11,
      0.009165
    ],
    [
      6800,
      99.15,
      0.010086
    ],
    [
      6900,
      95.11,
      0.010514
    ],
    [
      7000,
      93.92,
      0.010648
    ],
    [
      7100,
      209.29,
      0.004778
    ],
    [
      7200,
      68.21,
      0.01466
    ],
    [
      7300,
      144.42,
      0.006924
    ],
    [
      7400,
      58.46,
      0.017106
    ],
    [
      7500,
      91.25,
      0.010959
    ],
    [
      7600,
      92.95,
      0.010759
    ],
    [
      7700,
      119.72,
      0.008353
    ],
    [
      7800,
      68.1,
      0.014685
    ],
    [
      7900,
      177.38,
      0.005637
    ],
    [
      8000,
      124.22,
      0.00805
    ],
    [
      8100,
      59.6,
      0.016777
    ],
    [
      8200,
      122.36,
      0.008173
    ],
    [
      8300,
      70.2,
      0.014244
    ],
    [
      8400,
      101.59,
      0.009843
    ],
    [
      8500,
      74.99,
      0.013335
    ],
    [
      8600,
      217.28,
      0.004602
    ],
    [
      8700,
      71.42,
      0.014003
    ],
    [
      8800,
      64.34,
      0.015543
    ],
    [
      8900,
      107.21,
      0.009328
    ],
    [
      9000,
      138.21,
      0.007235
    ],
    [
      9100,
      100.03,
      0.009997
    ],
    [
      9200,
      80.31,
      0.012451
    ],
    [
      9300,
      186.37,
      0.005366
    ],
    [
      9400,
      87.66,
      0.011407
    ],
    [
      9500,
      96.6,
      0.010352
    ],
    [
      9600,
      83.04,
      0.012042
    ],
    [
      9700,
      71.02,
      0.01408
    ],
    [
      9800,
      103.59,
      0.009654
    ],
    [
      9900,
      65.82,
      0.015193
    ]
  ],
  "steps_taken": 10000,
  "elapsed_seconds": 4.59,
  "max_level": 0,
  "L1_solved": false,
  "L2_solved": false,
  "l1_step": null,
  "l2_step": null,
  "level_first_step": {},
  "arc_score": 0.0,
  "arc_per_level": {},
  "solver_level_steps": {
    "1": 14,
    "2": 39,
    "3": 60,
    "4": 81,
    "5": 95,
    "6": 123
  },
  "repr_log_enc_n": 100,
  "repr_log_enc_levels": 1,
  "I3_rho": -0.2857,
  "I3_rho_pass": false,
  "I3_cv": 0.098742,
  "I3_counts_at_200": [
    26.0,
    30.0,
    30.0,
    29.0,
    30.0,
    32.0,
    23.0
  ],
  "I1_enc_within": null,
  "I1_enc_between": null,
  "I1_enc_p_value": 1.0,
  "I1_enc_pass": false,
  "I1_act_within": null,
  "I1_act_between": null,
  "I1_act_p_value": 1.0,
  "I1_act_pass": false,
  "I4_entropy_100": 1.9186,
  "I4_entropy_5000": 1.9455,
  "I4_reduction_pct": -1.41,
  "I4_pass": false,
  "I5_level_actions": null,
  "I5_pass": null,
  "R3_jacobian_diff": 0.002,
  "R3_n_obs_used": 100,
  "R3_pass": false,
  "SAL_rho": 0.0714,
  "SAL_pass": false,
  "SAL_n_actions_visited": 7,
  "pe_snapshots": {
    "100": {
      "mean": 0.048702,
      "max": 0.056477,
      "top7": [
        0.036758,
        0.050016,
        0.051466,
        0.056055,
        0.05232,
        0.056477,
        0.037823
      ]
    },
    "1000": {
      "mean": 0.11029,
      "max": 0.114583,
      "top7": [
        0.114583,
        0.109678,
        0.108648,
        0.109266,
        0.111435,
        0.108408,
        0.110009
      ]
    },
    "5000": {
      "mean": 0.110772,
      "max": 0.113635,
      "top7": [
        0.109003,
        0.110999,
        0.108983,
        0.112112,
        0.113635,
        0.111186,
        0.109483
      ]
    }
  }
}