{
  "game": "tu93",
  "condition": "softmax",
  "draw": 5,
  "seed": 500,
  "use_softmax": true,
  "mean_temperature": 20013.2331,
  "T_trajectory": [
    [
      0,
      100000000.0,
      0.0
    ],
    [
      100,
      35.76,
      0.027963
    ],
    [
      200,
      34.12,
      0.029305
    ],
    [
      300,
      54.5,
      0.018349
    ],
    [
      400,
      46.28,
      0.02161
    ],
    [
      500,
      38.28,
      0.026123
    ],
    [
      600,
      35.73,
      0.02799
    ],
    [
      700,
      19.2,
      0.052084
    ],
    [
      800,
      20.2,
      0.049501
    ],
    [
      900,
      38.98,
      0.025655
    ],
    [
      1000,
      16.31,
      0.061324
    ],
    [
      1100,
      42.58,
      0.023485
    ],
    [
      1200,
      28.24,
      0.035414
    ],
    [
      1300,
      26.21,
      0.038159
    ],
    [
      1400,
      13.52,
      0.073965
    ],
    [
      1500,
      13.95,
      0.071709
    ],
    [
      1600,
      13.42,
      0.074499
    ],
    [
      1700,
      15.68,
      0.063787
    ],
    [
      1800,
      14.49,
      0.069006
    ],
    [
      1900,
      22.39,
      0.04466
    ],
    [
      2000,
      17.88,
      0.055921
    ],
    [
      2100,
      17.16,
      0.058275
    ],
    [
      2200,
      22.49,
      0.044466
    ],
    [
      2300,
      12.08,
      0.082788
    ],
    [
      2400,
      13.72,
      0.072887
    ],
    [
      2500,
      15.41,
      0.064911
    ],
    [
      2600,
      8.64,
      0.115698
    ],
    [
      2700,
      7.65,
      0.13067
    ],
    [
      2800,
      17.39,
      0.05749
    ],
    [
      2900,
      9.11,
      0.109772
    ],
    [
      3000,
      19.79,
      0.050522
    ],
    [
      3100,
      13.9,
      0.071943
    ],
    [
      3200,
      38.7,
      0.025837
    ],
    [
      3300,
      6.89,
      0.145194
    ],
    [
      3400,
      5.81,
      0.172239
    ],
    [
      3500,
      5.6,
      0.178658
    ],
    [
      3600,
      10.5,
      0.095237
    ],
    [
      3700,
      11.0,
      0.09089
    ],
    [
      3800,
      10.29,
      0.097221
    ],
    [
      3900,
      16.68,
      0.059952
    ],
    [
      4000,
      9.2,
      0.108735
    ],
    [
      4100,
      16.76,
      0.059681
    ],
    [
      4200,
      16.12,
      0.062048
    ],
    [
      4300,
      4.13,
      0.242143
    ],
    [
      4400,
      8.51,
      0.11745
    ],
    [
      4500,
      4.13,
      0.242371
    ],
    [
      4600,
      5.28,
      0.189319
    ],
    [
      4700,
      6.32,
      0.158306
    ],
    [
      4800,
      7.18,
      0.139294
    ],
    [
      4900,
      18.44,
      0.05422
    ],
    [
      5000,
      10.31,
      0.096985
    ],
    [
      5100,
      8.09,
      0.123556
    ],
    [
      5200,
      8.21,
      0.121771
    ],
    [
      5300,
      5.59,
      0.178959
    ],
    [
      5400,
      4.87,
      0.205513
    ],
    [
      5500,
      3.32,
      0.301642
    ],
    [
      5600,
      8.71,
      0.11484
    ],
    [
      5700,
      7.54,
      0.132672
    ],
    [
      5800,
      6.91,
      0.144729
    ],
    [
      5900,
      11.17,
      0.089541
    ],
    [
      6000,
      3.03,
      0.329834
    ],
    [
      6100,
      4.32,
      0.231532
    ],
    [
      6200,
      4.41,
      0.226527
    ],
    [
      6300,
      8.86,
      0.112855
    ],
    [
      6400,
      13.4,
      0.074615
    ],
    [
      6500,
      7.81,
      0.128076
    ],
    [
      6600,
      3.23,
      0.309191
    ],
    [
      6700,
      7.18,
      0.139194
    ],
    [
      6800,
      4.0,
      0.249839
    ],
    [
      6900,
      7.16,
      0.139745
    ],
    [
      7000,
      6.71,
      0.148958
    ],
    [
      7100,
      6.33,
      0.158011
    ],
    [
      7200,
      2.92,
      0.342692
    ],
    [
      7300,
      3.01,
      0.33266
    ],
    [
      7400,
      2.72,
      0.368127
    ],
    [
      7500,
      3.62,
      0.276455
    ],
    [
      7600,
      5.9,
      0.169357
    ],
    [
      7700,
      5.05,
      0.198047
    ],
    [
      7800,
      2.68,
      0.372779
    ],
    [
      7900,
      3.04,
      0.328943
    ],
    [
      8000,
      3.02,
      0.331063
    ],
    [
      8100,
      6.44,
      0.155386
    ],
    [
      8200,
      4.56,
      0.219447
    ],
    [
      8300,
      5.79,
      0.172752
    ],
    [
      8400,
      3.91,
      0.25608
    ],
    [
      8500,
      3.36,
      0.297238
    ],
    [
      8600,
      7.69,
      0.129969
    ],
    [
      8700,
      5.78,
      0.173046
    ],
    [
      8800,
      7.06,
      0.141676
    ],
    [
      8900,
      7.06,
      0.141617
    ],
    [
      9000,
      2.16,
      0.463793
    ],
    [
      9100,
      1.97,
      0.506973
    ],
    [
      9200,
      2.68,
      0.372557
    ],
    [
      9300,
      1.9,
      0.527628
    ],
    [
      9400,
      2.39,
      0.418848
    ],
    [
      9500,
      10.83,
      0.092322
    ],
    [
      9600,
      7.15,
      0.139885
    ],
    [
      9700,
      3.27,
      0.305575
    ],
    [
      9800,
      2.09,
      0.479409
    ],
    [
      9900,
      25.38,
      0.039405
    ]
  ],
  "steps_taken": 10000,
  "elapsed_seconds": 2.68,
  "max_level": 0,
  "L1_solved": false,
  "L2_solved": false,
  "l1_step": null,
  "l2_step": null,
  "level_first_step": {},
  "arc_score": 0.0,
  "arc_per_level": {},
  "solver_level_steps": {
    "1": 18,
    "2": 28,
    "3": 47,
    "4": 64,
    "5": 93,
    "6": 121,
    "7": 135,
    "8": 156,
    "9": 185
  },
  "repr_log_enc_n": 100,
  "repr_log_enc_levels": 1,
  "I3_rho": -0.6429,
  "I3_rho_pass": false,
  "I3_cv": 0.151822,
  "I3_counts_at_200": [
    22.0,
    27.0,
    26.0,
    26.0,
    34.0,
    30.0,
    35.0
  ],
  "I1_enc_within": null,
  "I1_enc_between": null,
  "I1_enc_p_value": 1.0,
  "I1_enc_pass": false,
  "I1_act_within": null,
  "I1_act_between": null,
  "I1_act_p_value": 1.0,
  "I1_act_pass": false,
  "I4_entropy_100": 1.9191,
  "I4_entropy_5000": 1.9454,
  "I4_reduction_pct": -1.37,
  "I4_pass": false,
  "I5_level_actions": null,
  "I5_pass": null,
  "R3_jacobian_diff": 0.0501,
  "R3_n_obs_used": 100,
  "R3_pass": true,
  "SAL_rho": 0.0,
  "SAL_pass": false,
  "SAL_n_actions_visited": 7,
  "pe_snapshots": {
    "100": {
      "mean": 0.146018,
      "max": 0.186358,
      "top7": [
        0.123627,
        0.140226,
        0.104482,
        0.148384,
        0.150689,
        0.16836,
        0.186358
      ]
    },
    "1000": {
      "mean": 0.271535,
      "max": 0.286509,
      "top7": [
        0.281671,
        0.277657,
        0.264792,
        0.286509,
        0.265284,
        0.263312,
        0.261521
      ]
    },
    "5000": {
      "mean": 0.22385,
      "max": 0.254915,
      "top7": [
        0.220534,
        0.240692,
        0.230127,
        0.254915,
        0.20824,
        0.207544,
        0.204896
      ]
    }
  }
}