{
  "game": "tu93",
  "condition": "softmax",
  "draw": 1,
  "seed": 100,
  "use_softmax": true,
  "mean_temperature": 10012.1823,
  "T_trajectory": [
    [
      0,
      100000000.0,
      0.0
    ],
    [
      100,
      31.53,
      0.031719
    ],
    [
      200,
      54.33,
      0.018407
    ],
    [
      300,
      27.88,
      0.035866
    ],
    [
      400,
      20.29,
      0.049275
    ],
    [
      500,
      30.38,
      0.032921
    ],
    [
      600,
      20.25,
      0.049373
    ],
    [
      700,
      18.6,
      0.053759
    ],
    [
      800,
      18.47,
      0.054134
    ],
    [
      900,
      16.19,
      0.06178
    ],
    [
      1000,
      24.16,
      0.041384
    ],
    [
      1100,
      41.11,
      0.024324
    ],
    [
      1200,
      25.79,
      0.038776
    ],
    [
      1300,
      23.99,
      0.041687
    ],
    [
      1400,
      13.46,
      0.074309
    ],
    [
      1500,
      27.63,
      0.036188
    ],
    [
      1600,
      24.83,
      0.040269
    ],
    [
      1700,
      15.33,
      0.065211
    ],
    [
      1800,
      18.54,
      0.053925
    ],
    [
      1900,
      20.2,
      0.049508
    ],
    [
      2000,
      73.32,
      0.01364
    ],
    [
      2100,
      17.33,
      0.057714
    ],
    [
      2200,
      12.32,
      0.08114
    ],
    [
      2300,
      15.21,
      0.065746
    ],
    [
      2400,
      10.9,
      0.091784
    ],
    [
      2500,
      16.99,
      0.058869
    ],
    [
      2600,
      14.0,
      0.071422
    ],
    [
      2700,
      8.62,
      0.115995
    ],
    [
      2800,
      14.75,
      0.067792
    ],
    [
      2900,
      12.61,
      0.079276
    ],
    [
      3000,
      13.62,
      0.073403
    ],
    [
      3100,
      10.21,
      0.097942
    ],
    [
      3200,
      12.37,
      0.080831
    ],
    [
      3300,
      8.35,
      0.119719
    ],
    [
      3400,
      12.43,
      0.080426
    ],
    [
      3500,
      11.05,
      0.090522
    ],
    [
      3600,
      6.57,
      0.152294
    ],
    [
      3700,
      8.86,
      0.112815
    ],
    [
      3800,
      9.68,
      0.103252
    ],
    [
      3900,
      20.73,
      0.048236
    ],
    [
      4000,
      10.95,
      0.091347
    ],
    [
      4100,
      6.34,
      0.157608
    ],
    [
      4200,
      9.35,
      0.106978
    ],
    [
      4300,
      8.59,
      0.11643
    ],
    [
      4400,
      8.69,
      0.115121
    ],
    [
      4500,
      6.47,
      0.154539
    ],
    [
      4600,
      7.74,
      0.129223
    ],
    [
      4700,
      8.78,
      0.113921
    ],
    [
      4800,
      4.54,
      0.220311
    ],
    [
      4900,
      8.53,
      0.117242
    ],
    [
      5000,
      6.33,
      0.15803
    ],
    [
      5100,
      6.07,
      0.164818
    ],
    [
      5200,
      4.91,
      0.203711
    ],
    [
      5300,
      10.07,
      0.099329
    ],
    [
      5400,
      13.93,
      0.071773
    ],
    [
      5500,
      12.94,
      0.077258
    ],
    [
      5600,
      5.77,
      0.17341
    ],
    [
      5700,
      5.92,
      0.168879
    ],
    [
      5800,
      13.48,
      0.074156
    ],
    [
      5900,
      4.19,
      0.238681
    ],
    [
      6000,
      5.59,
      0.178886
    ],
    [
      6100,
      4.35,
      0.229656
    ],
    [
      6200,
      5.19,
      0.192595
    ],
    [
      6300,
      10.15,
      0.098546
    ],
    [
      6400,
      6.47,
      0.154554
    ],
    [
      6500,
      7.43,
      0.134501
    ],
    [
      6600,
      11.05,
      0.090492
    ],
    [
      6700,
      4.84,
      0.206792
    ],
    [
      6800,
      6.44,
      0.15525
    ],
    [
      6900,
      3.59,
      0.278875
    ],
    [
      7000,
      2.7,
      0.369869
    ],
    [
      7100,
      6.02,
      0.166108
    ],
    [
      7200,
      4.81,
      0.208097
    ],
    [
      7300,
      14.17,
      0.070576
    ],
    [
      7400,
      3.94,
      0.253815
    ],
    [
      7500,
      3.99,
      0.250459
    ],
    [
      7600,
      4.31,
      0.232191
    ],
    [
      7700,
      13.44,
      0.074413
    ],
    [
      7800,
      3.98,
      0.251484
    ],
    [
      7900,
      3.59,
      0.278824
    ],
    [
      8000,
      3.09,
      0.32344
    ],
    [
      8100,
      6.14,
      0.162923
    ],
    [
      8200,
      7.58,
      0.131887
    ],
    [
      8300,
      4.05,
      0.247069
    ],
    [
      8400,
      4.04,
      0.247643
    ],
    [
      8500,
      21.58,
      0.046338
    ],
    [
      8600,
      5.67,
      0.176495
    ],
    [
      8700,
      2.27,
      0.440867
    ],
    [
      8800,
      3.61,
      0.277201
    ],
    [
      8900,
      6.42,
      0.155871
    ],
    [
      9000,
      3.65,
      0.273942
    ],
    [
      9100,
      3.43,
      0.291661
    ],
    [
      9200,
      3.45,
      0.290223
    ],
    [
      9300,
      3.33,
      0.300202
    ],
    [
      9400,
      3.13,
      0.319267
    ],
    [
      9500,
      3.26,
      0.306857
    ],
    [
      9600,
      3.75,
      0.266566
    ],
    [
      9700,
      3.24,
      0.308413
    ],
    [
      9800,
      3.07,
      0.325519
    ],
    [
      9900,
      2.51,
      0.397824
    ]
  ],
  "steps_taken": 10000,
  "elapsed_seconds": 2.79,
  "max_level": 0,
  "L1_solved": false,
  "L2_solved": false,
  "l1_step": null,
  "l2_step": null,
  "level_first_step": {},
  "arc_score": 0.0,
  "arc_per_level": {},
  "solver_level_steps": {
    "1": 18,
    "2": 28,
    "3": 47,
    "4": 64,
    "5": 93,
    "6": 121,
    "7": 135,
    "8": 156,
    "9": 185
  },
  "repr_log_enc_n": 100,
  "repr_log_enc_levels": 1,
  "I3_rho": 0.3929,
  "I3_rho_pass": false,
  "I3_cv": 0.136015,
  "I3_counts_at_200": [
    25.0,
    34.0,
    32.0,
    25.0,
    30.0,
    23.0,
    31.0
  ],
  "I1_enc_within": null,
  "I1_enc_between": null,
  "I1_enc_p_value": 1.0,
  "I1_enc_pass": false,
  "I1_act_within": null,
  "I1_act_between": null,
  "I1_act_p_value": 1.0,
  "I1_act_pass": false,
  "I4_entropy_100": 1.9241,
  "I4_entropy_5000": 1.9454,
  "I4_reduction_pct": -1.11,
  "I4_pass": false,
  "I5_level_actions": null,
  "I5_pass": null,
  "R3_jacobian_diff": 0.0443,
  "R3_n_obs_used": 100,
  "R3_pass": false,
  "SAL_rho": 0.2143,
  "SAL_pass": true,
  "SAL_n_actions_visited": 7,
  "pe_snapshots": {
    "100": {
      "mean": 0.148349,
      "max": 0.185132,
      "top7": [
        0.15617,
        0.185132,
        0.157202,
        0.11098,
        0.154748,
        0.126756,
        0.147452
      ]
    },
    "1000": {
      "mean": 0.268256,
      "max": 0.280004,
      "top7": [
        0.266691,
        0.280004,
        0.260211,
        0.276489,
        0.257961,
        0.271016,
        0.265419
      ]
    },
    "5000": {
      "mean": 0.225883,
      "max": 0.263687,
      "top7": [
        0.224206,
        0.263687,
        0.234004,
        0.254131,
        0.208531,
        0.196183,
        0.200439
      ]
    }
  }
}