{
  "game": "tu93",
  "condition": "softmax",
  "draw": 4,
  "seed": 400,
  "use_softmax": true,
  "mean_temperature": 20015.3317,
  "T_trajectory": [
    [
      0,
      100000000.0,
      0.0
    ],
    [
      100,
      26.87,
      0.03722
    ],
    [
      200,
      48.32,
      0.020693
    ],
    [
      300,
      50.84,
      0.01967
    ],
    [
      400,
      34.12,
      0.029307
    ],
    [
      500,
      33.04,
      0.030263
    ],
    [
      600,
      70.48,
      0.014189
    ],
    [
      700,
      35.92,
      0.027841
    ],
    [
      800,
      19.49,
      0.051298
    ],
    [
      900,
      30.28,
      0.033027
    ],
    [
      1000,
      55.36,
      0.018064
    ],
    [
      1100,
      18.45,
      0.054207
    ],
    [
      1200,
      31.0,
      0.032253
    ],
    [
      1300,
      33.79,
      0.029598
    ],
    [
      1400,
      29.67,
      0.033701
    ],
    [
      1500,
      10.67,
      0.093729
    ],
    [
      1600,
      30.29,
      0.033018
    ],
    [
      1700,
      39.36,
      0.025407
    ],
    [
      1800,
      29.69,
      0.033686
    ],
    [
      1900,
      20.68,
      0.048357
    ],
    [
      2000,
      9.95,
      0.100537
    ],
    [
      2100,
      16.56,
      0.060389
    ],
    [
      2200,
      19.38,
      0.051601
    ],
    [
      2300,
      9.93,
      0.100703
    ],
    [
      2400,
      15.37,
      0.065045
    ],
    [
      2500,
      19.81,
      0.050469
    ],
    [
      2600,
      10.88,
      0.091906
    ],
    [
      2700,
      7.75,
      0.129057
    ],
    [
      2800,
      10.65,
      0.093893
    ],
    [
      2900,
      8.15,
      0.12274
    ],
    [
      3000,
      12.85,
      0.077794
    ],
    [
      3100,
      14.38,
      0.069563
    ],
    [
      3200,
      13.76,
      0.072657
    ],
    [
      3300,
      10.43,
      0.095854
    ],
    [
      3400,
      11.26,
      0.088817
    ],
    [
      3500,
      7.28,
      0.137382
    ],
    [
      3600,
      6.26,
      0.159778
    ],
    [
      3700,
      10.58,
      0.094543
    ],
    [
      3800,
      8.88,
      0.112653
    ],
    [
      3900,
      13.19,
      0.075817
    ],
    [
      4000,
      11.11,
      0.090007
    ],
    [
      4100,
      8.52,
      0.117314
    ],
    [
      4200,
      6.2,
      0.161369
    ],
    [
      4300,
      9.99,
      0.100144
    ],
    [
      4400,
      9.26,
      0.10796
    ],
    [
      4500,
      6.96,
      0.143592
    ],
    [
      4600,
      7.35,
      0.136011
    ],
    [
      4700,
      7.69,
      0.1301
    ],
    [
      4800,
      8.23,
      0.121574
    ],
    [
      4900,
      7.83,
      0.127767
    ],
    [
      5000,
      17.61,
      0.056772
    ],
    [
      5100,
      7.16,
      0.139696
    ],
    [
      5200,
      5.33,
      0.18766
    ],
    [
      5300,
      21.93,
      0.045602
    ],
    [
      5400,
      7.19,
      0.13916
    ],
    [
      5500,
      3.82,
      0.261515
    ],
    [
      5600,
      11.26,
      0.088816
    ],
    [
      5700,
      18.31,
      0.054627
    ],
    [
      5800,
      8.4,
      0.118994
    ],
    [
      5900,
      6.77,
      0.147677
    ],
    [
      6000,
      8.51,
      0.117574
    ],
    [
      6100,
      7.19,
      0.1391
    ],
    [
      6200,
      3.7,
      0.270204
    ],
    [
      6300,
      4.04,
      0.24777
    ],
    [
      6400,
      6.01,
      0.166254
    ],
    [
      6500,
      6.63,
      0.150917
    ],
    [
      6600,
      11.08,
      0.09022
    ],
    [
      6700,
      29.25,
      0.034192
    ],
    [
      6800,
      5.92,
      0.169011
    ],
    [
      6900,
      14.66,
      0.068199
    ],
    [
      7000,
      3.65,
      0.273789
    ],
    [
      7100,
      9.3,
      0.107489
    ],
    [
      7200,
      3.61,
      0.277071
    ],
    [
      7300,
      8.23,
      0.121516
    ],
    [
      7400,
      13.05,
      0.076645
    ],
    [
      7500,
      5.0,
      0.200031
    ],
    [
      7600,
      4.9,
      0.204248
    ],
    [
      7700,
      21.32,
      0.046898
    ],
    [
      7800,
      4.92,
      0.203184
    ],
    [
      7900,
      5.23,
      0.191299
    ],
    [
      8000,
      17.78,
      0.056254
    ],
    [
      8100,
      3.45,
      0.290021
    ],
    [
      8200,
      7.56,
      0.132247
    ],
    [
      8300,
      2.6,
      0.383969
    ],
    [
      8400,
      8.37,
      0.119425
    ],
    [
      8500,
      2.63,
      0.380939
    ],
    [
      8600,
      14.06,
      0.071136
    ],
    [
      8700,
      5.97,
      0.167457
    ],
    [
      8800,
      3.43,
      0.291563
    ],
    [
      8900,
      5.68,
      0.175973
    ],
    [
      9000,
      2.17,
      0.461515
    ],
    [
      9100,
      4.66,
      0.214519
    ],
    [
      9200,
      2.76,
      0.362814
    ],
    [
      9300,
      3.96,
      0.252633
    ],
    [
      9400,
      5.1,
      0.19592
    ],
    [
      9500,
      4.05,
      0.246878
    ],
    [
      9600,
      6.03,
      0.165767
    ],
    [
      9700,
      4.28,
      0.233892
    ],
    [
      9800,
      12.01,
      0.083247
    ],
    [
      9900,
      6.04,
      0.16547
    ]
  ],
  "steps_taken": 10000,
  "elapsed_seconds": 2.84,
  "max_level": 0,
  "L1_solved": false,
  "L2_solved": false,
  "l1_step": null,
  "l2_step": null,
  "level_first_step": {},
  "arc_score": 0.0,
  "arc_per_level": {},
  "solver_level_steps": {
    "1": 18,
    "2": 28,
    "3": 47,
    "4": 64,
    "5": 93,
    "6": 121,
    "7": 135,
    "8": 156,
    "9": 185
  },
  "repr_log_enc_n": 100,
  "repr_log_enc_levels": 1,
  "I3_rho": 0.4286,
  "I3_rho_pass": false,
  "I3_cv": 0.1253,
  "I3_counts_at_200": [
    29.0,
    30.0,
    28.0,
    29.0,
    35.0,
    27.0,
    22.0
  ],
  "I1_enc_within": null,
  "I1_enc_between": null,
  "I1_enc_p_value": 1.0,
  "I1_enc_pass": false,
  "I1_act_within": null,
  "I1_act_between": null,
  "I1_act_p_value": 1.0,
  "I1_act_pass": false,
  "I4_entropy_100": 1.9418,
  "I4_entropy_5000": 1.9453,
  "I4_reduction_pct": -0.18,
  "I4_pass": false,
  "I5_level_actions": null,
  "I5_pass": null,
  "R3_jacobian_diff": 0.0409,
  "R3_n_obs_used": 100,
  "R3_pass": false,
  "SAL_rho": 0.5714,
  "SAL_pass": true,
  "SAL_n_actions_visited": 7,
  "pe_snapshots": {
    "100": {
      "mean": 0.138959,
      "max": 0.179684,
      "top7": [
        0.147837,
        0.110454,
        0.106113,
        0.179684,
        0.14888,
        0.145405,
        0.134344
      ]
    },
    "1000": {
      "mean": 0.275445,
      "max": 0.282292,
      "top7": [
        0.277214,
        0.281775,
        0.269711,
        0.282292,
        0.271317,
        0.276307,
        0.269501
      ]
    },
    "5000": {
      "mean": 0.22546,
      "max": 0.243082,
      "top7": [
        0.238384,
        0.238205,
        0.223983,
        0.243082,
        0.225379,
        0.208292,
        0.200892
      ]
    }
  }
}