{
  "game": "tu93",
  "condition": "softmax",
  "draw": 3,
  "seed": 300,
  "use_softmax": true,
  "mean_temperature": 10013.4623,
  "T_trajectory": [
    [
      0,
      100000000.0,
      0.0
    ],
    [
      100,
      31.33,
      0.031923
    ],
    [
      200,
      81.5,
      0.012269
    ],
    [
      300,
      26.27,
      0.03806
    ],
    [
      400,
      33.68,
      0.029694
    ],
    [
      500,
      60.34,
      0.016573
    ],
    [
      600,
      25.67,
      0.038962
    ],
    [
      700,
      25.63,
      0.039012
    ],
    [
      800,
      13.31,
      0.075156
    ],
    [
      900,
      11.74,
      0.085168
    ],
    [
      1000,
      19.19,
      0.052117
    ],
    [
      1100,
      31.33,
      0.03192
    ],
    [
      1200,
      18.89,
      0.052929
    ],
    [
      1300,
      12.72,
      0.078599
    ],
    [
      1400,
      11.5,
      0.086934
    ],
    [
      1500,
      15.94,
      0.062736
    ],
    [
      1600,
      32.39,
      0.03087
    ],
    [
      1700,
      29.29,
      0.034137
    ],
    [
      1800,
      18.82,
      0.053146
    ],
    [
      1900,
      16.77,
      0.059629
    ],
    [
      2000,
      10.5,
      0.09524
    ],
    [
      2100,
      22.46,
      0.044523
    ],
    [
      2200,
      31.43,
      0.031813
    ],
    [
      2300,
      8.09,
      0.123589
    ],
    [
      2400,
      42.98,
      0.023268
    ],
    [
      2500,
      5.65,
      0.177003
    ],
    [
      2600,
      43.96,
      0.022747
    ],
    [
      2700,
      34.21,
      0.029227
    ],
    [
      2800,
      10.66,
      0.093846
    ],
    [
      2900,
      21.73,
      0.046029
    ],
    [
      3000,
      13.57,
      0.073716
    ],
    [
      3100,
      48.65,
      0.020557
    ],
    [
      3200,
      10.68,
      0.093646
    ],
    [
      3300,
      13.19,
      0.075824
    ],
    [
      3400,
      14.85,
      0.067341
    ],
    [
      3500,
      4.26,
      0.234686
    ],
    [
      3600,
      25.65,
      0.038983
    ],
    [
      3700,
      23.87,
      0.041893
    ],
    [
      3800,
      16.52,
      0.060548
    ],
    [
      3900,
      10.07,
      0.099281
    ],
    [
      4000,
      7.07,
      0.141535
    ],
    [
      4100,
      5.3,
      0.188785
    ],
    [
      4200,
      10.92,
      0.091583
    ],
    [
      4300,
      12.91,
      0.077464
    ],
    [
      4400,
      11.24,
      0.088983
    ],
    [
      4500,
      5.0,
      0.199985
    ],
    [
      4600,
      13.1,
      0.076313
    ],
    [
      4700,
      3.8,
      0.262952
    ],
    [
      4800,
      20.96,
      0.0477
    ],
    [
      4900,
      49.55,
      0.020182
    ],
    [
      5000,
      24.37,
      0.041038
    ],
    [
      5100,
      11.92,
      0.0839
    ],
    [
      5200,
      4.8,
      0.208407
    ],
    [
      5300,
      4.26,
      0.234705
    ],
    [
      5400,
      3.85,
      0.259535
    ],
    [
      5500,
      6.19,
      0.161615
    ],
    [
      5600,
      9.75,
      0.102611
    ],
    [
      5700,
      20.66,
      0.048397
    ],
    [
      5800,
      19.35,
      0.051691
    ],
    [
      5900,
      5.4,
      0.185224
    ],
    [
      6000,
      7.83,
      0.127726
    ],
    [
      6100,
      4.09,
      0.244664
    ],
    [
      6200,
      6.57,
      0.152168
    ],
    [
      6300,
      6.74,
      0.148376
    ],
    [
      6400,
      3.58,
      0.279449
    ],
    [
      6500,
      3.19,
      0.313753
    ],
    [
      6600,
      5.57,
      0.179645
    ],
    [
      6700,
      10.88,
      0.091902
    ],
    [
      6800,
      3.56,
      0.280713
    ],
    [
      6900,
      11.79,
      0.084785
    ],
    [
      7000,
      4.4,
      0.227188
    ],
    [
      7100,
      6.33,
      0.157869
    ],
    [
      7200,
      17.2,
      0.058146
    ],
    [
      7300,
      8.99,
      0.111215
    ],
    [
      7400,
      7.39,
      0.135362
    ],
    [
      7500,
      3.15,
      0.317751
    ],
    [
      7600,
      3.49,
      0.286292
    ],
    [
      7700,
      7.31,
      0.136774
    ],
    [
      7800,
      2.87,
      0.348901
    ],
    [
      7900,
      3.85,
      0.25973
    ],
    [
      8000,
      8.64,
      0.115699
    ],
    [
      8100,
      1.77,
      0.565126
    ],
    [
      8200,
      9.0,
      0.111171
    ],
    [
      8300,
      2.69,
      0.371442
    ],
    [
      8400,
      2.86,
      0.349581
    ],
    [
      8500,
      3.15,
      0.317324
    ],
    [
      8600,
      3.66,
      0.273391
    ],
    [
      8700,
      1.59,
      0.63016
    ],
    [
      8800,
      3.98,
      0.251456
    ],
    [
      8900,
      3.79,
      0.263551
    ],
    [
      9000,
      7.26,
      0.137733
    ],
    [
      9100,
      9.74,
      0.102642
    ],
    [
      9200,
      19.64,
      0.050911
    ],
    [
      9300,
      3.05,
      0.327704
    ],
    [
      9400,
      4.9,
      0.203948
    ],
    [
      9500,
      6.72,
      0.148871
    ],
    [
      9600,
      22.63,
      0.044186
    ],
    [
      9700,
      6.93,
      0.14436
    ],
    [
      9800,
      2.22,
      0.449728
    ],
    [
      9900,
      3.48,
      0.287439
    ]
  ],
  "steps_taken": 10000,
  "elapsed_seconds": 2.92,
  "max_level": 0,
  "L1_solved": false,
  "L2_solved": false,
  "l1_step": null,
  "l2_step": null,
  "level_first_step": {},
  "arc_score": 0.0,
  "arc_per_level": {},
  "solver_level_steps": {
    "1": 18,
    "2": 28,
    "3": 47,
    "4": 64,
    "5": 93,
    "6": 121,
    "7": 135,
    "8": 156,
    "9": 185
  },
  "repr_log_enc_n": 100,
  "repr_log_enc_levels": 1,
  "I3_rho": -0.1071,
  "I3_rho_pass": false,
  "I3_cv": 0.098742,
  "I3_counts_at_200": [
    26.0,
    29.0,
    30.0,
    30.0,
    30.0,
    32.0,
    23.0
  ],
  "I1_enc_within": null,
  "I1_enc_between": null,
  "I1_enc_p_value": 1.0,
  "I1_enc_pass": false,
  "I1_act_within": null,
  "I1_act_between": null,
  "I1_act_p_value": 1.0,
  "I1_act_pass": false,
  "I4_entropy_100": 1.9165,
  "I4_entropy_5000": 1.9455,
  "I4_reduction_pct": -1.51,
  "I4_pass": false,
  "I5_level_actions": null,
  "I5_pass": null,
  "R3_jacobian_diff": 0.0445,
  "R3_n_obs_used": 100,
  "R3_pass": false,
  "SAL_rho": -0.0357,
  "SAL_pass": false,
  "SAL_n_actions_visited": 7,
  "pe_snapshots": {
    "100": {
      "mean": 0.146838,
      "max": 0.179498,
      "top7": [
        0.114305,
        0.155722,
        0.142012,
        0.174191,
        0.150637,
        0.179498,
        0.111501
      ]
    },
    "1000": {
      "mean": 0.269117,
      "max": 0.287611,
      "top7": [
        0.256202,
        0.280417,
        0.262094,
        0.287611,
        0.260802,
        0.268219,
        0.268473
      ]
    },
    "5000": {
      "mean": 0.229928,
      "max": 0.272826,
      "top7": [
        0.239877,
        0.272826,
        0.232844,
        0.241186,
        0.207032,
        0.206922,
        0.208808
      ]
    }
  }
}