{
  "game": "tu93",
  "condition": "softmax",
  "draw": 2,
  "seed": 200,
  "use_softmax": true,
  "mean_temperature": 20014.9633,
  "T_trajectory": [
    [
      0,
      100000000.0,
      0.0
    ],
    [
      100,
      22.99,
      0.043488
    ],
    [
      200,
      37.09,
      0.026962
    ],
    [
      300,
      29.07,
      0.034402
    ],
    [
      400,
      30.87,
      0.032398
    ],
    [
      500,
      44.29,
      0.022578
    ],
    [
      600,
      39.73,
      0.025169
    ],
    [
      700,
      22.9,
      0.043666
    ],
    [
      800,
      41.6,
      0.024037
    ],
    [
      900,
      36.47,
      0.027422
    ],
    [
      1000,
      25.62,
      0.039027
    ],
    [
      1100,
      17.55,
      0.056974
    ],
    [
      1200,
      22.03,
      0.045397
    ],
    [
      1300,
      44.12,
      0.022664
    ],
    [
      1400,
      40.38,
      0.024762
    ],
    [
      1500,
      25.87,
      0.038653
    ],
    [
      1600,
      21.75,
      0.045968
    ],
    [
      1700,
      15.72,
      0.063616
    ],
    [
      1800,
      16.17,
      0.061834
    ],
    [
      1900,
      17.64,
      0.056686
    ],
    [
      2000,
      15.93,
      0.06278
    ],
    [
      2100,
      11.2,
      0.089308
    ],
    [
      2200,
      29.42,
      0.033989
    ],
    [
      2300,
      14.07,
      0.071094
    ],
    [
      2400,
      13.4,
      0.074652
    ],
    [
      2500,
      14.02,
      0.071344
    ],
    [
      2600,
      8.48,
      0.117954
    ],
    [
      2700,
      16.67,
      0.059979
    ],
    [
      2800,
      19.32,
      0.05177
    ],
    [
      2900,
      9.38,
      0.106654
    ],
    [
      3000,
      25.86,
      0.038676
    ],
    [
      3100,
      11.45,
      0.087326
    ],
    [
      3200,
      24.34,
      0.041084
    ],
    [
      3300,
      18.57,
      0.053842
    ],
    [
      3400,
      14.06,
      0.071119
    ],
    [
      3500,
      21.1,
      0.047401
    ],
    [
      3600,
      9.31,
      0.107396
    ],
    [
      3700,
      15.47,
      0.064653
    ],
    [
      3800,
      10.26,
      0.097439
    ],
    [
      3900,
      11.47,
      0.087189
    ],
    [
      4000,
      6.41,
      0.155995
    ],
    [
      4100,
      9.38,
      0.106562
    ],
    [
      4200,
      8.07,
      0.123857
    ],
    [
      4300,
      13.44,
      0.074421
    ],
    [
      4400,
      8.8,
      0.113595
    ],
    [
      4500,
      6.6,
      0.151408
    ],
    [
      4600,
      11.81,
      0.084708
    ],
    [
      4700,
      10.07,
      0.099333
    ],
    [
      4800,
      8.45,
      0.118341
    ],
    [
      4900,
      7.41,
      0.134911
    ],
    [
      5000,
      10.27,
      0.097365
    ],
    [
      5100,
      14.8,
      0.067569
    ],
    [
      5200,
      4.41,
      0.226922
    ],
    [
      5300,
      7.46,
      0.134124
    ],
    [
      5400,
      5.89,
      0.169736
    ],
    [
      5500,
      5.62,
      0.177862
    ],
    [
      5600,
      6.48,
      0.154404
    ],
    [
      5700,
      6.62,
      0.151095
    ],
    [
      5800,
      3.76,
      0.266295
    ],
    [
      5900,
      5.98,
      0.167345
    ],
    [
      6000,
      11.93,
      0.083849
    ],
    [
      6100,
      20.74,
      0.048212
    ],
    [
      6200,
      18.96,
      0.05273
    ],
    [
      6300,
      13.14,
      0.076086
    ],
    [
      6400,
      5.88,
      0.17013
    ],
    [
      6500,
      5.57,
      0.179401
    ],
    [
      6600,
      6.17,
      0.162137
    ],
    [
      6700,
      5.87,
      0.170313
    ],
    [
      6800,
      10.33,
      0.096778
    ],
    [
      6900,
      10.67,
      0.093729
    ],
    [
      7000,
      12.46,
      0.08023
    ],
    [
      7100,
      5.93,
      0.168581
    ],
    [
      7200,
      4.08,
      0.245144
    ],
    [
      7300,
      4.18,
      0.239428
    ],
    [
      7400,
      4.57,
      0.218951
    ],
    [
      7500,
      3.4,
      0.293805
    ],
    [
      7600,
      9.11,
      0.109812
    ],
    [
      7700,
      3.15,
      0.317402
    ],
    [
      7800,
      3.46,
      0.288952
    ],
    [
      7900,
      3.86,
      0.259058
    ],
    [
      8000,
      3.92,
      0.254835
    ],
    [
      8100,
      3.52,
      0.284152
    ],
    [
      8200,
      9.5,
      0.105264
    ],
    [
      8300,
      6.33,
      0.157898
    ],
    [
      8400,
      3.89,
      0.257136
    ],
    [
      8500,
      4.0,
      0.249816
    ],
    [
      8600,
      3.48,
      0.287731
    ],
    [
      8700,
      13.43,
      0.074468
    ],
    [
      8800,
      4.17,
      0.239872
    ],
    [
      8900,
      6.45,
      0.155138
    ],
    [
      9000,
      5.23,
      0.191357
    ],
    [
      9100,
      5.62,
      0.177778
    ],
    [
      9200,
      2.92,
      0.342516
    ],
    [
      9300,
      3.13,
      0.31997
    ],
    [
      9400,
      3.28,
      0.305034
    ],
    [
      9500,
      3.67,
      0.272308
    ],
    [
      9600,
      7.57,
      0.132148
    ],
    [
      9700,
      12.64,
      0.079113
    ],
    [
      9800,
      5.03,
      0.198824
    ],
    [
      9900,
      3.03,
      0.330319
    ]
  ],
  "steps_taken": 10000,
  "elapsed_seconds": 2.85,
  "max_level": 0,
  "L1_solved": false,
  "L2_solved": false,
  "l1_step": null,
  "l2_step": null,
  "level_first_step": {},
  "arc_score": 0.0,
  "arc_per_level": {},
  "solver_level_steps": {
    "1": 18,
    "2": 28,
    "3": 47,
    "4": 64,
    "5": 93,
    "6": 121,
    "7": 135,
    "8": 156,
    "9": 185
  },
  "repr_log_enc_n": 100,
  "repr_log_enc_levels": 1,
  "I3_rho": 0.0357,
  "I3_rho_pass": false,
  "I3_cv": 0.206519,
  "I3_counts_at_200": [
    31.0,
    24.0,
    25.0,
    31.0,
    23.0,
    25.0,
    41.0
  ],
  "I1_enc_within": null,
  "I1_enc_between": null,
  "I1_enc_p_value": 1.0,
  "I1_enc_pass": false,
  "I1_act_within": null,
  "I1_act_between": null,
  "I1_act_p_value": 1.0,
  "I1_act_pass": false,
  "I4_entropy_100": 1.9229,
  "I4_entropy_5000": 1.9456,
  "I4_reduction_pct": -1.18,
  "I4_pass": false,
  "I5_level_actions": null,
  "I5_pass": null,
  "R3_jacobian_diff": 0.0442,
  "R3_n_obs_used": 100,
  "R3_pass": false,
  "SAL_rho": 0.0357,
  "SAL_pass": false,
  "SAL_n_actions_visited": 7,
  "pe_snapshots": {
    "100": {
      "mean": 0.14172,
      "max": 0.194669,
      "top7": [
        0.121833,
        0.132542,
        0.132517,
        0.172181,
        0.110188,
        0.128114,
        0.194669
      ]
    },
    "1000": {
      "mean": 0.275271,
      "max": 0.297686,
      "top7": [
        0.274978,
        0.285921,
        0.260851,
        0.297686,
        0.26903,
        0.269438,
        0.268996
      ]
    },
    "5000": {
      "mean": 0.215074,
      "max": 0.247995,
      "top7": [
        0.214756,
        0.232209,
        0.227532,
        0.247995,
        0.188246,
        0.196226,
        0.198557
      ]
    }
  }
}