{
  "game": "vc33",
  "condition": "softmax",
  "draw": 4,
  "seed": 400,
  "use_softmax": true,
  "mean_temperature": 10064.2293,
  "T_trajectory": [
    [
      0,
      100000000.0,
      0.0
    ],
    [
      100,
      13.15,
      0.076069
    ],
    [
      200,
      14.33,
      0.069797
    ],
    [
      300,
      10.03,
      0.099652
    ],
    [
      400,
      10.95,
      0.091335
    ],
    [
      500,
      48.5,
      0.020617
    ],
    [
      600,
      49.89,
      0.020043
    ],
    [
      700,
      50.58,
      0.019769
    ],
    [
      800,
      13.37,
      0.074788
    ],
    [
      900,
      58.37,
      0.017132
    ],
    [
      1000,
      62.69,
      0.015953
    ],
    [
      1100,
      13.32,
      0.075101
    ],
    [
      1200,
      62.33,
      0.016043
    ],
    [
      1300,
      65.58,
      0.015248
    ],
    [
      1400,
      13.32,
      0.075064
    ],
    [
      1500,
      66.77,
      0.014976
    ],
    [
      1600,
      69.9,
      0.014307
    ],
    [
      1700,
      72.84,
      0.013729
    ],
    [
      1800,
      74.26,
      0.013467
    ],
    [
      1900,
      76.87,
      0.013009
    ],
    [
      2000,
      84.34,
      0.011857
    ],
    [
      2100,
      86.34,
      0.011581
    ],
    [
      2200,
      12.06,
      0.082897
    ],
    [
      2300,
      78.81,
      0.012689
    ],
    [
      2400,
      80.54,
      0.012417
    ],
    [
      2500,
      12.14,
      0.082359
    ],
    [
      2600,
      78.08,
      0.012808
    ],
    [
      2700,
      78.16,
      0.012795
    ],
    [
      2800,
      12.72,
      0.078641
    ],
    [
      2900,
      79.11,
      0.012641
    ],
    [
      3000,
      81.56,
      0.012261
    ],
    [
      3100,
      12.1,
      0.082622
    ],
    [
      3200,
      82.87,
      0.012068
    ],
    [
      3300,
      83.49,
      0.011977
    ],
    [
      3400,
      85.11,
      0.01175
    ],
    [
      3500,
      86.86,
      0.011513
    ],
    [
      3600,
      88.56,
      0.011292
    ],
    [
      3700,
      90.2,
      0.011086
    ],
    [
      3800,
      91.24,
      0.01096
    ],
    [
      3900,
      91.38,
      0.010943
    ],
    [
      4000,
      92.9,
      0.010764
    ],
    [
      4100,
      94.38,
      0.010596
    ],
    [
      4200,
      11.87,
      0.084264
    ],
    [
      4300,
      90.0,
      0.011111
    ],
    [
      4400,
      90.7,
      0.011025
    ],
    [
      4500,
      12.45,
      0.080337
    ],
    [
      4600,
      11.89,
      0.084088
    ],
    [
      4700,
      90.57,
      0.011041
    ],
    [
      4800,
      91.83,
      0.01089
    ],
    [
      4900,
      93.07,
      0.010745
    ],
    [
      5000,
      94.27,
      0.010607
    ],
    [
      5100,
      91.3,
      0.010953
    ],
    [
      5200,
      92.28,
      0.010837
    ],
    [
      5300,
      12.06,
      0.082902
    ],
    [
      5400,
      89.2,
      0.011211
    ],
    [
      5500,
      12.79,
      0.078162
    ],
    [
      5600,
      12.12,
      0.082508
    ],
    [
      5700,
      12.25,
      0.081651
    ],
    [
      5800,
      79.81,
      0.012529
    ],
    [
      5900,
      80.8,
      0.012376
    ],
    [
      6000,
      80.72,
      0.012388
    ],
    [
      6100,
      81.82,
      0.012223
    ],
    [
      6200,
      81.18,
      0.012318
    ],
    [
      6300,
      79.31,
      0.012609
    ],
    [
      6400,
      79.54,
      0.012573
    ],
    [
      6500,
      12.52,
      0.079854
    ],
    [
      6600,
      79.86,
      0.012522
    ],
    [
      6700,
      80.84,
      0.012371
    ],
    [
      6800,
      81.58,
      0.012258
    ],
    [
      6900,
      81.97,
      0.0122
    ],
    [
      7000,
      12.35,
      0.080945
    ],
    [
      7100,
      81.07,
      0.012335
    ],
    [
      7200,
      82.0,
      0.012195
    ],
    [
      7300,
      82.31,
      0.01215
    ],
    [
      7400,
      83.23,
      0.012015
    ],
    [
      7500,
      83.14,
      0.012027
    ],
    [
      7600,
      84.04,
      0.011899
    ],
    [
      7700,
      12.29,
      0.08139
    ],
    [
      7800,
      82.95,
      0.012055
    ],
    [
      7900,
      83.81,
      0.011932
    ],
    [
      8000,
      84.66,
      0.011812
    ],
    [
      8100,
      85.5,
      0.011696
    ],
    [
      8200,
      85.89,
      0.011642
    ],
    [
      8300,
      86.72,
      0.011531
    ],
    [
      8400,
      12.99,
      0.076955
    ],
    [
      8500,
      86.07,
      0.011618
    ],
    [
      8600,
      12.38,
      0.080745
    ],
    [
      8700,
      87.19,
      0.011469
    ],
    [
      8800,
      87.46,
      0.011434
    ],
    [
      8900,
      54.6,
      0.018315
    ],
    [
      9000,
      88.66,
      0.011279
    ],
    [
      9100,
      89.25,
      0.011205
    ],
    [
      9200,
      12.28,
      0.08145
    ],
    [
      9300,
      37.89,
      0.026393
    ],
    [
      9400,
      12.28,
      0.081438
    ],
    [
      9500,
      87.46,
      0.011433
    ],
    [
      9600,
      12.96,
      0.077154
    ],
    [
      9700,
      89.18,
      0.011213
    ],
    [
      9800,
      89.09,
      0.011224
    ],
    [
      9900,
      89.42,
      0.011183
    ]
  ],
  "steps_taken": 10000,
  "elapsed_seconds": 6.17,
  "max_level": 0,
  "L1_solved": false,
  "L2_solved": false,
  "l1_step": null,
  "l2_step": null,
  "level_first_step": {},
  "arc_score": 0.0,
  "arc_per_level": {},
  "solver_level_steps": {
    "1": 3,
    "2": 10,
    "3": 33,
    "4": 56,
    "5": 105,
    "6": 127,
    "7": 176
  },
  "repr_log_enc_n": 100,
  "repr_log_enc_levels": 1,
  "I3_rho": 0.6429,
  "I3_rho_pass": true,
  "I3_cv": 4.509501,
  "I3_counts_at_200": [
    0.0,
    0.0,
    1.0,
    0.0,
    0.0,
    0.0,
    0.0
  ],
  "I1_enc_within": null,
  "I1_enc_between": null,
  "I1_enc_p_value": 1.0,
  "I1_enc_pass": false,
  "I1_act_within": null,
  "I1_act_between": null,
  "I1_act_p_value": 1.0,
  "I1_act_pass": false,
  "I4_entropy_100": 4.5913,
  "I4_entropy_5000": 7.8436,
  "I4_reduction_pct": -70.84,
  "I4_pass": false,
  "I5_level_actions": null,
  "I5_pass": null,
  "R3_jacobian_diff": 0.0361,
  "R3_n_obs_used": 100,
  "R3_pass": false,
  "SAL_rho": -0.0357,
  "SAL_pass": false,
  "SAL_n_actions_visited": 7,
  "pe_snapshots": {
    "100": {
      "mean": 0.000274,
      "max": 0.049392,
      "top7": [
        0.0,
        0.0,
        0.042425,
        0.0,
        0.0,
        0.0,
        0.0
      ]
    },
    "1000": {
      "mean": 0.003227,
      "max": 0.088256,
      "top7": [
        0.005766,
        0.0,
        0.042425,
        0.0,
        0.0,
        0.0,
        0.012751
      ]
    },
    "5000": {
      "mean": 0.007571,
      "max": 0.264009,
      "top7": [
        0.020888,
        0.004573,
        0.057436,
        0.0,
        0.016269,
        0.005376,
        0.015434
      ]
    }
  }
}