{
  "game": "vc33",
  "condition": "softmax",
  "draw": 5,
  "seed": 500,
  "use_softmax": true,
  "mean_temperature": 10030.9454,
  "T_trajectory": [
    [
      0,
      100000000.0,
      0.0
    ],
    [
      100,
      11.46,
      0.08725
    ],
    [
      200,
      19.17,
      0.052165
    ],
    [
      300,
      28.16,
      0.035514
    ],
    [
      400,
      37.39,
      0.026742
    ],
    [
      500,
      46.46,
      0.021525
    ],
    [
      600,
      9.91,
      0.100923
    ],
    [
      700,
      61.88,
      0.016161
    ],
    [
      800,
      34.43,
      0.029046
    ],
    [
      900,
      14.34,
      0.069748
    ],
    [
      1000,
      40.41,
      0.024744
    ],
    [
      1100,
      41.87,
      0.023883
    ],
    [
      1200,
      45.16,
      0.022141
    ],
    [
      1300,
      48.59,
      0.020579
    ],
    [
      1400,
      43.72,
      0.022873
    ],
    [
      1500,
      46.34,
      0.021581
    ],
    [
      1600,
      49.15,
      0.020345
    ],
    [
      1700,
      52.75,
      0.018959
    ],
    [
      1800,
      8.36,
      0.119605
    ],
    [
      1900,
      43.47,
      0.023006
    ],
    [
      2000,
      45.48,
      0.021986
    ],
    [
      2100,
      8.25,
      0.121146
    ],
    [
      2200,
      44.1,
      0.022675
    ],
    [
      2300,
      45.65,
      0.021904
    ],
    [
      2400,
      9.46,
      0.105751
    ],
    [
      2500,
      8.26,
      0.121102
    ],
    [
      2600,
      43.57,
      0.022951
    ],
    [
      2700,
      45.02,
      0.022212
    ],
    [
      2800,
      45.1,
      0.022175
    ],
    [
      2900,
      8.44,
      0.118465
    ],
    [
      3000,
      7.59,
      0.13183
    ],
    [
      3100,
      7.63,
      0.131055
    ],
    [
      3200,
      7.66,
      0.130613
    ],
    [
      3300,
      33.68,
      0.029687
    ],
    [
      3400,
      34.24,
      0.029207
    ],
    [
      3500,
      35.17,
      0.028434
    ],
    [
      3600,
      7.7,
      0.129789
    ],
    [
      3700,
      33.31,
      0.030019
    ],
    [
      3800,
      33.82,
      0.029567
    ],
    [
      3900,
      32.22,
      0.031032
    ],
    [
      4000,
      32.71,
      0.030575
    ],
    [
      4100,
      33.47,
      0.029878
    ],
    [
      4200,
      33.06,
      0.030252
    ],
    [
      4300,
      7.75,
      0.128969
    ],
    [
      4400,
      60.05,
      0.016654
    ],
    [
      4500,
      31.81,
      0.031439
    ],
    [
      4600,
      32.47,
      0.030802
    ],
    [
      4700,
      8.81,
      0.113544
    ],
    [
      4800,
      7.78,
      0.12847
    ],
    [
      4900,
      30.74,
      0.032528
    ],
    [
      5000,
      14.78,
      0.06764
    ],
    [
      5100,
      31.34,
      0.031908
    ],
    [
      5200,
      31.91,
      0.031342
    ],
    [
      5300,
      32.47,
      0.030797
    ],
    [
      5400,
      33.0,
      0.030307
    ],
    [
      5500,
      18.57,
      0.053863
    ],
    [
      5600,
      32.89,
      0.030408
    ],
    [
      5700,
      32.51,
      0.030758
    ],
    [
      5800,
      32.69,
      0.030595
    ],
    [
      5900,
      33.2,
      0.030117
    ],
    [
      6000,
      12.38,
      0.080785
    ],
    [
      6100,
      8.43,
      0.118639
    ],
    [
      6200,
      32.73,
      0.03055
    ],
    [
      6300,
      32.86,
      0.030431
    ],
    [
      6400,
      8.45,
      0.118368
    ],
    [
      6500,
      32.45,
      0.030818
    ],
    [
      6600,
      8.92,
      0.112152
    ],
    [
      6700,
      31.53,
      0.031713
    ],
    [
      6800,
      31.97,
      0.031284
    ],
    [
      6900,
      8.53,
      0.117179
    ],
    [
      7000,
      31.31,
      0.031943
    ],
    [
      7100,
      7.75,
      0.128959
    ],
    [
      7200,
      30.93,
      0.032327
    ],
    [
      7300,
      30.74,
      0.032533
    ],
    [
      7400,
      31.04,
      0.032214
    ],
    [
      7500,
      31.15,
      0.032098
    ],
    [
      7600,
      31.29,
      0.031964
    ],
    [
      7700,
      31.39,
      0.031859
    ],
    [
      7800,
      31.76,
      0.031491
    ],
    [
      7900,
      6.65,
      0.150461
    ],
    [
      8000,
      31.0,
      0.03226
    ],
    [
      8100,
      31.35,
      0.0319
    ],
    [
      8200,
      31.3,
      0.031948
    ],
    [
      8300,
      30.44,
      0.032848
    ],
    [
      8400,
      30.45,
      0.032836
    ],
    [
      8500,
      30.78,
      0.032493
    ],
    [
      8600,
      30.9,
      0.032363
    ],
    [
      8700,
      31.06,
      0.032196
    ],
    [
      8800,
      30.86,
      0.0324
    ],
    [
      8900,
      31.17,
      0.032078
    ],
    [
      9000,
      8.6,
      0.116288
    ],
    [
      9100,
      31.26,
      0.031992
    ],
    [
      9200,
      31.65,
      0.031591
    ],
    [
      9300,
      31.96,
      0.031289
    ],
    [
      9400,
      8.45,
      0.118306
    ],
    [
      9500,
      31.55,
      0.031698
    ],
    [
      9600,
      31.89,
      0.031361
    ],
    [
      9700,
      32.44,
      0.03083
    ],
    [
      9800,
      31.84,
      0.031412
    ],
    [
      9900,
      31.37,
      0.031879
    ]
  ],
  "steps_taken": 10000,
  "elapsed_seconds": 6.17,
  "max_level": 0,
  "L1_solved": false,
  "L2_solved": false,
  "l1_step": null,
  "l2_step": null,
  "level_first_step": {},
  "arc_score": 0.0,
  "arc_per_level": {},
  "solver_level_steps": {
    "1": 3,
    "2": 10,
    "3": 33,
    "4": 56,
    "5": 105,
    "6": 127,
    "7": 176
  },
  "repr_log_enc_n": 100,
  "repr_log_enc_levels": 1,
  "I3_rho": 0.9643,
  "I3_rho_pass": true,
  "I3_cv": 4.53219,
  "I3_counts_at_200": [
    0.0,
    0.0,
    0.0,
    0.0,
    0.0,
    0.0,
    0.0
  ],
  "I1_enc_within": null,
  "I1_enc_between": null,
  "I1_enc_p_value": 1.0,
  "I1_enc_pass": false,
  "I1_act_within": null,
  "I1_act_between": null,
  "I1_act_p_value": 1.0,
  "I1_act_pass": false,
  "I4_entropy_100": 4.6052,
  "I4_entropy_5000": 7.8323,
  "I4_reduction_pct": -70.08,
  "I4_pass": false,
  "I5_level_actions": null,
  "I5_pass": null,
  "R3_jacobian_diff": 0.0295,
  "R3_n_obs_used": 100,
  "R3_pass": false,
  "SAL_rho": 0.5714,
  "SAL_pass": true,
  "SAL_n_actions_visited": 5,
  "pe_snapshots": {
    "100": {
      "mean": 0.000428,
      "max": 0.049967,
      "top7": [
        0.0,
        0.0,
        0.0,
        0.0,
        0.0,
        0.0,
        0.0
      ]
    },
    "1000": {
      "mean": 0.002405,
      "max": 0.128204,
      "top7": [
        0.0,
        0.0,
        0.0,
        0.0,
        0.0,
        0.0,
        0.0
      ]
    },
    "5000": {
      "mean": 0.007217,
      "max": 0.178656,
      "top7": [
        0.005923,
        0.0,
        0.020525,
        0.0,
        0.003403,
        0.0,
        0.0
      ]
    }
  }
}