{
  "game": "vc33",
  "condition": "softmax",
  "draw": 2,
  "seed": 200,
  "use_softmax": true,
  "mean_temperature": 10068.0727,
  "T_trajectory": [
    [
      0,
      100000000.0,
      0.0
    ],
    [
      100,
      16.21,
      0.061707
    ],
    [
      200,
      102.53,
      0.009753
    ],
    [
      300,
      13.15,
      0.07602
    ],
    [
      400,
      83.13,
      0.01203
    ],
    [
      500,
      10.63,
      0.09408
    ],
    [
      600,
      13.51,
      0.074041
    ],
    [
      700,
      71.76,
      0.013936
    ],
    [
      800,
      74.67,
      0.013393
    ],
    [
      900,
      79.17,
      0.012631
    ],
    [
      1000,
      79.86,
      0.012522
    ],
    [
      1100,
      69.63,
      0.014361
    ],
    [
      1200,
      11.14,
      0.089768
    ],
    [
      1300,
      67.07,
      0.014911
    ],
    [
      1400,
      69.13,
      0.014466
    ],
    [
      1500,
      13.8,
      0.072459
    ],
    [
      1600,
      70.97,
      0.014091
    ],
    [
      1700,
      73.09,
      0.013682
    ],
    [
      1800,
      75.04,
      0.013326
    ],
    [
      1900,
      12.9,
      0.077511
    ],
    [
      2000,
      11.13,
      0.089826
    ],
    [
      2100,
      64.09,
      0.015602
    ],
    [
      2200,
      65.69,
      0.015224
    ],
    [
      2300,
      67.19,
      0.014884
    ],
    [
      2400,
      68.61,
      0.014575
    ],
    [
      2500,
      11.2,
      0.089293
    ],
    [
      2600,
      63.14,
      0.015838
    ],
    [
      2700,
      19.83,
      0.050434
    ],
    [
      2800,
      61.0,
      0.016393
    ],
    [
      2900,
      62.19,
      0.016079
    ],
    [
      3000,
      11.28,
      0.088649
    ],
    [
      3100,
      13.18,
      0.0759
    ],
    [
      3200,
      59.76,
      0.016735
    ],
    [
      3300,
      60.97,
      0.016401
    ],
    [
      3400,
      59.39,
      0.016837
    ],
    [
      3500,
      11.38,
      0.08788
    ],
    [
      3600,
      53.42,
      0.018718
    ],
    [
      3700,
      52.81,
      0.018935
    ],
    [
      3800,
      53.74,
      0.018608
    ],
    [
      3900,
      54.65,
      0.018299
    ],
    [
      4000,
      55.46,
      0.01803
    ],
    [
      4100,
      55.27,
      0.018094
    ],
    [
      4200,
      57.48,
      0.017396
    ],
    [
      4300,
      58.38,
      0.017128
    ],
    [
      4400,
      60.73,
      0.016466
    ],
    [
      4500,
      61.63,
      0.016225
    ],
    [
      4600,
      62.52,
      0.015995
    ],
    [
      4700,
      11.24,
      0.088977
    ],
    [
      4800,
      61.41,
      0.016285
    ],
    [
      4900,
      62.23,
      0.01607
    ],
    [
      5000,
      63.04,
      0.015863
    ],
    [
      5100,
      62.49,
      0.016003
    ],
    [
      5200,
      13.24,
      0.075526
    ],
    [
      5300,
      62.38,
      0.01603
    ],
    [
      5400,
      62.95,
      0.015887
    ],
    [
      5500,
      11.16,
      0.089613
    ],
    [
      5600,
      64.89,
      0.01541
    ],
    [
      5700,
      65.33,
      0.015306
    ],
    [
      5800,
      13.24,
      0.075506
    ],
    [
      5900,
      62.5,
      0.016
    ],
    [
      6000,
      11.28,
      0.088632
    ],
    [
      6100,
      13.36,
      0.074857
    ],
    [
      6200,
      62.14,
      0.016093
    ],
    [
      6300,
      62.86,
      0.015909
    ],
    [
      6400,
      63.57,
      0.015731
    ],
    [
      6500,
      64.27,
      0.015559
    ],
    [
      6600,
      63.43,
      0.015766
    ],
    [
      6700,
      65.95,
      0.015164
    ],
    [
      6800,
      66.48,
      0.015042
    ],
    [
      6900,
      66.53,
      0.01503
    ],
    [
      7000,
      67.22,
      0.014877
    ],
    [
      7100,
      66.96,
      0.014933
    ],
    [
      7200,
      67.35,
      0.014848
    ],
    [
      7300,
      68.02,
      0.014701
    ],
    [
      7400,
      67.18,
      0.014886
    ],
    [
      7500,
      69.3,
      0.014431
    ],
    [
      7600,
      69.98,
      0.01429
    ],
    [
      7700,
      70.65,
      0.014154
    ],
    [
      7800,
      71.14,
      0.014058
    ],
    [
      7900,
      70.07,
      0.014271
    ],
    [
      8000,
      70.46,
      0.014193
    ],
    [
      8100,
      71.09,
      0.014067
    ],
    [
      8200,
      71.73,
      0.013942
    ],
    [
      8300,
      72.36,
      0.01382
    ],
    [
      8400,
      11.03,
      0.090623
    ],
    [
      8500,
      71.08,
      0.01407
    ],
    [
      8600,
      11.02,
      0.090759
    ],
    [
      8700,
      71.21,
      0.014042
    ],
    [
      8800,
      71.81,
      0.013926
    ],
    [
      8900,
      72.39,
      0.013813
    ],
    [
      9000,
      72.98,
      0.013703
    ],
    [
      9100,
      72.07,
      0.013875
    ],
    [
      9200,
      72.46,
      0.013801
    ],
    [
      9300,
      9.68,
      0.103356
    ],
    [
      9400,
      73.98,
      0.013518
    ],
    [
      9500,
      74.56,
      0.013412
    ],
    [
      9600,
      73.97,
      0.013519
    ],
    [
      9700,
      73.01,
      0.013697
    ],
    [
      9800,
      71.63,
      0.013961
    ],
    [
      9900,
      72.72,
      0.013752
    ]
  ],
  "steps_taken": 10000,
  "elapsed_seconds": 6.24,
  "max_level": 0,
  "L1_solved": false,
  "L2_solved": false,
  "l1_step": null,
  "l2_step": null,
  "level_first_step": {},
  "arc_score": 0.0,
  "arc_per_level": {},
  "solver_level_steps": {
    "1": 3,
    "2": 10,
    "3": 33,
    "4": 56,
    "5": 105,
    "6": 127,
    "7": 176
  },
  "repr_log_enc_n": 100,
  "repr_log_enc_levels": 1,
  "I3_rho": 0.4643,
  "I3_rho_pass": false,
  "I3_cv": 4.577232,
  "I3_counts_at_200": [
    0.0,
    1.0,
    0.0,
    0.0,
    0.0,
    0.0,
    0.0
  ],
  "I1_enc_within": null,
  "I1_enc_between": null,
  "I1_enc_p_value": 1.0,
  "I1_enc_pass": false,
  "I1_act_within": null,
  "I1_act_between": null,
  "I1_act_p_value": 1.0,
  "I1_act_pass": false,
  "I4_entropy_100": 4.5774,
  "I4_entropy_5000": 7.8484,
  "I4_reduction_pct": -71.46,
  "I4_pass": false,
  "I5_level_actions": null,
  "I5_pass": null,
  "R3_jacobian_diff": 0.0292,
  "R3_n_obs_used": 100,
  "R3_pass": false,
  "SAL_rho": 0.6786,
  "SAL_pass": true,
  "SAL_n_actions_visited": 7,
  "pe_snapshots": {
    "100": {
      "mean": 0.000145,
      "max": 0.051447,
      "top7": [
        0.0,
        0.0,
        0.0,
        0.0,
        0.0,
        0.0,
        0.0
      ]
    },
    "1000": {
      "mean": 0.001944,
      "max": 0.095374,
      "top7": [
        0.0,
        0.00334,
        0.0,
        0.0,
        0.0,
        0.0,
        0.0
      ]
    },
    "5000": {
      "mean": 0.006731,
      "max": 0.184411,
      "top7": [
        0.00458,
        0.036724,
        0.019984,
        0.003498,
        0.0,
        0.0,
        0.0
      ]
    }
  }
}