{
  "game": "vc33",
  "condition": "softmax",
  "draw": 3,
  "seed": 300,
  "use_softmax": true,
  "mean_temperature": 10083.689,
  "T_trajectory": [
    [
      0,
      100000000.0,
      0.0
    ],
    [
      100,
      104.6,
      0.00956
    ],
    [
      200,
      104.61,
      0.00956
    ],
    [
      300,
      104.6,
      0.00956
    ],
    [
      400,
      12.81,
      0.078056
    ],
    [
      500,
      98.11,
      0.010193
    ],
    [
      600,
      98.62,
      0.01014
    ],
    [
      700,
      98.46,
      0.010156
    ],
    [
      800,
      99.4,
      0.010061
    ],
    [
      900,
      100.0,
      0.01
    ],
    [
      1000,
      97.7,
      0.010236
    ],
    [
      1100,
      97.94,
      0.01021
    ],
    [
      1200,
      93.83,
      0.010657
    ],
    [
      1300,
      10.04,
      0.099598
    ],
    [
      1400,
      88.43,
      0.011309
    ],
    [
      1500,
      10.36,
      0.096527
    ],
    [
      1600,
      10.66,
      0.093819
    ],
    [
      1700,
      13.73,
      0.072825
    ],
    [
      1800,
      77.3,
      0.012936
    ],
    [
      1900,
      79.05,
      0.01265
    ],
    [
      2000,
      10.63,
      0.094098
    ],
    [
      2100,
      77.08,
      0.012974
    ],
    [
      2200,
      78.61,
      0.012721
    ],
    [
      2300,
      13.3,
      0.075204
    ],
    [
      2400,
      80.73,
      0.012387
    ],
    [
      2500,
      81.93,
      0.012206
    ],
    [
      2600,
      10.49,
      0.095287
    ],
    [
      2700,
      13.71,
      0.072934
    ],
    [
      2800,
      77.14,
      0.012963
    ],
    [
      2900,
      78.22,
      0.012785
    ],
    [
      3000,
      78.76,
      0.012697
    ],
    [
      3100,
      10.46,
      0.095559
    ],
    [
      3200,
      77.0,
      0.012986
    ],
    [
      3300,
      75.38,
      0.013266
    ],
    [
      3400,
      10.63,
      0.094113
    ],
    [
      3500,
      73.86,
      0.013539
    ],
    [
      3600,
      74.77,
      0.013375
    ],
    [
      3700,
      75.62,
      0.013223
    ],
    [
      3800,
      76.43,
      0.013083
    ],
    [
      3900,
      77.2,
      0.012953
    ],
    [
      4000,
      22.46,
      0.044514
    ],
    [
      4100,
      78.0,
      0.012821
    ],
    [
      4200,
      78.67,
      0.012711
    ],
    [
      4300,
      10.39,
      0.096278
    ],
    [
      4400,
      78.99,
      0.012659
    ],
    [
      4500,
      13.68,
      0.073116
    ],
    [
      4600,
      79.92,
      0.012512
    ],
    [
      4700,
      78.58,
      0.012726
    ],
    [
      4800,
      79.17,
      0.012632
    ],
    [
      4900,
      13.8,
      0.072489
    ],
    [
      5000,
      80.53,
      0.012417
    ],
    [
      5100,
      8.1,
      0.123384
    ],
    [
      5200,
      76.9,
      0.013004
    ],
    [
      5300,
      77.53,
      0.012898
    ],
    [
      5400,
      78.15,
      0.012796
    ],
    [
      5500,
      78.29,
      0.012773
    ],
    [
      5600,
      79.62,
      0.01256
    ],
    [
      5700,
      14.07,
      0.071052
    ],
    [
      5800,
      80.27,
      0.012457
    ],
    [
      5900,
      78.81,
      0.012689
    ],
    [
      6000,
      79.42,
      0.012592
    ],
    [
      6100,
      80.04,
      0.012495
    ],
    [
      6200,
      80.64,
      0.012402
    ],
    [
      6300,
      81.22,
      0.012312
    ],
    [
      6400,
      81.79,
      0.012227
    ],
    [
      6500,
      80.74,
      0.012386
    ],
    [
      6600,
      10.45,
      0.095733
    ],
    [
      6700,
      79.56,
      0.01257
    ],
    [
      6800,
      81.84,
      0.012219
    ],
    [
      6900,
      14.13,
      0.070796
    ],
    [
      7000,
      80.44,
      0.012431
    ],
    [
      7100,
      83.1,
      0.012034
    ],
    [
      7200,
      83.75,
      0.01194
    ],
    [
      7300,
      84.4,
      0.011848
    ],
    [
      7400,
      84.1,
      0.011891
    ],
    [
      7500,
      84.28,
      0.011866
    ],
    [
      7600,
      84.9,
      0.011779
    ],
    [
      7700,
      14.12,
      0.070844
    ],
    [
      7800,
      84.0,
      0.011904
    ],
    [
      7900,
      84.56,
      0.011826
    ],
    [
      8000,
      85.04,
      0.011759
    ],
    [
      8100,
      85.0,
      0.011765
    ],
    [
      8200,
      85.53,
      0.011692
    ],
    [
      8300,
      86.09,
      0.011616
    ],
    [
      8400,
      86.64,
      0.011542
    ],
    [
      8500,
      87.19,
      0.01147
    ],
    [
      8600,
      87.24,
      0.011462
    ],
    [
      8700,
      90.75,
      0.011019
    ],
    [
      8800,
      91.33,
      0.01095
    ],
    [
      8900,
      91.42,
      0.010938
    ],
    [
      9000,
      94.85,
      0.010543
    ],
    [
      9100,
      95.46,
      0.010475
    ],
    [
      9200,
      96.07,
      0.010409
    ],
    [
      9300,
      95.92,
      0.010425
    ],
    [
      9400,
      96.4,
      0.010373
    ],
    [
      9500,
      96.98,
      0.010311
    ],
    [
      9600,
      10.46,
      0.095561
    ],
    [
      9700,
      10.51,
      0.095139
    ],
    [
      9800,
      94.05,
      0.010633
    ],
    [
      9900,
      94.48,
      0.010584
    ]
  ],
  "steps_taken": 10000,
  "elapsed_seconds": 6.3,
  "max_level": 0,
  "L1_solved": false,
  "L2_solved": false,
  "l1_step": null,
  "l2_step": null,
  "level_first_step": {},
  "arc_score": 0.0,
  "arc_per_level": {},
  "solver_level_steps": {
    "1": 3,
    "2": 10,
    "3": 33,
    "4": 56,
    "5": 105,
    "6": 127,
    "7": 176
  },
  "repr_log_enc_n": 100,
  "repr_log_enc_levels": 1,
  "I3_rho": 0.9643,
  "I3_rho_pass": true,
  "I3_cv": 4.53219,
  "I3_counts_at_200": [
    0.0,
    0.0,
    0.0,
    0.0,
    0.0,
    0.0,
    0.0
  ],
  "I1_enc_within": null,
  "I1_enc_between": null,
  "I1_enc_p_value": 1.0,
  "I1_enc_pass": false,
  "I1_act_within": null,
  "I1_act_between": null,
  "I1_act_p_value": 1.0,
  "I1_act_pass": false,
  "I4_entropy_100": 4.5636,
  "I4_entropy_5000": 7.8537,
  "I4_reduction_pct": -72.09,
  "I4_pass": false,
  "I5_level_actions": null,
  "I5_pass": null,
  "R3_jacobian_diff": 0.0349,
  "R3_n_obs_used": 100,
  "R3_pass": false,
  "SAL_rho": -0.25,
  "SAL_pass": false,
  "SAL_n_actions_visited": 7,
  "pe_snapshots": {
    "100": {
      "mean": 9.3e-05,
      "max": 0.008838,
      "top7": [
        0.0,
        0.0,
        0.0,
        0.0,
        0.0,
        0.0,
        0.0
      ]
    },
    "1000": {
      "mean": 0.001244,
      "max": 0.051842,
      "top7": [
        0.005353,
        0.0,
        0.0,
        0.009205,
        0.0,
        0.0,
        0.0
      ]
    },
    "5000": {
      "mean": 0.006585,
      "max": 0.139809,
      "top7": [
        0.013539,
        0.003599,
        0.002686,
        0.009205,
        0.0,
        0.0,
        0.0
      ]
    }
  }
}