{
  "game": "vc33",
  "condition": "softmax",
  "draw": 1,
  "seed": 100,
  "use_softmax": true,
  "mean_temperature": 10074.1582,
  "T_trajectory": [
    [
      0,
      100000000.0,
      0.0
    ],
    [
      100,
      61.75,
      0.016194
    ],
    [
      200,
      63.54,
      0.015738
    ],
    [
      300,
      60.48,
      0.016534
    ],
    [
      400,
      53.35,
      0.018746
    ],
    [
      500,
      56.5,
      0.017698
    ],
    [
      600,
      54.0,
      0.01852
    ],
    [
      700,
      55.08,
      0.018157
    ],
    [
      800,
      13.4,
      0.074648
    ],
    [
      900,
      54.94,
      0.018202
    ],
    [
      1000,
      56.07,
      0.017834
    ],
    [
      1100,
      56.98,
      0.017549
    ],
    [
      1200,
      54.94,
      0.018202
    ],
    [
      1300,
      55.68,
      0.017959
    ],
    [
      1400,
      56.77,
      0.017614
    ],
    [
      1500,
      57.72,
      0.017325
    ],
    [
      1600,
      58.28,
      0.017159
    ],
    [
      1700,
      12.66,
      0.079007
    ],
    [
      1800,
      59.23,
      0.016884
    ],
    [
      1900,
      50.11,
      0.019955
    ],
    [
      2000,
      13.32,
      0.075064
    ],
    [
      2100,
      50.56,
      0.019779
    ],
    [
      2200,
      49.63,
      0.020149
    ],
    [
      2300,
      50.07,
      0.019973
    ],
    [
      2400,
      49.67,
      0.020132
    ],
    [
      2500,
      50.41,
      0.019836
    ],
    [
      2600,
      49.36,
      0.02026
    ],
    [
      2700,
      53.26,
      0.018778
    ],
    [
      2800,
      53.25,
      0.018781
    ],
    [
      2900,
      13.28,
      0.075318
    ],
    [
      3000,
      13.39,
      0.074657
    ],
    [
      3100,
      51.7,
      0.019343
    ],
    [
      3200,
      52.07,
      0.019204
    ],
    [
      3300,
      13.5,
      0.074077
    ],
    [
      3400,
      54.43,
      0.018374
    ],
    [
      3500,
      58.62,
      0.017058
    ],
    [
      3600,
      59.4,
      0.016834
    ],
    [
      3700,
      60.03,
      0.016658
    ],
    [
      3800,
      60.85,
      0.016434
    ],
    [
      3900,
      13.39,
      0.074667
    ],
    [
      4000,
      13.65,
      0.073269
    ],
    [
      4100,
      57.52,
      0.017387
    ],
    [
      4200,
      61.85,
      0.016168
    ],
    [
      4300,
      61.94,
      0.016145
    ],
    [
      4400,
      62.16,
      0.016087
    ],
    [
      4500,
      62.92,
      0.015892
    ],
    [
      4600,
      63.67,
      0.015707
    ],
    [
      4700,
      71.25,
      0.014036
    ],
    [
      4800,
      71.93,
      0.013902
    ],
    [
      4900,
      75.8,
      0.013192
    ],
    [
      5000,
      76.75,
      0.013029
    ],
    [
      5100,
      12.45,
      0.080308
    ],
    [
      5200,
      76.63,
      0.01305
    ],
    [
      5300,
      77.52,
      0.0129
    ],
    [
      5400,
      76.65,
      0.013047
    ],
    [
      5500,
      77.42,
      0.012917
    ],
    [
      5600,
      78.67,
      0.012711
    ],
    [
      5700,
      79.82,
      0.012528
    ],
    [
      5800,
      79.8,
      0.012531
    ],
    [
      5900,
      80.6,
      0.012406
    ],
    [
      6000,
      84.23,
      0.011872
    ],
    [
      6100,
      85.08,
      0.011754
    ],
    [
      6200,
      85.91,
      0.01164
    ],
    [
      6300,
      12.56,
      0.079635
    ],
    [
      6400,
      88.61,
      0.011286
    ],
    [
      6500,
      91.81,
      0.010892
    ],
    [
      6600,
      92.66,
      0.010792
    ],
    [
      6700,
      92.96,
      0.010757
    ],
    [
      6800,
      13.18,
      0.075896
    ],
    [
      6900,
      91.67,
      0.010908
    ],
    [
      7000,
      92.54,
      0.010806
    ],
    [
      7100,
      89.34,
      0.011193
    ],
    [
      7200,
      87.74,
      0.011397
    ],
    [
      7300,
      89.19,
      0.011211
    ],
    [
      7400,
      86.54,
      0.011556
    ],
    [
      7500,
      12.31,
      0.081226
    ],
    [
      7600,
      86.92,
      0.011505
    ],
    [
      7700,
      12.49,
      0.080057
    ],
    [
      7800,
      86.67,
      0.011538
    ],
    [
      7900,
      85.02,
      0.011762
    ],
    [
      8000,
      86.58,
      0.01155
    ],
    [
      8100,
      85.12,
      0.011748
    ],
    [
      8200,
      13.32,
      0.075102
    ],
    [
      8300,
      83.74,
      0.011942
    ],
    [
      8400,
      84.46,
      0.01184
    ],
    [
      8500,
      13.36,
      0.074875
    ],
    [
      8600,
      84.87,
      0.011783
    ],
    [
      8700,
      12.4,
      0.080637
    ],
    [
      8800,
      84.41,
      0.011846
    ],
    [
      8900,
      84.7,
      0.011806
    ],
    [
      9000,
      12.71,
      0.078686
    ],
    [
      9100,
      84.95,
      0.011772
    ],
    [
      9200,
      85.18,
      0.01174
    ],
    [
      9300,
      12.53,
      0.079823
    ],
    [
      9400,
      83.75,
      0.01194
    ],
    [
      9500,
      84.8,
      0.011792
    ],
    [
      9600,
      12.48,
      0.080134
    ],
    [
      9700,
      12.53,
      0.079793
    ],
    [
      9800,
      87.07,
      0.011485
    ],
    [
      9900,
      86.88,
      0.01151
    ]
  ],
  "steps_taken": 10000,
  "elapsed_seconds": 6.18,
  "max_level": 0,
  "L1_solved": false,
  "L2_solved": false,
  "l1_step": null,
  "l2_step": null,
  "level_first_step": {},
  "arc_score": 0.0,
  "arc_per_level": {},
  "solver_level_steps": {
    "1": 3,
    "2": 10,
    "3": 33,
    "4": 56,
    "5": 105,
    "6": 127,
    "7": 176
  },
  "repr_log_enc_n": 100,
  "repr_log_enc_levels": 1,
  "I3_rho": 1.0,
  "I3_rho_pass": true,
  "I3_cv": 4.486697,
  "I3_counts_at_200": [
    0.0,
    0.0,
    0.0,
    0.0,
    0.0,
    1.0,
    0.0
  ],
  "I1_enc_within": null,
  "I1_enc_between": null,
  "I1_enc_p_value": 1.0,
  "I1_enc_pass": false,
  "I1_act_within": null,
  "I1_act_between": null,
  "I1_act_p_value": 1.0,
  "I1_act_pass": false,
  "I4_entropy_100": 4.5774,
  "I4_entropy_5000": 7.8421,
  "I4_reduction_pct": -71.32,
  "I4_pass": false,
  "I5_level_actions": null,
  "I5_pass": null,
  "R3_jacobian_diff": 0.0469,
  "R3_n_obs_used": 100,
  "R3_pass": false,
  "SAL_rho": 0.2143,
  "SAL_pass": true,
  "SAL_n_actions_visited": 7,
  "pe_snapshots": {
    "100": {
      "mean": 9.2e-05,
      "max": 0.009471,
      "top7": [
        0.0,
        0.0,
        0.0,
        0.0,
        0.0,
        0.0,
        0.0
      ]
    },
    "1000": {
      "mean": 0.001637,
      "max": 0.058779,
      "top7": [
        0.0,
        0.005479,
        0.0,
        0.005646,
        0.0,
        0.002766,
        0.0
      ]
    },
    "5000": {
      "mean": 0.006829,
      "max": 0.171546,
      "top7": [
        0.007774,
        0.005479,
        0.010511,
        0.008304,
        0.002903,
        0.002766,
        0.0
      ]
    }
  }
}