{
  "step": 1388,
  "n_draws": 50,
  "draw_seeds": [
    14230,
    14231,
    14232,
    14233,
    14234,
    14235,
    14236,
    14237,
    14238,
    14239,
    14240,
    14241,
    14242,
    14243,
    14244,
    14245,
    14246,
    14247,
    14248,
    14249,
    14250,
    14251,
    14252,
    14253,
    14254,
    14255,
    14256,
    14257,
    14258,
    14259,
    14260,
    14261,
    14262,
    14263,
    14264,
    14265,
    14266,
    14267,
    14268,
    14269,
    14270,
    14271,
    14272,
    14273,
    14274,
    14275,
    14276,
    14277,
    14278,
    14279
  ],
  "max_steps_used": 2000,
  "ms_per_step": 0.02,
  "mlp_tp_baseline": 4.59e-05,
  "conditions": {
    "INTERVENTION": {
      "chain_mean": 0.0011355,
      "nz": 12,
      "rhae_list": [
        0.0,
        0.0,
        0.0,
        0.0,
        0.0,
        0.0,
        0.0,
        0.0,
        0.0,
        0.0,
        0.0,
        0.0,
        0.0,
        0.001387,
        0.009576,
        0.0,
        0.000237,
        0.000103,
        0.000132,
        0.0,
        0.0,
        0.002477,
        0.0,
        0.0,
        0.0,
        0.0,
        0.0,
        0.0,
        0.0,
        0.000447,
        0.032552,
        0.0,
        0.009576,
        0.0,
        0.0,
        0.0,
        0.0,
        0.0,
        0.0,
        0.0,
        0.000259,
        0.0,
        0.0,
        0.0,
        1.2e-05,
        0.0,
        1.8e-05,
        0.0,
        0.0,
        0.0
      ]
    },
    "RANDOM": {
      "chain_mean": 0.0002222,
      "nz": 15,
      "rhae_list": [
        0.0,
        0.0,
        0.0,
        0.0,
        0.0,
        0.0,
        2.3e-05,
        0.0,
        0.0,
        0.0,
        0.0,
        0.0,
        2e-05,
        0.0,
        0.000114,
        0.0,
        0.0,
        0.000224,
        1.7e-05,
        0.0,
        0.0,
        0.0,
        0.0,
        0.0,
        0.0,
        0.0,
        0.0,
        0.0,
        0.0,
        0.000434,
        0.009909,
        0.0,
        0.0,
        0.0,
        3.6e-05,
        0.0,
        9.9e-05,
        0.0,
        5e-05,
        0.0,
        0.0,
        0.0,
        8.5e-05,
        1.5e-05,
        2.2e-05,
        0.0,
        0.0,
        1.1e-05,
        4.9e-05,
        0.0
      ]
    }
  },
  "paired_wins": 10,
  "paired_losses": 11,
  "paired_ties": 29,
  "p_value": 0.668188,
  "verdict": "INTERVENTION_WORSE"
}