{
  "step": 1392,
  "n_draws": 30,
  "draw_seeds": [
    14410,
    14411,
    14412,
    14413,
    14414,
    14415,
    14416,
    14417,
    14418,
    14419,
    14420,
    14421,
    14422,
    14423,
    14424,
    14425,
    14426,
    14427,
    14428,
    14429,
    14430,
    14431,
    14432,
    14433,
    14434,
    14435,
    14436,
    14437,
    14438,
    14439
  ],
  "diag_pattern_diff": 46875000.0,
  "conditions": {
    "SPIKE": {
      "chain_mean": 4.19e-05,
      "nz": 6
    },
    "RANDOM": {
      "chain_mean": 0.0003311,
      "nz": 10
    }
  },
  "paired_wins": 3,
  "paired_losses": 7,
  "paired_ties": 20,
  "p_value": 0.945312,
  "verdict": "KILL"
}