{
  "step": 1372,
  "n_draws": 30,
  "draw_seeds": [
    13700,
    13701,
    13702,
    13703,
    13704,
    13705,
    13706,
    13707,
    13708,
    13709,
    13710,
    13711,
    13712,
    13713,
    13714,
    13715,
    13716,
    13717,
    13718,
    13719,
    13720,
    13721,
    13722,
    13723,
    13724,
    13725,
    13726,
    13727,
    13728,
    13729
  ],
  "max_steps_used": 2000,
  "ms_per_step_k1": 0.27,
  "mlp_tp_baseline": 4.59e-05,
  "k_rollout": 1,
  "n_candidates": 8,
  "conditions": {
    "K1-ARGMAX": {
      "chain_mean_rhae": 3e-06,
      "nonzero_draws": 4,
      "rhae_per_draw": [
        0.0,
        0.0,
        0.0,
        0.0,
        0.0,
        0.0,
        0.0,
        0.0,
        0.0,
        0.0,
        3.5e-05,
        0.0,
        0.0,
        0.0,
        0.0,
        0.0,
        0.0,
        0.0,
        8e-06,
        2.7e-05,
        0.0,
        0.0,
        0.0,
        0.0,
        0.0,
        2.1e-05,
        0.0,
        0.0,
        0.0,
        0.0
      ]
    },
    "SSM-DISCONNECTED": {
      "chain_mean_rhae": 2.8e-05,
      "nonzero_draws": 6,
      "rhae_per_draw": [
        0.0,
        0.0,
        0.0,
        0.0,
        0.0,
        0.0,
        0.000285,
        0.0,
        0.000133,
        0.0,
        0.0,
        0.0,
        1.6e-05,
        0.0,
        0.0,
        1e-05,
        0.0,
        0.0,
        0.0,
        4e-05,
        0.0,
        0.0,
        0.0,
        0.0,
        0.0,
        0.000356,
        0.0,
        0.0,
        0.0,
        0.0
      ]
    }
  },
  "paired_k1_wins": 2,
  "paired_disc_wins": 6,
  "paired_ties": 22,
  "verdict": "WORSE_THAN_DISC"
}