{
  "step": 1382,
  "n_draws": 30,
  "n_diag": 10,
  "draw_seeds": [
    14050,
    14051,
    14052,
    14053,
    14054,
    14055,
    14056,
    14057,
    14058,
    14059,
    14060,
    14061,
    14062,
    14063,
    14064,
    14065,
    14066,
    14067,
    14068,
    14069,
    14070,
    14071,
    14072,
    14073,
    14074,
    14075,
    14076,
    14077,
    14078,
    14079
  ],
  "max_steps_used": 2000,
  "ms_per_step": 0.14,
  "mlp_tp_baseline": 4.59e-05,
  "action_blind_ratio": NaN,
  "conditions": {
    "INJECT": {
      "chain_mean": 4.72e-05,
      "nz": 4,
      "rhae_list": [
        0.0,
        0.0,
        0.0,
        0.0,
        0.0,
        0.0,
        2.3e-05,
        0.0,
        0.0,
        0.0,
        0.0,
        0.0,
        0.0,
        0.0,
        0.0,
        0.0,
        0.0,
        0.0,
        0.0,
        0.000985,
        0.0,
        0.0,
        0.0,
        0.0,
        0.0,
        0.0,
        0.0,
        0.00037,
        3.7e-05,
        0.0
      ],
      "pred_mean": NaN
    },
    "STANDARD": {
      "chain_mean": 4.3e-06,
      "nz": 5,
      "rhae_list": [
        0.0,
        0.0,
        0.0,
        0.0,
        0.0,
        0.0,
        0.0,
        0.0,
        1.6e-05,
        0.0,
        0.0,
        0.0,
        0.0,
        0.0,
        0.0,
        0.0,
        0.0,
        0.0,
        0.0,
        1.5e-05,
        0.0,
        0.0,
        0.0,
        0.0,
        1.3e-05,
        0.0,
        3.6e-05,
        0.0,
        5e-05,
        0.0
      ],
      "pred_mean": 0.800329
    }
  },
  "paired_wins": 3,
  "paired_losses": 4,
  "paired_ties": 23,
  "p_value": 0.773438,
  "verdict": "KILL"
}