{
  "step": 1378,
  "n_draws": 30,
  "draw_seeds": [
    13930,
    13931,
    13932,
    13933,
    13934,
    13935,
    13936,
    13937,
    13938,
    13939,
    13940,
    13941,
    13942,
    13943,
    13944,
    13945,
    13946,
    13947,
    13948,
    13949,
    13950,
    13951,
    13952,
    13953,
    13954,
    13955,
    13956,
    13957,
    13958,
    13959
  ],
  "max_steps_used": 2000,
  "ms_per_step": 0.1,
  "mlp_tp_baseline": 4.59e-05,
  "temperature": 3.0,
  "h_dim": 64,
  "conditions": {
    "FROZEN_T3": {
      "chain_mean_rhae": 2.91e-05,
      "nonzero_draws": 8,
      "rhae_per_draw": [
        0.0,
        0.0,
        0.0,
        2.9e-05,
        3.6e-05,
        0.0,
        0.0,
        0.0,
        0.0,
        0.0,
        0.0,
        0.0,
        2e-05,
        0.0,
        0.0,
        2.1e-05,
        2.4e-05,
        0.0,
        0.0,
        0.0,
        0.0,
        0.0,
        0.0,
        0.00018,
        0.0,
        0.0,
        1.1e-05,
        0.0,
        0.0,
        0.000551
      ]
    },
    "DISCONNECTED": {
      "chain_mean_rhae": 0.0012247,
      "nonzero_draws": 9,
      "rhae_per_draw": [
        0.0,
        8.5e-05,
        0.000444,
        0.0,
        0.001052,
        0.0,
        0.0,
        0.0,
        0.0,
        0.0,
        0.0,
        0.0,
        0.0,
        0.0,
        0.0,
        3.7e-05,
        0.0,
        0.0,
        1.4e-05,
        0.0,
        0.0,
        0.0,
        0.0,
        8.9e-05,
        0.0,
        0.0,
        9.7e-05,
        0.0,
        0.000238,
        0.034686
      ]
    }
  },
  "frozen_entropy_diagnostic": {
    "mean_h_early_norm": 0.7247,
    "mean_h_late_norm": 0.7223,
    "draws_near_max_early": 0,
    "total_draws": 30
  },
  "paired_frozen_vs_disc": {
    "frozen_wins": 4,
    "disc_wins": 8,
    "ties": 18,
    "p_value": 0.927002,
    "verdict": "NOT_SIGNIFICANT"
  }
}