{
  "step": 1349,
  "n_draws": 10,
  "draw_seeds": [
    13490,
    13491,
    13492,
    13493,
    13494,
    13495,
    13496,
    13497,
    13498,
    13499
  ],
  "rhae_per_draw": [
    0.0,
    0.0,
    0.000243,
    0.0,
    9e-06,
    0.000207,
    0.0,
    0.0,
    0.0,
    0.0
  ],
  "chain_mean_rhae": 4.59e-05,
  "chain_std_rhae": 8.995048638000798e-05,
  "nonzero_draws": 3,
  "nonzero_games": 3,
  "total_games": 30,
  "all_eff_sq": [
    0.0,
    0.0,
    0.0,
    0.0,
    0.0,
    0.0,
    0.0,
    0.00073,
    0.0,
    0.0,
    0.0,
    0.0,
    0.0,
    2.6e-05,
    0.0,
    0.0,
    0.000622,
    0.0,
    0.0,
    0.0,
    0.0,
    0.0,
    0.0,
    0.0,
    0.0,
    0.0,
    0.0,
    0.0,
    0.0,
    0.0
  ]
}