{
  "step": 1379,
  "n_draws": 30,
  "draw_seeds": [
    13960,
    13961,
    13962,
    13963,
    13964,
    13965,
    13966,
    13967,
    13968,
    13969,
    13970,
    13971,
    13972,
    13973,
    13974,
    13975,
    13976,
    13977,
    13978,
    13979,
    13980,
    13981,
    13982,
    13983,
    13984,
    13985,
    13986,
    13987,
    13988,
    13989
  ],
  "max_steps_used": 2000,
  "ms_per_step": 0.12,
  "mlp_tp_baseline": 4.59e-05,
  "conditions": {
    "FULL": {
      "chain_mean_rhae": 9e-07,
      "nonzero_draws": 1,
      "pred_loss_mean": 0.796971,
      "rhae_per_draw": [
        0.0,
        0.0,
        0.0,
        0.0,
        0.0,
        0.0,
        0.0,
        0.0,
        0.0,
        0.0,
        0.0,
        2.8e-05,
        0.0,
        0.0,
        0.0,
        0.0,
        0.0,
        0.0,
        0.0,
        0.0,
        0.0,
        0.0,
        0.0,
        0.0,
        0.0,
        0.0,
        0.0,
        0.0,
        0.0,
        0.0
      ],
      "pred_loss_per_draw": [
        0.693456,
        0.998671,
        0.74792,
        0.769174,
        0.692673,
        0.817315,
        0.731219,
        0.790091,
        0.730125,
        0.700846,
        0.733495,
        0.790608,
        1.030852,
        1.011257,
        1.011524,
        0.712597,
        0.780734,
        0.780468,
        0.688062,
        0.705543,
        0.705527,
        1.005106,
        0.702918,
        0.998647,
        0.727689,
        0.736109,
        0.692303,
        0.723838,
        0.704648,
        0.995712
      ]
    },
    "MASKED": {
      "chain_mean_rhae": 9e-07,
      "nonzero_draws": 1,
      "pred_loss_mean": 0.796955,
      "rhae_per_draw": [
        0.0,
        0.0,
        0.0,
        0.0,
        0.0,
        0.0,
        0.0,
        0.0,
        0.0,
        0.0,
        0.0,
        2.8e-05,
        0.0,
        0.0,
        0.0,
        0.0,
        0.0,
        0.0,
        0.0,
        0.0,
        0.0,
        0.0,
        0.0,
        0.0,
        0.0,
        0.0,
        0.0,
        0.0,
        0.0,
        0.0
      ],
      "pred_loss_per_draw": [
        0.692994,
        0.998671,
        0.74792,
        0.769174,
        0.692673,
        0.817315,
        0.731219,
        0.790091,
        0.730125,
        0.700846,
        0.733495,
        0.790608,
        1.030852,
        1.011257,
        1.011524,
        0.712597,
        0.780734,
        0.780468,
        0.688062,
        0.705543,
        0.705527,
        1.005106,
        0.702918,
        0.998647,
        0.727689,
        0.736109,
        0.692303,
        0.723838,
        0.704648,
        0.995712
      ]
    }
  },
  "action_blind_diagnostic": {
    "full_pred_loss": 0.796971,
    "masked_pred_loss": 0.796955,
    "ratio": 1.00002,
    "pct_diff": 2e-05,
    "verdict": "ACTION_BLIND"
  },
  "rhae_paired": {
    "full_wins": 0,
    "masked_wins": 0,
    "ties": 30,
    "p_value": 1.0
  }
}