{
  "step": 1387,
  "n_draws": 30,
  "draw_seeds": [
    14200,
    14201,
    14202,
    14203,
    14204,
    14205,
    14206,
    14207,
    14208,
    14209,
    14210,
    14211,
    14212,
    14213,
    14214,
    14215,
    14216,
    14217,
    14218,
    14219,
    14220,
    14221,
    14222,
    14223,
    14224,
    14225,
    14226,
    14227,
    14228,
    14229
  ],
  "max_steps_used": 2000,
  "ms_per_step": 0.02,
  "mlp_tp_baseline": 4.59e-05,
  "conditions": {
    "INTERVENTION": {
      "chain_mean": 0.0040438,
      "nz": 6,
      "rhae_list": [
        0.0,
        0.0,
        0.0,
        0.001701,
        3e-05,
        0.0,
        0.0,
        0.0,
        0.001101,
        0.11534,
        0.0,
        0.0,
        0.0,
        0.0,
        0.0,
        0.002911,
        0.0,
        0.0,
        0.0,
        0.0,
        0.0,
        0.0,
        0.0,
        0.0,
        0.0,
        0.0,
        0.0,
        0.0,
        0.0,
        0.00023
      ]
    },
    "RANDOM": {
      "chain_mean": 1.85e-05,
      "nz": 3,
      "rhae_list": [
        0.0,
        0.0,
        0.0,
        0.0,
        0.0,
        0.0,
        0.0,
        0.0,
        0.000205,
        0.0,
        0.0,
        0.0,
        0.0,
        0.0,
        0.0,
        0.0,
        0.0,
        5.4e-05,
        0.0,
        0.0,
        0.0,
        0.0,
        0.0,
        0.000295,
        0.0,
        0.0,
        0.0,
        0.0,
        0.0,
        0.0
      ]
    }
  },
  "paired_wins": 6,
  "paired_losses": 2,
  "paired_ties": 22,
  "p_value": 0.144531,
  "verdict": "KILL"
}