{
  "results": {
    "config": {
      "dim": 64,
      "hidden_dim": 256,
      "fsq_levels": [
        8,
        6,
        5,
        5,
        5
      ],
      "num_steps": 200,
      "bits": 8
    },
    "fp32": {
      "losses": [
        1.0126663446426392,
        1.0382121801376343,
        1.0127842426300049,
        0.9880003333091736,
        1.1293232440948486,
        1.0244596004486084,
        1.0360283851623535,
        1.0461344718933105,
        1.1275155544281006,
        1.0407891273498535,
        1.0600342750549316,
        1.0300002098083496,
        1.062530517578125,
        0.9823974967002869,
        1.1035654544830322,
        0.9752093553543091,
        0.9395190477371216,
        0.9968814849853516,
        1.136884331703186,
        1.0593326091766357,
        0.9741853475570679,
        1.0368839502334595,
        0.9948503375053406,
        1.0156272649765015,
        1.0034964084625244,
        1.009223222732544,
        0.9598280191421509,
        1.042650818824768,
        0.9959478378295898,
        1.0196439027786255,
        0.9271939992904663,
        0.9447612762451172,
        1.0678070783615112,
        0.9365254044532776,
        0.9735314249992371,
        0.9142521619796753,
        1.0140719413757324,
        0.9726434946060181,
        1.0803120136260986,
        0.982009768486023,
        0.958522617816925,
        1.0144037008285522,
        1.0022965669631958,
        1.1044220924377441,
        1.0706759691238403,
        1.1052770614624023,
        1.04427969455719,
        1.1274926662445068,
        1.0683298110961914,
        1.0721355676651,
        0.9317526817321777,
        0.9286636114120483,
        1.0513572692871094,
        1.033905029296875,
        1.0318135023117065,
        0.9445413947105408,
        1.037296175956726,
        1.0483553409576416,
        0.9883755445480347,
        0.9501477479934692,
        1.0141187906265259,
        0.8864489793777466,
        1.0585706233978271,
        0.9239904284477234,
        0.9499391913414001,
        1.0530706644058228,
        0.9369145035743713,
        0.9111136794090271,
        0.9360623359680176,
        0.8963799476623535,
        1.0297741889953613,
        0.8977506756782532,
        1.0291125774383545,
        0.9460656046867371,
        0.9923712611198425,
        1.0131807327270508,
        1.0249930620193481,
        0.974827229976654,
        0.9506446123123169,
        0.9942073225975037,
        0.9844616651535034,
        1.005329966545105,
        0.9454711675643921,
        1.0385359525680542,
        1.0184402465820312,
        0.9867652058601379,
        0.903132438659668,
        0.8433952331542969,
        0.9220592975616455,
        0.9845622181892395,
        1.0940793752670288,
        0.9083568453788757,
        0.8915809988975525,
        1.0116403102874756,
        0.9022727608680725,
        0.9589635133743286,
        1.001075029373169,
        0.9746280908584595,
        1.013594150543213,
        0.9993551969528198,
        0.939208984375,
        0.9847376346588135,
        0.9593213200569153,
        0.8897370100021362,
        0.9846199750900269,
        0.8749924302101135,
        1.0476012229919434,
        0.9266146421432495,
        0.9440745115280151,
        0.9550740718841553,
        1.036299467086792,
        1.0467549562454224,
        0.9003503322601318,
        1.0530755519866943,
        0.936042070388794,
        0.8545420169830322,
        1.0951237678527832,
        0.8847811222076416,
        0.949331521987915,
        1.0538605451583862,
        1.017566442489624,
        0.94850754737854,
        0.9169579744338989,
        0.9716423153877258,
        0.9654126167297363,
        0.9525771141052246,
        0.9281851649284363,
        1.0393433570861816,
        0.8993284702301025,
        0.9430364966392517,
        0.99362713098526,
        0.9922668933868408,
        1.0088045597076416,
        0.9928224086761475,
        0.8405414819717407,
        0.9526616334915161,
        0.8392600417137146,
        0.9816125631332397,
        1.0336240530014038,
        0.9560713768005371,
        0.9136286973953247,
        0.9699445962905884,
        0.9242091178894043,
        0.9760477542877197,
        0.9496837258338928,
        0.9724492430686951,
        1.010459303855896,
        0.9894425868988037,
        0.9618813395500183,
        0.9726736545562744,
        1.0589653253555298,
        0.9863436222076416,
        0.9646713733673096,
        0.9707208871841431,
        0.8982556462287903,
        0.9025871753692627,
        1.032027244567871,
        0.970959484577179,
        0.9245045185089111,
        0.9711402058601379,
        0.9897459745407104,
        0.9433106184005737,
        0.9396172761917114,
        0.8915413618087769,
        1.0110442638397217,
        0.9679766893386841,
        0.9337286949157715,
        0.9591183662414551,
        1.0346920490264893,
        0.9755897521972656,
        0.9673898220062256,
        0.9647166728973389,
        1.0243340730667114,
        0.8157026171684265,
        1.015649437904358,
        0.984709620475769,
        0.9349980354309082,
        0.9545561671257019,
        1.0444462299346924,
        1.0661572217941284,
        0.9286743402481079,
        1.0021275281906128,
        1.0890979766845703,
        0.9586032032966614,
        0.9499411582946777,
        0.864361047744751,
        0.9044774770736694,
        0.9429710507392883,
        1.0074059963226318,
        0.8845694065093994,
        0.9481692314147949,
        0.9169689416885376,
        0.9345008134841919,
        1.1103019714355469,
        0.8705848455429077,
        0.85759437084198,
        0.8980807065963745,
        0.9136829376220703,
        0.9820466041564941,
        0.9332073330879211
      ],
      "codebook_utilization": 0.14966666666666667
    },