{
  "step": 1367,
  "n_draws": 10,
  "draw_seeds": [
    13670,
    13671,
    13672,
    13673,
    13674,
    13675,
    13676,
    13677,
    13678,
    13679
  ],
  "max_steps_used": 337,
  "ms_per_step": 7.16,
  "mlp_tp_baseline": 4.59e-05,
  "conditions": {
    "ROLLOUT-ARGMIN": {
      "chain_mean_rhae": 0.0,
      "nonzero_draws": 0,
      "rhae_per_draw": [
        0.0,
        0.0,
        0.0,
        0.0,
        0.0,
        0.0,
        0.0,
        0.0,
        0.0,
        0.0
      ]
    },
    "ROLLOUT-ARGMAX": {
      "chain_mean_rhae": 9.7e-05,
      "nonzero_draws": 2,
      "rhae_per_draw": [
        0.0,
        0.0,
        0.0,
        0.000386,
        0.0,
        0.000584,
        0.0,
        0.0,
        0.0,
        0.0
      ]
    }
  }
}