{
  "step": 1374,
  "n_draws": 30,
  "draw_seeds": [
    13740,
    13741,
    13742,
    13743,
    13744,
    13745,
    13746,
    13747,
    13748,
    13749,
    13750,
    13751,
    13752,
    13753,
    13754,
    13755,
    13756,
    13757,
    13758,
    13759,
    13760,
    13761,
    13762,
    13763,
    13764,
    13765,
    13766,
    13767,
    13768,
    13769
  ],
  "max_steps_used": 2000,
  "ms_per_step": 0.09,
  "mlp_tp_baseline": 4.59e-05,
  "conditions": {
    "PERSIST": {
      "chain_mean_rhae": 2.74e-05,
      "nonzero_draws": 5,
      "rhae_per_draw": [
        0.0,
        0.0,
        0.0,
        0.000272,
        0.0,
        0.0,
        0.0,
        0.0,
        0.0,
        0.0,
        0.0,
        0.0,
        0.0,
        0.0,
        0.0,
        1.3e-05,
        0.0,
        0.0,
        0.000316,
        0.0,
        0.0,
        0.0,
        0.0,
        0.0,
        0.0,
        0.000143,
        0.0,
        7.9e-05,
        0.0,
        0.0
      ]
    },
    "RESET": {
      "chain_mean_rhae": 5.38e-05,
      "nonzero_draws": 6,
      "rhae_per_draw": [
        0.0,
        0.0,
        0.0,
        0.0,
        0.0,
        0.0,
        0.0,
        0.0,
        0.0,
        0.0,
        0.0,
        0.0,
        0.000974,
        0.0,
        0.0,
        0.0,
        0.0,
        0.000194,
        4.1e-05,
        0.0,
        0.0,
        0.000332,
        0.0,
        1e-05,
        0.0,
        0.0,
        0.0,
        6.2e-05,
        0.0,
        0.0
      ]
    }
  },
  "paired_persist_wins": 5,
  "paired_reset_wins": 4,
  "paired_ties": 21,
  "sign_test_p": 0.5,
  "verdict": "NOT_SIGNIFICANT"
}